GAP	nasdaq	ResolutionEdge	-	2010-11-25	2010-11-25
GAP	nasdaq	WithheldDate	-	2010-11-26	2010-11-26
GAP	nasdaq	ResolutionEdge	-	2010-11-27	2010-11-28
GAP	nasdaq	ResolutionEdge	-	2011-11-24	2011-11-24
GAP	nasdaq	WithheldDate	-	2011-11-25	2011-11-25
GAP	nasdaq	ResolutionEdge	-	2011-11-26	2011-11-27
GAP	nasdaq	ResolutionEdge	-	2012-10-27	2012-10-29
GAP	nasdaq	WithheldDate	-	2012-10-30	2012-10-30
GAP	nasdaq	ResolutionEdge	-	2012-10-31	2012-10-31
GAP	nasdaq	ResolutionEdge	-	2025-01-08	2025-01-08
GAP	nasdaq	WithheldDate	-	2025-01-09	2025-01-09
GAP	nasdaq	ResolutionEdge	-	2025-01-10	2025-01-12
GAP	nasdaq	ResolutionEdge	-	2026-12-31	2026-12-31
GAP	nasdaq	NoHolidayCoverage	-	2027-01-01	open
GAP	nasdaq_bx	NoHolidayTable	-	2010-01-01	open
GAP	nasdaq_psx	NoHolidayTable	-	2010-01-01	open
GAP	cboe_bzx	NoHolidayTable	-	2010-01-01	open
GAP	cboe_byx	NoHolidayTable	-	2010-01-01	open
GAP	cboe_edga	NoHolidayTable	-	2010-01-01	open
GAP	cboe_edgx	NoHolidayTable	-	2010-01-01	open
GAP	nyse	ResolutionEdge	-	2028-12-30	2028-12-31
GAP	nyse	NoHolidayCoverage	-	2029-01-01	open
GAP	nyse_arca	NoHolidayTable	-	2010-01-01	open
GAP	nyse_american	NormalWeekCarried	-	2010-01-01	2017-07-23
GAP	nyse_american	NoHolidayTable	-	2017-07-24	open
GAP	nyse_national	NormalWeekCarried	-	2010-01-01	2010-08-01
GAP	nyse_national	NoHolidayTable	-	2010-08-02	open
GAP	nyse_texas	NoHolidayTable	-	2010-01-01	open
GAP	memx_eq	NoHolidayTable	-	2010-01-01	open
GAP	miax_pearl_eq	NoHolidayTable	-	2010-01-01	open
GAP	iex	NoHolidayTable	-	2010-01-01	open
GAP	ltse	NoHolidayTable	-	2010-01-01	open
GAP	24x	NoHolidayTable	-	2010-01-01	open
GAP	txse	NoHolidayTable	-	2010-01-01	open
GAP	blue_ocean_ats	NoHolidayTable	-	2010-01-01	open
GAP	finra_trf_carteret	NormalWeekCarried	-	2010-01-01	2026-03-29
GAP	finra_trf_carteret	NoHolidayTable	-	2026-03-30	open
GAP	finra_trf_chicago	NoHolidayTable	-	2010-01-01	open
GAP	finra_trf_nyse	NormalWeekCarried	-	2010-01-01	2026-03-29
GAP	finra_trf_nyse	NoHolidayTable	-	2026-03-30	open
GAP	cboe_options_c1	NoHolidayTable	-	2010-01-01	open
GAP	cboe_c2_options	NoHolidayTable	-	2010-01-01	open
GAP	cboe_bzx_options	NoHolidayTable	-	2010-01-01	open
GAP	cboe_edgx_options	NoHolidayTable	-	2010-01-01	open
GAP	nyse_arca_options	NoHolidayTable	-	2010-01-01	open
GAP	nyse_american_options	NoHolidayTable	-	2010-01-01	open
GAP	nasdaq_phlx	NoHolidayTable	-	2010-01-01	open
GAP	nasdaq_ise	NoHolidayTable	-	2010-01-01	open
GAP	nasdaq_nom	NoHolidayTable	-	2010-01-01	open
GAP	nasdaq_mrx	NoHolidayTable	-	2010-01-01	open
GAP	nasdaq_gemx	NoHolidayTable	-	2010-01-01	open
GAP	nasdaq_bx_options	NoHolidayTable	-	2010-01-01	open
GAP	miax_options	NoHolidayTable	-	2010-01-01	open
GAP	miax_emerald_options	NoHolidayTable	-	2010-01-01	open
GAP	miax_pearl_options	NoHolidayTable	-	2010-01-01	open
GAP	miax_sapphire_options	NoHolidayTable	-	2010-01-01	open
GAP	box_options	NoHolidayTable	-	2010-01-01	open
GAP	memx_options	NoHolidayTable	-	2010-01-01	open
GAP	cme	ResolutionEdge	-	2010-01-16	2010-01-17
GAP	cme	WithheldDate	-	2010-01-18	2010-01-18
GAP	cme	ResolutionEdge	-	2010-01-19	2010-01-19
GAP	cme	ResolutionEdge	-	2010-02-13	2010-02-14
GAP	cme	WithheldDate	-	2010-02-15	2010-02-15
GAP	cme	ResolutionEdge	-	2010-02-16	2010-02-16
GAP	cme	ResolutionEdge	-	2010-04-01	2010-04-01
GAP	cme	WithheldDate	-	2010-04-02	2010-04-02
GAP	cme	ResolutionEdge	-	2010-04-03	2010-04-03
GAP	cme	ResolutionEdge	-	2010-05-29	2010-05-30
GAP	cme	WithheldDate	-	2010-05-31	2010-05-31
GAP	cme	ResolutionEdge	-	2010-06-01	2010-06-01
GAP	cme	ResolutionEdge	-	2010-07-03	2010-07-04
GAP	cme	WithheldDate	-	2010-07-05	2010-07-05
GAP	cme	ResolutionEdge	-	2010-07-06	2010-07-06
GAP	cme	ResolutionEdge	-	2010-09-04	2010-09-05
GAP	cme	WithheldDate	-	2010-09-06	2010-09-06
GAP	cme	ResolutionEdge	-	2010-09-07	2010-09-07
GAP	cme	ResolutionEdge	-	2010-11-24	2010-11-24
GAP	cme	WithheldDate	-	2010-11-25	2010-11-25
GAP	cme	WithheldDate	-	2010-11-26	2010-11-26
GAP	cme	ResolutionEdge	-	2010-11-27	2010-11-27
GAP	cme	ResolutionEdge	-	2011-01-15	2011-01-16
GAP	cme	WithheldDate	-	2011-01-17	2011-01-17
GAP	cme	ResolutionEdge	-	2011-01-18	2011-01-18
GAP	cme	ResolutionEdge	-	2011-02-19	2011-02-20
GAP	cme	WithheldDate	-	2011-02-21	2011-02-21
GAP	cme	ResolutionEdge	-	2011-02-22	2011-02-22
GAP	cme	ResolutionEdge	-	2011-05-28	2011-05-29
GAP	cme	WithheldDate	-	2011-05-30	2011-05-30
GAP	cme	ResolutionEdge	-	2011-05-31	2011-05-31
GAP	cme	ResolutionEdge	-	2011-07-02	2011-07-03
GAP	cme	WithheldDate	-	2011-07-04	2011-07-04
GAP	cme	ResolutionEdge	-	2011-07-05	2011-07-05
GAP	cme	ResolutionEdge	-	2011-09-03	2011-09-04
GAP	cme	WithheldDate	-	2011-09-05	2011-09-05
GAP	cme	ResolutionEdge	-	2011-09-06	2011-09-06
GAP	cme	ResolutionEdge	-	2011-11-23	2011-11-23
GAP	cme	WithheldDate	-	2011-11-24	2011-11-24
GAP	cme	WithheldDate	-	2011-11-25	2011-11-25
GAP	cme	ResolutionEdge	-	2011-11-26	2011-11-26
GAP	cme	ResolutionEdge	-	2011-12-26	2011-12-26
GAP	cme	WithheldDate	-	2011-12-27	2011-12-27
GAP	cme	ResolutionEdge	-	2011-12-28	2011-12-28
GAP	cme	ResolutionEdge	-	2012-01-02	2012-01-02
GAP	cme	WithheldDate	-	2012-01-03	2012-01-03
GAP	cme	ResolutionEdge	-	2012-01-04	2012-01-04
GAP	cme	ResolutionEdge	-	2012-01-14	2012-01-15
GAP	cme	WithheldDate	-	2012-01-16	2012-01-16
GAP	cme	ResolutionEdge	-	2012-01-17	2012-01-17
GAP	cme	ResolutionEdge	-	2012-02-18	2012-02-19
GAP	cme	WithheldDate	-	2012-02-20	2012-02-20
GAP	cme	ResolutionEdge	-	2012-02-21	2012-02-21
GAP	cme	ResolutionEdge	-	2012-04-05	2012-04-05
GAP	cme	WithheldDate	-	2012-04-06	2012-04-06
GAP	cme	ResolutionEdge	-	2012-04-07	2012-04-07
GAP	cme	ResolutionEdge	-	2012-05-26	2012-05-26
GAP	cme	ResolutionEdge	-	2012-05-27	2012-05-27
GAP	cme	WithheldDate	-	2012-05-28	2012-05-28
GAP	cme	ResolutionEdge	-	2012-05-29	2012-05-29
GAP	cme	NormalWeekPhaseWithheld	#79	2012-06-03	2012-06-03
GAP	cme	NormalWeekPhaseWithheld	#79	2012-06-10	2012-06-10
GAP	cme	NormalWeekPhaseWithheld	#79	2012-06-17	2012-06-17
GAP	cme	NormalWeekPhaseWithheld	#79	2012-06-24	2012-06-24
GAP	cme	NormalWeekPhaseWithheld	#79	2012-07-01	2012-07-01
GAP	cme	ResolutionEdge	-	2012-07-02	2012-07-02
GAP	cme	WithheldDate	-	2012-07-03	2012-07-03
GAP	cme	WithheldDate	-	2012-07-04	2012-07-04
GAP	cme	ResolutionEdge	-	2012-07-05	2012-07-05
GAP	cme	NormalWeekPhaseWithheld	#79	2012-07-08	2012-07-08
GAP	cme	NormalWeekPhaseWithheld	#79	2012-07-15	2012-07-15
GAP	cme	NormalWeekPhaseWithheld	#79	2012-07-22	2012-07-22
GAP	cme	NormalWeekPhaseWithheld	#79	2012-07-29	2012-07-29
GAP	cme	NormalWeekPhaseWithheld	#79	2012-08-05	2012-08-05
GAP	cme	NormalWeekPhaseWithheld	#79	2012-08-12	2012-08-12
GAP	cme	NormalWeekPhaseWithheld	#79	2012-08-19	2012-08-19
GAP	cme	NormalWeekPhaseWithheld	#79	2012-08-26	2012-08-26
GAP	cme	ResolutionEdge	-	2012-09-01	2012-09-01
GAP	cme	NormalWeekPhaseWithheld	#79	2012-09-02	2012-09-02
GAP	cme	WithheldDate	-	2012-09-03	2012-09-03
GAP	cme	ResolutionEdge	-	2012-09-04	2012-09-04
GAP	cme	NormalWeekPhaseWithheld	#79	2012-09-09	2012-09-09
GAP	cme	NormalWeekPhaseWithheld	#79	2012-09-16	2012-09-16
GAP	cme	NormalWeekPhaseWithheld	#79	2012-09-23	2012-09-23
GAP	cme	NormalWeekPhaseWithheld	#79	2012-09-30	2012-09-30
GAP	cme	NormalWeekPhaseWithheld	#79	2012-10-07	2012-10-07
GAP	cme	NormalWeekPhaseWithheld	#79	2012-10-14	2012-10-14
GAP	cme	NormalWeekPhaseWithheld	#79	2012-10-21	2012-10-21
GAP	cme	NormalWeekPhaseWithheld	#79	2012-10-28	2012-10-28
GAP	cme	NormalWeekPhaseWithheld	#79	2012-11-04	2012-11-04
GAP	cme	NormalWeekPhaseWithheld	#79	2012-11-11	2012-11-11
GAP	cme	NormalWeekPhaseWithheld	#79	2012-11-18	2012-11-18
GAP	cme	ResolutionEdge	-	2012-11-21	2012-11-21
GAP	cme	WithheldDate	-	2012-11-22	2012-11-22
GAP	cme	WithheldDate	-	2012-11-23	2012-11-23
GAP	cme	ResolutionEdge	-	2012-11-24	2012-11-24
GAP	cme	NormalWeekPhaseWithheld	#79	2012-11-25	2012-11-25
GAP	cme	NormalWeekPhaseWithheld	#79	2012-12-02	2012-12-02
GAP	cme	NormalWeekPhaseWithheld	#79	2012-12-09	2012-12-09
GAP	cme	NormalWeekPhaseWithheld	#79	2012-12-16	2012-12-16
GAP	cme	ResolutionEdge	-	2012-12-22	2012-12-22
GAP	cme	NormalWeekPhaseWithheld	#79	2012-12-23	2012-12-23
GAP	cme	WithheldDate	-	2012-12-24	2012-12-24
GAP	cme	ResolutionEdge	-	2012-12-25	2012-12-25
GAP	cme	WithheldDate	-	2012-12-26	2012-12-26
GAP	cme	ResolutionEdge	-	2012-12-27	2012-12-27
GAP	cme	NormalWeekPhaseWithheld	#79	2012-12-30	2012-12-30
GAP	cme	ResolutionEdge	-	2013-01-01	2013-01-01
GAP	cme	WithheldDate	-	2013-01-02	2013-01-02
GAP	cme	ResolutionEdge	-	2013-01-03	2013-01-03
GAP	cme	NormalWeekPhaseWithheld	#79	2013-01-06	2013-01-06
GAP	cme	NormalWeekPhaseWithheld	#79	2013-01-13	2013-01-13
GAP	cme	ResolutionEdge	-	2013-01-19	2013-01-19
GAP	cme	NormalWeekPhaseWithheld	#79	2013-01-20	2013-01-20
GAP	cme	WithheldDate	-	2013-01-21	2013-01-21
GAP	cme	ResolutionEdge	-	2013-01-22	2013-01-22
GAP	cme	NormalWeekPhaseWithheld	#79	2013-01-27	2013-01-27
GAP	cme	NormalWeekPhaseWithheld	#79	2013-02-03	2013-02-03
GAP	cme	NormalWeekPhaseWithheld	#79	2013-02-10	2013-02-10
GAP	cme	ResolutionEdge	-	2013-02-16	2013-02-16
GAP	cme	NormalWeekPhaseWithheld	#79	2013-02-17	2013-02-17
GAP	cme	WithheldDate	-	2013-02-18	2013-02-18
GAP	cme	ResolutionEdge	-	2013-02-19	2013-02-19
GAP	cme	NormalWeekPhaseWithheld	#79	2013-02-24	2013-02-24
GAP	cme	NormalWeekPhaseWithheld	#79	2013-03-03	2013-03-03
GAP	cme	NormalWeekPhaseWithheld	#79	2013-03-10	2013-03-10
GAP	cme	NormalWeekPhaseWithheld	#79	2013-03-17	2013-03-17
GAP	cme	NormalWeekPhaseWithheld	#79	2013-03-24	2013-03-24
GAP	cme	NormalWeekPhaseWithheld	#79	2013-03-31	2013-03-31
GAP	cme	NormalWeekPhaseWithheld	#79	2013-04-07	2013-04-07
GAP	cme	NormalWeekPhaseWithheld	#79	2013-04-14	2013-04-14
GAP	cme	NormalWeekPhaseWithheld	#79	2013-04-21	2013-04-21
GAP	cme	NormalWeekPhaseWithheld	#79	2013-04-28	2013-04-28
GAP	cme	NormalWeekPhaseWithheld	#79	2013-05-05	2013-05-05
GAP	cme	NormalWeekPhaseWithheld	#79	2013-05-12	2013-05-12
GAP	cme	NormalWeekPhaseWithheld	#79	2013-05-19	2013-05-19
GAP	cme	ResolutionEdge	-	2013-05-25	2013-05-25
GAP	cme	NormalWeekPhaseWithheld	#79	2013-05-26	2013-05-26
GAP	cme	WithheldDate	-	2013-05-27	2013-05-27
GAP	cme	ResolutionEdge	-	2013-05-28	2013-05-28
GAP	cme	NormalWeekPhaseWithheld	#79	2013-06-02	2013-06-02
GAP	cme	NormalWeekPhaseWithheld	#79	2013-06-09	2013-06-09
GAP	cme	NormalWeekPhaseWithheld	#79	2013-06-16	2013-06-16
GAP	cme	NormalWeekPhaseWithheld	#79	2013-06-23	2013-06-23
GAP	cme	NormalWeekPhaseWithheld	#79	2013-06-30	2013-06-30
GAP	cme	ResolutionEdge	-	2013-07-02	2013-07-02
GAP	cme	WithheldDate	-	2013-07-03	2013-07-03
GAP	cme	WithheldDate	-	2013-07-04	2013-07-04
GAP	cme	ResolutionEdge	-	2013-07-05	2013-07-06
GAP	cme	NormalWeekPhaseWithheld	#79	2013-07-07	2013-07-07
GAP	cme	NormalWeekPhaseWithheld	#79	2013-07-14	2013-07-14
GAP	cme	NormalWeekPhaseWithheld	#79	2013-07-21	2013-07-21
GAP	cme	NormalWeekPhaseWithheld	#79	2013-07-28	2013-07-28
GAP	cme	NormalWeekPhaseWithheld	#79	2013-08-04	2013-08-04
GAP	cme	NormalWeekPhaseWithheld	#79	2013-08-11	2013-08-11
GAP	cme	NormalWeekPhaseWithheld	#79	2013-08-18	2013-08-18
GAP	cme	NormalWeekPhaseWithheld	#79	2013-08-25	2013-08-25
GAP	cme	ResolutionEdge	-	2013-08-31	2013-08-31
GAP	cme	NormalWeekPhaseWithheld	#79	2013-09-01	2013-09-01
GAP	cme	WithheldDate	-	2013-09-02	2013-09-02
GAP	cme	ResolutionEdge	-	2013-09-03	2013-09-03
GAP	cme	NormalWeekPhaseWithheld	#79	2013-09-08	2013-09-08
GAP	cme	NormalWeekPhaseWithheld	#79	2013-09-15	2013-09-15
GAP	cme	NormalWeekPhaseWithheld	#79	2013-09-22	2013-09-22
GAP	cme	NormalWeekPhaseWithheld	#79	2013-09-29	2013-09-29
GAP	cme	NormalWeekPhaseWithheld	#79	2013-10-06	2013-10-06
GAP	cme	NormalWeekPhaseWithheld	#79	2013-10-13	2013-10-13
GAP	cme	NormalWeekPhaseWithheld	#79	2013-10-20	2013-10-20
GAP	cme	NormalWeekPhaseWithheld	#79	2013-10-27	2013-10-27
GAP	cme	NormalWeekPhaseWithheld	#79	2013-11-03	2013-11-03
GAP	cme	NormalWeekPhaseWithheld	#79	2013-11-10	2013-11-10
GAP	cme	NormalWeekPhaseWithheld	#79	2013-11-17	2013-11-17
GAP	cme	NormalWeekPhaseWithheld	#79	2013-11-24	2013-11-24
GAP	cme	ResolutionEdge	-	2013-11-27	2013-11-27
GAP	cme	WithheldDate	-	2013-11-28	2013-11-28
GAP	cme	WithheldDate	-	2013-11-29	2013-11-29
GAP	cme	ResolutionEdge	-	2013-11-30	2013-11-30
GAP	cme	NormalWeekPhaseWithheld	#79	2013-12-01	2013-12-01
GAP	cme	NormalWeekPhaseWithheld	#79	2013-12-08	2013-12-08
GAP	cme	NormalWeekPhaseWithheld	#79	2013-12-15	2013-12-15
GAP	cme	NormalWeekPhaseWithheld	#79	2013-12-22	2013-12-22
GAP	cme	ResolutionEdge	-	2013-12-23	2013-12-23
GAP	cme	WithheldDate	-	2013-12-24	2013-12-24
GAP	cme	ResolutionEdge	-	2013-12-25	2013-12-25
GAP	cme	WithheldDate	-	2013-12-26	2013-12-26
GAP	cme	ResolutionEdge	-	2013-12-27	2013-12-28
GAP	cme	NormalWeekPhaseWithheld	#79	2013-12-29	2013-12-29
GAP	cme	ResolutionEdge	-	2014-01-01	2014-01-01
GAP	cme	WithheldDate	-	2014-01-02	2014-01-02
GAP	cme	ResolutionEdge	-	2014-01-03	2014-01-04
GAP	cme	NormalWeekPhaseWithheld	#79	2014-01-05	2014-01-05
GAP	cme	NormalWeekPhaseWithheld	#79	2014-01-12	2014-01-12
GAP	cme	ResolutionEdge	-	2014-01-18	2014-01-18
GAP	cme	NormalWeekPhaseWithheld	#79	2014-01-19	2014-01-19
GAP	cme	WithheldDate	-	2014-01-20	2014-01-20
GAP	cme	ResolutionEdge	-	2014-01-21	2014-01-21
GAP	cme	NormalWeekPhaseWithheld	#79	2014-01-26	2014-01-26
GAP	cme	NormalWeekPhaseWithheld	#79	2014-02-02	2014-02-02
GAP	cme	NormalWeekPhaseWithheld	#79	2014-02-09	2014-02-09
GAP	cme	ResolutionEdge	-	2014-02-15	2014-02-15
GAP	cme	NormalWeekPhaseWithheld	#79	2014-02-16	2014-02-16
GAP	cme	WithheldDate	-	2014-02-17	2014-02-17
GAP	cme	ResolutionEdge	-	2014-02-18	2014-02-18
GAP	cme	NormalWeekPhaseWithheld	#79	2014-02-23	2014-02-23
GAP	cme	NormalWeekPhaseWithheld	#79	2014-03-02	2014-03-02
GAP	cme	NormalWeekPhaseWithheld	#79	2014-03-09	2014-03-09
GAP	cme	NormalWeekPhaseWithheld	#79	2014-03-16	2014-03-16
GAP	cme	NormalWeekPhaseWithheld	#79	2014-03-23	2014-03-23
GAP	cme	NormalWeekPhaseWithheld	#79	2014-03-30	2014-03-30
GAP	cme	NormalWeekPhaseWithheld	#79	2014-04-06	2014-04-06
GAP	cme	NormalWeekPhaseWithheld	#79	2014-04-13	2014-04-13
GAP	cme	NormalWeekPhaseWithheld	#79	2014-04-20	2014-04-20
GAP	cme	NormalWeekPhaseWithheld	#79	2014-04-27	2014-04-27
GAP	cme	NormalWeekPhaseWithheld	#79	2014-05-04	2014-05-04
GAP	cme	NormalWeekPhaseWithheld	#79	2014-05-11	2014-05-11
GAP	cme	NormalWeekPhaseWithheld	#79	2014-05-18	2014-05-18
GAP	cme	ResolutionEdge	-	2014-05-24	2014-05-24
GAP	cme	NormalWeekPhaseWithheld	#79	2014-05-25	2014-05-25
GAP	cme	WithheldDate	-	2014-05-26	2014-05-26
GAP	cme	ResolutionEdge	-	2014-05-27	2014-05-27
GAP	cme	NormalWeekPhaseWithheld	#79	2014-06-01	2014-06-01
GAP	cme	NormalWeekPhaseWithheld	#79	2014-06-08	2014-06-08
GAP	cme	NormalWeekPhaseWithheld	#79	2014-06-15	2014-06-15
GAP	cme	NormalWeekPhaseWithheld	#79	2014-06-22	2014-06-22
GAP	cme	NormalWeekPhaseWithheld	#79	2014-06-29	2014-06-29
GAP	cme	ResolutionEdge	-	2014-07-02	2014-07-02
GAP	cme	WithheldDate	-	2014-07-03	2014-07-03
GAP	cme	WithheldDate	-	2014-07-04	2014-07-04
GAP	cme	ResolutionEdge	-	2014-07-05	2014-07-05
GAP	cme	NormalWeekPhaseWithheld	#79	2014-07-06	2014-07-06
GAP	cme	NormalWeekPhaseWithheld	#79	2014-07-13	2014-07-13
GAP	cme	NormalWeekPhaseWithheld	#79	2014-07-20	2014-07-20
GAP	cme	NormalWeekPhaseWithheld	#79	2014-07-27	2014-07-27
GAP	cme	NormalWeekPhaseWithheld	#79	2014-08-03	2014-08-03
GAP	cme	NormalWeekPhaseWithheld	#79	2014-08-10	2014-08-10
GAP	cme	NormalWeekPhaseWithheld	#79	2014-08-17	2014-08-17
GAP	cme	NormalWeekPhaseWithheld	#79	2014-08-24	2014-08-24
GAP	cme	ResolutionEdge	-	2014-08-30	2014-08-30
GAP	cme	NormalWeekPhaseWithheld	#79	2014-08-31	2014-08-31
GAP	cme	WithheldDate	-	2014-09-01	2014-09-01
GAP	cme	ResolutionEdge	-	2014-09-02	2014-09-02
GAP	cme	NormalWeekPhaseWithheld	#79	2014-09-07	2014-09-07
GAP	cme	NormalWeekPhaseWithheld	#79	2014-09-14	2014-09-14
GAP	cme	NormalWeekPhaseWithheld	#79	2014-09-21	2014-09-21
GAP	cme	NormalWeekPhaseWithheld	#79	2014-09-28	2014-09-28
GAP	cme	NormalWeekPhaseWithheld	#79	2014-10-05	2014-10-05
GAP	cme	NormalWeekPhaseWithheld	#79	2014-10-12	2014-10-12
GAP	cme	NormalWeekPhaseWithheld	#79	2014-10-19	2014-10-19
GAP	cme	NormalWeekPhaseWithheld	#79	2014-10-26	2014-10-26
GAP	cme	NormalWeekPhaseWithheld	#79	2014-11-02	2014-11-02
GAP	cme	NormalWeekPhaseWithheld	#79	2014-11-09	2014-11-09
GAP	cme	NormalWeekPhaseWithheld	#79	2014-11-16	2014-11-16
GAP	cme	NormalWeekPhaseWithheld	#79	2014-11-23	2014-11-23
GAP	cme	ResolutionEdge	-	2014-11-26	2014-11-26
GAP	cme	WithheldDate	-	2014-11-27	2014-11-27
GAP	cme	WithheldDate	-	2014-11-28	2014-11-28
GAP	cme	ResolutionEdge	-	2014-11-29	2014-11-29
GAP	cme	NormalWeekPhaseWithheld	#79	2014-11-30	2014-11-30
GAP	cme	NormalWeekPhaseWithheld	#79	2014-12-07	2014-12-07
GAP	cme	NormalWeekPhaseWithheld	#79	2014-12-14	2014-12-14
GAP	cme	NormalWeekPhaseWithheld	#79	2014-12-21	2014-12-21
GAP	cme	ResolutionEdge	-	2014-12-23	2014-12-23
GAP	cme	WithheldDate	-	2014-12-24	2014-12-24
GAP	cme	ResolutionEdge	-	2014-12-25	2014-12-25
GAP	cme	NormalWeekPhaseWithheld	#79	2014-12-28	2014-12-28
GAP	cme	NormalWeekPhaseWithheld	#79	2015-01-04	2015-01-04
GAP	cme	NormalWeekPhaseWithheld	#79	2015-01-11	2015-01-11
GAP	cme	ResolutionEdge	-	2015-01-17	2015-01-17
GAP	cme	NormalWeekPhaseWithheld	#79	2015-01-18	2015-01-18
GAP	cme	WithheldDate	-	2015-01-19	2015-01-19
GAP	cme	ResolutionEdge	-	2015-01-20	2015-01-20
GAP	cme	NormalWeekPhaseWithheld	#79	2015-01-25	2015-01-25
GAP	cme	NormalWeekPhaseWithheld	#79	2015-02-01	2015-02-01
GAP	cme	NormalWeekPhaseWithheld	#79	2015-02-08	2015-02-08
GAP	cme	ResolutionEdge	-	2015-02-14	2015-02-14
GAP	cme	NormalWeekPhaseWithheld	#79	2015-02-15	2015-02-15
GAP	cme	WithheldDate	-	2015-02-16	2015-02-16
GAP	cme	ResolutionEdge	-	2015-02-17	2015-02-17
GAP	cme	NormalWeekPhaseWithheld	#79	2015-02-22	2015-02-22
GAP	cme	NormalWeekPhaseWithheld	#79	2015-03-01	2015-03-01
GAP	cme	NormalWeekPhaseWithheld	#79	2015-03-08	2015-03-08
GAP	cme	NormalWeekPhaseWithheld	#79	2015-03-15	2015-03-15
GAP	cme	NormalWeekPhaseWithheld	#79	2015-03-22	2015-03-22
GAP	cme	NormalWeekPhaseWithheld	#79	2015-03-29	2015-03-29
GAP	cme	ResolutionEdge	-	2015-04-02	2015-04-02
GAP	cme	WithheldDate	-	2015-04-03	2015-04-03
GAP	cme	ResolutionEdge	-	2015-04-04	2015-04-04
GAP	cme	NormalWeekPhaseWithheld	#79	2015-04-05	2015-04-05
GAP	cme	NormalWeekPhaseWithheld	#79	2015-04-12	2015-04-12
GAP	cme	NormalWeekPhaseWithheld	#79	2015-04-19	2015-04-19
GAP	cme	NormalWeekPhaseWithheld	#79	2015-04-26	2015-04-26
GAP	cme	NormalWeekPhaseWithheld	#79	2015-05-03	2015-05-03
GAP	cme	NormalWeekPhaseWithheld	#79	2015-05-10	2015-05-10
GAP	cme	NormalWeekPhaseWithheld	#79	2015-05-17	2015-05-17
GAP	cme	ResolutionEdge	-	2015-05-23	2015-05-23
GAP	cme	NormalWeekPhaseWithheld	#79	2015-05-24	2015-05-24
GAP	cme	WithheldDate	-	2015-05-25	2015-05-25
GAP	cme	ResolutionEdge	-	2015-05-26	2015-05-26
GAP	cme	NormalWeekPhaseWithheld	#79	2015-05-31	2015-05-31
GAP	cme	NormalWeekPhaseWithheld	#79	2015-06-07	2015-06-07
GAP	cme	NormalWeekPhaseWithheld	#79	2015-06-14	2015-06-14
GAP	cme	NormalWeekPhaseWithheld	#79	2015-06-21	2015-06-21
GAP	cme	NormalWeekPhaseWithheld	#79	2015-06-28	2015-06-28
GAP	cme	ResolutionEdge	-	2015-07-02	2015-07-02
GAP	cme	WithheldDate	-	2015-07-03	2015-07-03
GAP	cme	ResolutionEdge	-	2015-07-04	2015-07-04
GAP	cme	NormalWeekPhaseWithheld	#79	2015-07-05	2015-07-05
GAP	cme	NormalWeekPhaseWithheld	#79	2015-07-12	2015-07-12
GAP	cme	NormalWeekPhaseWithheld	#79	2015-07-19	2015-07-19
GAP	cme	NormalWeekPhaseWithheld	#79	2015-07-26	2015-07-26
GAP	cme	NormalWeekPhaseWithheld	#79	2015-08-02	2015-08-02
GAP	cme	NormalWeekPhaseWithheld	#79	2015-08-09	2015-08-09
GAP	cme	NormalWeekPhaseWithheld	#79	2015-08-16	2015-08-16
GAP	cme	NormalWeekPhaseWithheld	#79	2015-08-23	2015-08-23
GAP	cme	NormalWeekPhaseWithheld	#79	2015-08-30	2015-08-30
GAP	cme	ResolutionEdge	-	2015-09-05	2015-09-05
GAP	cme	NormalWeekPhaseWithheld	#79	2015-09-06	2015-09-06
GAP	cme	WithheldDate	-	2015-09-07	2015-09-07
GAP	cme	ResolutionEdge	-	2015-09-08	2015-09-08
GAP	cme	NormalWeekPhaseWithheld	#79	2015-09-13	2015-09-13
GAP	cme	NormalWeekPhaseWithheld	#79	2015-09-20	2015-09-20
GAP	cme	NormalWeekPhaseWithheld	#79	2015-09-27	2015-09-27
GAP	cme	NormalWeekPhaseWithheld	#79	2015-10-04	2015-10-04
GAP	cme	NormalWeekPhaseWithheld	#79	2015-10-11	2015-10-11
GAP	cme	NormalWeekPhaseWithheld	#79	2015-10-18	2015-10-18
GAP	cme	NormalWeekPhaseWithheld	#79	2015-10-25	2015-10-25
GAP	cme	NormalWeekPhaseWithheld	#79	2015-11-01	2015-11-01
GAP	cme	NormalWeekPhaseWithheld	#79	2015-11-08	2015-11-08
GAP	cme	NormalWeekPhaseWithheld	#79	2015-11-15	2015-11-15
GAP	cme	NormalWeekPhaseWithheld	#79	2015-11-22	2015-11-22
GAP	cme	ResolutionEdge	-	2015-11-25	2015-11-25
GAP	cme	WithheldDate	-	2015-11-26	2015-11-26
GAP	cme	WithheldDate	-	2015-11-27	2015-11-27
GAP	cme	ResolutionEdge	-	2015-11-28	2015-11-28
GAP	cme	NormalWeekPhaseWithheld	#79	2015-11-29	2015-11-29
GAP	cme	NormalWeekPhaseWithheld	#79	2015-12-06	2015-12-06
GAP	cme	NormalWeekPhaseWithheld	#79	2015-12-13	2015-12-13
GAP	cme	NormalWeekPhaseWithheld	#79	2015-12-20	2015-12-20
GAP	cme	ResolutionEdge	-	2015-12-23	2015-12-23
GAP	cme	WithheldDate	-	2015-12-24	2015-12-24
GAP	cme	ResolutionEdge	-	2015-12-25	2015-12-26
GAP	cme	NormalWeekPhaseWithheld	#79	2015-12-27	2015-12-27
GAP	cme	NormalWeekPhaseWithheld	#79	2016-01-03	2016-01-03
GAP	cme	NormalWeekPhaseWithheld	#79	2016-01-10	2016-01-10
GAP	cme	ResolutionEdge	-	2016-01-16	2016-01-16
GAP	cme	NormalWeekPhaseWithheld	#79	2016-01-17	2016-01-17
GAP	cme	WithheldDate	-	2016-01-18	2016-01-18
GAP	cme	ResolutionEdge	-	2016-01-19	2016-01-19
GAP	cme	NormalWeekPhaseWithheld	#79	2016-01-24	2016-01-24
GAP	cme	NormalWeekPhaseWithheld	#79	2016-01-31	2016-01-31
GAP	cme	NormalWeekPhaseWithheld	#79	2016-02-07	2016-02-07
GAP	cme	ResolutionEdge	-	2016-02-13	2016-02-13
GAP	cme	NormalWeekPhaseWithheld	#79	2016-02-14	2016-02-14
GAP	cme	WithheldDate	-	2016-02-15	2016-02-15
GAP	cme	ResolutionEdge	-	2016-02-16	2016-02-16
GAP	cme	NormalWeekPhaseWithheld	#79	2016-02-21	2016-02-21
GAP	cme	NormalWeekPhaseWithheld	#79	2016-02-28	2016-02-28
GAP	cme	NormalWeekPhaseWithheld	#79	2016-03-06	2016-03-06
GAP	cme	NormalWeekPhaseWithheld	#79	2016-03-13	2016-03-13
GAP	cme	NormalWeekPhaseWithheld	#79	2016-03-20	2016-03-20
GAP	cme	NormalWeekPhaseWithheld	#79	2016-03-27	2016-03-27
GAP	cme	NormalWeekPhaseWithheld	#79	2016-04-03	2016-04-03
GAP	cme	NormalWeekPhaseWithheld	#79	2016-04-10	2016-04-10
GAP	cme	NormalWeekPhaseWithheld	#79	2016-04-17	2016-04-17
GAP	cme	NormalWeekPhaseWithheld	#79	2016-04-24	2016-04-24
GAP	cme	NormalWeekPhaseWithheld	#79	2016-05-01	2016-05-01
GAP	cme	NormalWeekPhaseWithheld	#79	2016-05-08	2016-05-08
GAP	cme	NormalWeekPhaseWithheld	#79	2016-05-15	2016-05-15
GAP	cme	NormalWeekPhaseWithheld	#79	2016-05-22	2016-05-22
GAP	cme	ResolutionEdge	-	2016-05-28	2016-05-28
GAP	cme	NormalWeekPhaseWithheld	#79	2016-05-29	2016-05-29
GAP	cme	WithheldDate	-	2016-05-30	2016-05-30
GAP	cme	ResolutionEdge	-	2016-05-31	2016-05-31
GAP	cme	NormalWeekPhaseWithheld	#79	2016-06-05	2016-06-05
GAP	cme	NormalWeekPhaseWithheld	#79	2016-06-12	2016-06-12
GAP	cme	NormalWeekPhaseWithheld	#79	2016-06-19	2016-06-19
GAP	cme	NormalWeekPhaseWithheld	#79	2016-06-26	2016-06-26
GAP	cme	ResolutionEdge	-	2016-07-02	2016-07-02
GAP	cme	NormalWeekPhaseWithheld	#79	2016-07-03	2016-07-03
GAP	cme	WithheldDate	-	2016-07-04	2016-07-04
GAP	cme	ResolutionEdge	-	2016-07-05	2016-07-05
GAP	cme	NormalWeekPhaseWithheld	#79	2016-07-10	2016-07-10
GAP	cme	NormalWeekPhaseWithheld	#79	2016-07-17	2016-07-17
GAP	cme	NormalWeekPhaseWithheld	#79	2016-07-24	2016-07-24
GAP	cme	NormalWeekPhaseWithheld	#79	2016-07-31	2016-07-31
GAP	cme	NormalWeekPhaseWithheld	#79	2016-08-07	2016-08-07
GAP	cme	NormalWeekPhaseWithheld	#79	2016-08-14	2016-08-14
GAP	cme	NormalWeekPhaseWithheld	#79	2016-08-21	2016-08-21
GAP	cme	NormalWeekPhaseWithheld	#79	2016-08-28	2016-08-28
GAP	cme	ResolutionEdge	-	2016-09-03	2016-09-03
GAP	cme	NormalWeekPhaseWithheld	#79	2016-09-04	2016-09-04
GAP	cme	WithheldDate	-	2016-09-05	2016-09-05
GAP	cme	ResolutionEdge	-	2016-09-06	2016-09-06
GAP	cme	NormalWeekPhaseWithheld	#79	2016-09-11	2016-09-11
GAP	cme	NormalWeekPhaseWithheld	#79	2016-09-18	2016-09-18
GAP	cme	NormalWeekPhaseWithheld	#79	2016-09-25	2016-09-25
GAP	cme	NormalWeekPhaseWithheld	#79	2016-10-02	2016-10-02
GAP	cme	NormalWeekPhaseWithheld	#79	2016-10-09	2016-10-09
GAP	cme	NormalWeekPhaseWithheld	#79	2016-10-16	2016-10-16
GAP	cme	NormalWeekPhaseWithheld	#79	2016-10-23	2016-10-23
GAP	cme	NormalWeekPhaseWithheld	#79	2016-10-30	2016-10-30
GAP	cme	NormalWeekPhaseWithheld	#79	2016-11-06	2016-11-06
GAP	cme	NormalWeekPhaseWithheld	#79	2016-11-13	2016-11-13
GAP	cme	NormalWeekPhaseWithheld	#79	2016-11-20	2016-11-20
GAP	cme	ResolutionEdge	-	2016-11-23	2016-11-23
GAP	cme	WithheldDate	-	2016-11-24	2016-11-24
GAP	cme	WithheldDate	-	2016-11-25	2016-11-25
GAP	cme	ResolutionEdge	-	2016-11-26	2016-11-26
GAP	cme	NormalWeekPhaseWithheld	#79	2016-11-27	2016-11-27
GAP	cme	NormalWeekPhaseWithheld	#79	2016-12-04	2016-12-04
GAP	cme	NormalWeekPhaseWithheld	#79	2016-12-11	2016-12-11
GAP	cme	NormalWeekPhaseWithheld	#79	2016-12-18	2016-12-18
GAP	cme	NormalWeekPhaseWithheld	#79	2017-01-08	2017-01-08
GAP	cme	ResolutionEdge	-	2017-01-14	2017-01-14
GAP	cme	NormalWeekPhaseWithheld	#79	2017-01-15	2017-01-15
GAP	cme	WithheldDate	-	2017-01-16	2017-01-16
GAP	cme	ResolutionEdge	-	2017-01-17	2017-01-17
GAP	cme	NormalWeekPhaseWithheld	#79	2017-01-22	2017-01-22
GAP	cme	NormalWeekPhaseWithheld	#79	2017-01-29	2017-01-29
GAP	cme	NormalWeekPhaseWithheld	#79	2017-02-05	2017-02-05
GAP	cme	NormalWeekPhaseWithheld	#79	2017-02-12	2017-02-12
GAP	cme	ResolutionEdge	-	2017-02-18	2017-02-18
GAP	cme	NormalWeekPhaseWithheld	#79	2017-02-19	2017-02-19
GAP	cme	WithheldDate	-	2017-02-20	2017-02-20
GAP	cme	ResolutionEdge	-	2017-02-21	2017-02-21
GAP	cme	NormalWeekPhaseWithheld	#79	2017-02-26	2017-02-26
GAP	cme	NormalWeekPhaseWithheld	#79	2017-03-05	2017-03-05
GAP	cme	NormalWeekPhaseWithheld	#79	2017-03-12	2017-03-12
GAP	cme	NormalWeekPhaseWithheld	#79	2017-03-19	2017-03-19
GAP	cme	NormalWeekPhaseWithheld	#79	2017-03-26	2017-03-26
GAP	cme	NormalWeekPhaseWithheld	#79	2017-04-02	2017-04-02
GAP	cme	NormalWeekPhaseWithheld	#79	2017-04-09	2017-04-09
GAP	cme	NormalWeekPhaseWithheld	#79	2017-04-16	2017-04-16
GAP	cme	NormalWeekPhaseWithheld	#79	2017-04-23	2017-04-23
GAP	cme	NormalWeekPhaseWithheld	#79	2017-04-30	2017-04-30
GAP	cme	NormalWeekPhaseWithheld	#79	2017-05-07	2017-05-07
GAP	cme	NormalWeekPhaseWithheld	#79	2017-05-14	2017-05-14
GAP	cme	NormalWeekPhaseWithheld	#79	2017-05-21	2017-05-21
GAP	cme	ResolutionEdge	-	2017-05-27	2017-05-27
GAP	cme	NormalWeekPhaseWithheld	#79	2017-05-28	2017-05-28
GAP	cme	WithheldDate	-	2017-05-29	2017-05-29
GAP	cme	ResolutionEdge	-	2017-05-30	2017-05-30
GAP	cme	NormalWeekPhaseWithheld	#79	2017-06-04	2017-06-04
GAP	cme	NormalWeekPhaseWithheld	#79	2017-06-11	2017-06-11
GAP	cme	NormalWeekPhaseWithheld	#79	2017-06-18	2017-06-18
GAP	cme	NormalWeekPhaseWithheld	#79	2017-06-25	2017-06-25
GAP	cme	ResolutionEdge	-	2017-07-01	2017-07-01
GAP	cme	NormalWeekPhaseWithheld	#79	2017-07-02	2017-07-02
GAP	cme	WithheldDate	-	2017-07-03	2017-07-03
GAP	cme	WithheldDate	-	2017-07-04	2017-07-04
GAP	cme	ResolutionEdge	-	2017-07-05	2017-07-05
GAP	cme	NormalWeekPhaseWithheld	#79	2017-07-09	2017-07-09
GAP	cme	NormalWeekPhaseWithheld	#79	2017-07-16	2017-07-16
GAP	cme	NormalWeekPhaseWithheld	#79	2017-07-23	2017-07-23
GAP	cme	NormalWeekPhaseWithheld	#79	2017-07-30	2017-07-30
GAP	cme	NormalWeekPhaseWithheld	#79	2017-08-06	2017-08-06
GAP	cme	NormalWeekPhaseWithheld	#79	2017-08-13	2017-08-13
GAP	cme	NormalWeekPhaseWithheld	#79	2017-08-20	2017-08-20
GAP	cme	NormalWeekPhaseWithheld	#79	2017-08-27	2017-08-27
GAP	cme	ResolutionEdge	-	2017-09-02	2017-09-02
GAP	cme	NormalWeekPhaseWithheld	#79	2017-09-03	2017-09-03
GAP	cme	WithheldDate	-	2017-09-04	2017-09-04
GAP	cme	ResolutionEdge	-	2017-09-05	2017-09-05
GAP	cme	NormalWeekPhaseWithheld	#79	2017-09-10	2017-09-10
GAP	cme	NormalWeekPhaseWithheld	#79	2017-09-17	2017-09-17
GAP	cme	NormalWeekPhaseWithheld	#79	2017-09-24	2017-09-24
GAP	cme	NormalWeekPhaseWithheld	#79	2017-10-01	2017-10-01
GAP	cme	NormalWeekPhaseWithheld	#79	2017-10-08	2017-10-08
GAP	cme	NormalWeekPhaseWithheld	#79	2017-10-15	2017-10-15
GAP	cme	NormalWeekPhaseWithheld	#79	2017-10-22	2017-10-22
GAP	cme	NormalWeekPhaseWithheld	#79	2017-10-29	2017-10-29
GAP	cme	NormalWeekPhaseWithheld	#79	2017-11-05	2017-11-05
GAP	cme	NormalWeekPhaseWithheld	#79	2017-11-12	2017-11-12
GAP	cme	NormalWeekPhaseWithheld	#79	2017-11-19	2017-11-19
GAP	cme	ResolutionEdge	-	2017-11-22	2017-11-22
GAP	cme	WithheldDate	-	2017-11-23	2017-11-23
GAP	cme	WithheldDate	-	2017-11-24	2017-11-24
GAP	cme	ResolutionEdge	-	2017-11-25	2017-11-25
GAP	cme	NormalWeekPhaseWithheld	#79	2017-11-26	2017-11-26
GAP	cme	NormalWeekPhaseWithheld	#79	2017-12-03	2017-12-03
GAP	cme	NormalWeekPhaseWithheld	#79	2017-12-10	2017-12-10
GAP	cme	NormalWeekPhaseWithheld	#79	2017-12-17	2017-12-17
GAP	cme	NormalWeekPhaseWithheld	#79	2018-01-07	2018-01-07
GAP	cme	ResolutionEdge	-	2018-01-13	2018-01-13
GAP	cme	NormalWeekPhaseWithheld	#79	2018-01-14	2018-01-14
GAP	cme	WithheldDate	-	2018-01-15	2018-01-15
GAP	cme	ResolutionEdge	-	2018-01-16	2018-01-16
GAP	cme	NormalWeekPhaseWithheld	#79	2018-01-21	2018-01-21
GAP	cme	NormalWeekPhaseWithheld	#79	2018-01-28	2018-01-28
GAP	cme	NormalWeekPhaseWithheld	#79	2018-02-04	2018-02-04
GAP	cme	NormalWeekPhaseWithheld	#79	2018-02-11	2018-02-11
GAP	cme	ResolutionEdge	-	2018-02-17	2018-02-17
GAP	cme	NormalWeekPhaseWithheld	#79	2018-02-18	2018-02-18
GAP	cme	WithheldDate	-	2018-02-19	2018-02-19
GAP	cme	ResolutionEdge	-	2018-02-20	2018-02-20
GAP	cme	NormalWeekPhaseWithheld	#79	2018-02-25	2018-02-25
GAP	cme	NormalWeekPhaseWithheld	#79	2018-03-04	2018-03-04
GAP	cme	NormalWeekPhaseWithheld	#79	2018-03-11	2018-03-11
GAP	cme	NormalWeekPhaseWithheld	#79	2018-03-18	2018-03-18
GAP	cme	NormalWeekPhaseWithheld	#79	2018-03-25	2018-03-25
GAP	cme	NormalWeekPhaseWithheld	#79	2018-04-01	2018-04-01
GAP	cme	NormalWeekPhaseWithheld	#79	2018-04-08	2018-04-08
GAP	cme	NormalWeekPhaseWithheld	#79	2018-04-15	2018-04-15
GAP	cme	NormalWeekPhaseWithheld	#79	2018-04-22	2018-04-22
GAP	cme	NormalWeekPhaseWithheld	#79	2018-04-29	2018-04-29
GAP	cme	NormalWeekPhaseWithheld	#79	2018-05-06	2018-05-06
GAP	cme	NormalWeekPhaseWithheld	#79	2018-05-13	2018-05-13
GAP	cme	NormalWeekPhaseWithheld	#79	2018-05-20	2018-05-20
GAP	cme	ResolutionEdge	-	2018-05-26	2018-05-26
GAP	cme	NormalWeekPhaseWithheld	#79	2018-05-27	2018-05-27
GAP	cme	WithheldDate	-	2018-05-28	2018-05-28
GAP	cme	ResolutionEdge	-	2018-05-29	2018-05-29
GAP	cme	NormalWeekPhaseWithheld	#79	2018-06-03	2018-06-03
GAP	cme	NormalWeekPhaseWithheld	#79	2018-06-10	2018-06-10
GAP	cme	NormalWeekPhaseWithheld	#79	2018-06-17	2018-06-17
GAP	cme	NormalWeekPhaseWithheld	#79	2018-06-24	2018-06-24
GAP	cme	NormalWeekPhaseWithheld	#79	2018-07-01	2018-07-01
GAP	cme	ResolutionEdge	-	2018-07-02	2018-07-02
GAP	cme	WithheldDate	-	2018-07-03	2018-07-03
GAP	cme	WithheldDate	-	2018-07-04	2018-07-04
GAP	cme	ResolutionEdge	-	2018-07-05	2018-07-05
GAP	cme	NormalWeekPhaseWithheld	#79	2018-07-08	2018-07-08
GAP	cme	NormalWeekPhaseWithheld	#79	2018-07-15	2018-07-15
GAP	cme	NormalWeekPhaseWithheld	#79	2018-07-22	2018-07-22
GAP	cme	NormalWeekPhaseWithheld	#79	2018-07-29	2018-07-29
GAP	cme	NormalWeekPhaseWithheld	#79	2018-08-05	2018-08-05
GAP	cme	NormalWeekPhaseWithheld	#79	2018-08-12	2018-08-12
GAP	cme	NormalWeekPhaseWithheld	#79	2018-08-19	2018-08-19
GAP	cme	NormalWeekPhaseWithheld	#79	2018-08-26	2018-08-26
GAP	cme	ResolutionEdge	-	2018-09-01	2018-09-01
GAP	cme	NormalWeekPhaseWithheld	#79	2018-09-02	2018-09-02
GAP	cme	WithheldDate	-	2018-09-03	2018-09-03
GAP	cme	ResolutionEdge	-	2018-09-04	2018-09-04
GAP	cme	NormalWeekPhaseWithheld	#79	2018-09-09	2018-09-09
GAP	cme	NormalWeekPhaseWithheld	#79	2018-09-16	2018-09-16
GAP	cme	NormalWeekPhaseWithheld	#79	2018-09-23	2018-09-23
GAP	cme	NormalWeekPhaseWithheld	#79	2018-09-30	2018-09-30
GAP	cme	NormalWeekPhaseWithheld	#79	2018-10-07	2018-10-07
GAP	cme	NormalWeekPhaseWithheld	#79	2018-10-14	2018-10-14
GAP	cme	NormalWeekPhaseWithheld	#79	2018-10-21	2018-10-21
GAP	cme	NormalWeekPhaseWithheld	#79	2018-10-28	2018-10-28
GAP	cme	NormalWeekPhaseWithheld	#79	2018-11-04	2018-11-04
GAP	cme	NormalWeekPhaseWithheld	#79	2018-11-11	2018-11-11
GAP	cme	NormalWeekPhaseWithheld	#79	2018-11-18	2018-11-18
GAP	cme	ResolutionEdge	-	2018-11-21	2018-11-21
GAP	cme	WithheldDate	-	2018-11-22	2018-11-22
GAP	cme	WithheldDate	-	2018-11-23	2018-11-23
GAP	cme	ResolutionEdge	-	2018-11-24	2018-11-24
GAP	cme	NormalWeekPhaseWithheld	#79	2018-11-25	2018-11-25
GAP	cme	NormalWeekPhaseWithheld	#79	2018-12-02	2018-12-02
GAP	cme	NormalWeekPhaseWithheld	#79	2018-12-09	2018-12-09
GAP	cme	NormalWeekPhaseWithheld	#79	2018-12-16	2018-12-16
GAP	cme	ResolutionEdge	-	2018-12-22	2018-12-22
GAP	cme	NormalWeekPhaseWithheld	#79	2018-12-23	2018-12-23
GAP	cme	WithheldDate	-	2018-12-24	2018-12-24
GAP	cme	ResolutionEdge	-	2018-12-25	2018-12-25
GAP	cme	WithheldDate	-	2018-12-26	2018-12-26
GAP	cme	ResolutionEdge	-	2018-12-27	2018-12-27
GAP	cme	NormalWeekPhaseWithheld	#79	2018-12-30	2018-12-30
GAP	cme	NormalWeekPhaseWithheld	#79	2019-01-06	2019-01-06
GAP	cme	NormalWeekPhaseWithheld	#79	2019-01-13	2019-01-13
GAP	cme	ResolutionEdge	-	2019-01-19	2019-01-19
GAP	cme	NormalWeekPhaseWithheld	#79	2019-01-20	2019-01-20
GAP	cme	WithheldDate	-	2019-01-21	2019-01-21
GAP	cme	ResolutionEdge	-	2019-01-22	2019-01-22
GAP	cme	NormalWeekPhaseWithheld	#79	2019-01-27	2019-01-27
GAP	cme	NormalWeekPhaseWithheld	#79	2019-02-03	2019-02-03
GAP	cme	NormalWeekPhaseWithheld	#79	2019-02-10	2019-02-10
GAP	cme	ResolutionEdge	-	2019-02-16	2019-02-16
GAP	cme	NormalWeekPhaseWithheld	#79	2019-02-17	2019-02-17
GAP	cme	WithheldDate	-	2019-02-18	2019-02-18
GAP	cme	ResolutionEdge	-	2019-02-19	2019-02-19
GAP	cme	NormalWeekPhaseWithheld	#79	2019-02-24	2019-02-24
GAP	cme	NormalWeekPhaseWithheld	#79	2019-03-03	2019-03-03
GAP	cme	NormalWeekPhaseWithheld	#79	2019-03-10	2019-03-10
GAP	cme	NormalWeekPhaseWithheld	#79	2019-03-17	2019-03-17
GAP	cme	NormalWeekPhaseWithheld	#79	2019-03-24	2019-03-24
GAP	cme	NormalWeekPhaseWithheld	#79	2019-03-31	2019-03-31
GAP	cme	NormalWeekPhaseWithheld	#79	2019-04-07	2019-04-07
GAP	cme	NormalWeekPhaseWithheld	#79	2019-04-14	2019-04-14
GAP	cme	NormalWeekPhaseWithheld	#79	2019-04-21	2019-04-21
GAP	cme	NormalWeekPhaseWithheld	#79	2019-04-28	2019-04-28
GAP	cme	NormalWeekPhaseWithheld	#79	2019-05-05	2019-05-05
GAP	cme	NormalWeekPhaseWithheld	#79	2019-05-12	2019-05-12
GAP	cme	NormalWeekPhaseWithheld	#79	2019-05-19	2019-05-19
GAP	cme	ResolutionEdge	-	2019-05-25	2019-05-25
GAP	cme	NormalWeekPhaseWithheld	#79	2019-05-26	2019-05-26
GAP	cme	WithheldDate	-	2019-05-27	2019-05-27
GAP	cme	ResolutionEdge	-	2019-05-28	2019-05-28
GAP	cme	NormalWeekPhaseWithheld	#79	2019-06-02	2019-06-02
GAP	cme	NormalWeekPhaseWithheld	#79	2019-06-09	2019-06-09
GAP	cme	NormalWeekPhaseWithheld	#79	2019-06-16	2019-06-16
GAP	cme	ResolutionEdge	-	2019-06-18	2019-06-18
GAP	cme	WithheldDate	-	2019-06-19	2019-06-19
GAP	cme	ResolutionEdge	-	2019-06-20	2019-06-20
GAP	cme	NormalWeekPhaseWithheld	#79	2019-06-23	2019-06-23
GAP	cme	NormalWeekPhaseWithheld	#79	2019-06-30	2019-06-30
GAP	cme	ResolutionEdge	-	2019-07-02	2019-07-02
GAP	cme	WithheldDate	-	2019-07-03	2019-07-03
GAP	cme	WithheldDate	-	2019-07-04	2019-07-04
GAP	cme	ResolutionEdge	-	2019-07-05	2019-07-06
GAP	cme	NormalWeekPhaseWithheld	#79	2019-07-07	2019-07-07
GAP	cme	NormalWeekPhaseWithheld	#79	2019-07-14	2019-07-14
GAP	cme	NormalWeekPhaseWithheld	#79	2019-07-21	2019-07-21
GAP	cme	NormalWeekPhaseWithheld	#79	2019-07-28	2019-07-28
GAP	cme	NormalWeekPhaseWithheld	#79	2019-08-04	2019-08-04
GAP	cme	NormalWeekPhaseWithheld	#79	2019-08-11	2019-08-11
GAP	cme	NormalWeekPhaseWithheld	#79	2019-08-18	2019-08-18
GAP	cme	NormalWeekPhaseWithheld	#79	2019-08-25	2019-08-25
GAP	cme	ResolutionEdge	-	2019-08-31	2019-08-31
GAP	cme	NormalWeekPhaseWithheld	#79	2019-09-01	2019-09-01
GAP	cme	WithheldDate	-	2019-09-02	2019-09-02
GAP	cme	ResolutionEdge	-	2019-09-03	2019-09-03
GAP	cme	NormalWeekPhaseWithheld	#79	2019-09-08	2019-09-08
GAP	cme	NormalWeekPhaseWithheld	#79	2019-09-15	2019-09-15
GAP	cme	NormalWeekPhaseWithheld	#79	2019-09-22	2019-09-22
GAP	cme	NormalWeekPhaseWithheld	#79	2019-09-29	2019-09-29
GAP	cme	NormalWeekPhaseWithheld	#79	2019-10-06	2019-10-06
GAP	cme	NormalWeekPhaseWithheld	#79	2019-10-13	2019-10-13
GAP	cme	NormalWeekPhaseWithheld	#79	2019-10-20	2019-10-20
GAP	cme	NormalWeekPhaseWithheld	#79	2019-10-27	2019-10-27
GAP	cme	NormalWeekPhaseWithheld	#79	2019-11-03	2019-11-03
GAP	cme	NormalWeekPhaseWithheld	#79	2019-11-10	2019-11-10
GAP	cme	NormalWeekPhaseWithheld	#79	2019-11-17	2019-11-17
GAP	cme	NormalWeekPhaseWithheld	#79	2019-11-24	2019-11-24
GAP	cme	ResolutionEdge	-	2019-11-27	2019-11-27
GAP	cme	WithheldDate	-	2019-11-28	2019-11-28
GAP	cme	WithheldDate	-	2019-11-29	2019-11-29
GAP	cme	ResolutionEdge	-	2019-11-30	2019-11-30
GAP	cme	NormalWeekPhaseWithheld	#79	2019-12-01	2019-12-01
GAP	cme	NormalWeekPhaseWithheld	#79	2019-12-08	2019-12-08
GAP	cme	NormalWeekPhaseWithheld	#79	2019-12-15	2019-12-15
GAP	cme	NormalWeekPhaseWithheld	#79	2019-12-22	2019-12-22
GAP	cme	ResolutionEdge	-	2019-12-23	2019-12-23
GAP	cme	WithheldDate	-	2019-12-24	2019-12-24
GAP	cme	ResolutionEdge	-	2019-12-25	2019-12-25
GAP	cme	NormalWeekPhaseWithheld	#79	2019-12-29	2019-12-29
GAP	cme	NormalWeekPhaseWithheld	#79	2020-01-05	2020-01-05
GAP	cme	NormalWeekPhaseWithheld	#79	2020-01-12	2020-01-12
GAP	cme	ResolutionEdge	-	2020-01-18	2020-01-18
GAP	cme	NormalWeekPhaseWithheld	#79	2020-01-19	2020-01-19
GAP	cme	WithheldDate	-	2020-01-20	2020-01-20
GAP	cme	ResolutionEdge	-	2020-01-21	2020-01-21
GAP	cme	NormalWeekPhaseWithheld	#79	2020-01-26	2020-01-26
GAP	cme	NormalWeekPhaseWithheld	#79	2020-02-02	2020-02-02
GAP	cme	NormalWeekPhaseWithheld	#79	2020-02-09	2020-02-09
GAP	cme	ResolutionEdge	-	2020-02-15	2020-02-15
GAP	cme	NormalWeekPhaseWithheld	#79	2020-02-16	2020-02-16
GAP	cme	WithheldDate	-	2020-02-17	2020-02-17
GAP	cme	ResolutionEdge	-	2020-02-18	2020-02-18
GAP	cme	NormalWeekPhaseWithheld	#79	2020-02-23	2020-02-23
GAP	cme	NormalWeekPhaseWithheld	#79	2020-03-01	2020-03-01
GAP	cme	NormalWeekPhaseWithheld	#79	2020-03-08	2020-03-08
GAP	cme	NormalWeekPhaseWithheld	#79	2020-03-15	2020-03-15
GAP	cme	NormalWeekPhaseWithheld	#79	2020-03-22	2020-03-22
GAP	cme	NormalWeekPhaseWithheld	#79	2020-03-29	2020-03-29
GAP	cme	NormalWeekPhaseWithheld	#79	2020-04-05	2020-04-05
GAP	cme	NormalWeekPhaseWithheld	#79	2020-04-12	2020-04-12
GAP	cme	NormalWeekPhaseWithheld	#79	2020-04-19	2020-04-19
GAP	cme	NormalWeekPhaseWithheld	#79	2020-04-26	2020-04-26
GAP	cme	NormalWeekPhaseWithheld	#79	2020-05-03	2020-05-03
GAP	cme	NormalWeekPhaseWithheld	#79	2020-05-10	2020-05-10
GAP	cme	NormalWeekPhaseWithheld	#79	2020-05-17	2020-05-17
GAP	cme	ResolutionEdge	-	2020-05-23	2020-05-23
GAP	cme	NormalWeekPhaseWithheld	#79	2020-05-24	2020-05-24
GAP	cme	WithheldDate	-	2020-05-25	2020-05-25
GAP	cme	ResolutionEdge	-	2020-05-26	2020-05-26
GAP	cme	NormalWeekPhaseWithheld	#79	2020-05-31	2020-05-31
GAP	cme	NormalWeekPhaseWithheld	#79	2020-06-07	2020-06-07
GAP	cme	NormalWeekPhaseWithheld	#79	2020-06-14	2020-06-14
GAP	cme	ResolutionEdge	-	2020-06-18	2020-06-18
GAP	cme	WithheldDate	-	2020-06-19	2020-06-19
GAP	cme	ResolutionEdge	-	2020-06-20	2020-06-20
GAP	cme	NormalWeekPhaseWithheld	#79	2020-06-21	2020-06-21
GAP	cme	NormalWeekPhaseWithheld	#79	2020-06-28	2020-06-28
GAP	cme	ResolutionEdge	-	2020-07-02	2020-07-02
GAP	cme	WithheldDate	-	2020-07-03	2020-07-03
GAP	cme	ResolutionEdge	-	2020-07-04	2020-07-04
GAP	cme	NormalWeekPhaseWithheld	#79	2020-07-05	2020-07-05
GAP	cme	NormalWeekPhaseWithheld	#79	2020-07-12	2020-07-12
GAP	cme	NormalWeekPhaseWithheld	#79	2020-07-19	2020-07-19
GAP	cme	NormalWeekPhaseWithheld	#79	2020-07-26	2020-07-26
GAP	cme	NormalWeekPhaseWithheld	#79	2020-08-02	2020-08-02
GAP	cme	NormalWeekPhaseWithheld	#79	2020-08-09	2020-08-09
GAP	cme	NormalWeekPhaseWithheld	#79	2020-08-16	2020-08-16
GAP	cme	NormalWeekPhaseWithheld	#79	2020-08-23	2020-08-23
GAP	cme	NormalWeekPhaseWithheld	#79	2020-08-30	2020-08-30
GAP	cme	ResolutionEdge	-	2020-09-05	2020-09-05
GAP	cme	NormalWeekPhaseWithheld	#79	2020-09-06	2020-09-06
GAP	cme	WithheldDate	-	2020-09-07	2020-09-07
GAP	cme	ResolutionEdge	-	2020-09-08	2020-09-08
GAP	cme	NormalWeekPhaseWithheld	#79	2020-09-13	2020-09-13
GAP	cme	NormalWeekPhaseWithheld	#79	2020-09-20	2020-09-20
GAP	cme	NormalWeekPhaseWithheld	#79	2020-09-27	2020-09-27
GAP	cme	NormalWeekPhaseWithheld	#79	2020-10-04	2020-10-04
GAP	cme	NormalWeekPhaseWithheld	#79	2020-10-11	2020-10-11
GAP	cme	NormalWeekPhaseWithheld	#79	2020-10-18	2020-10-18
GAP	cme	NormalWeekPhaseWithheld	#79	2020-10-25	2020-10-25
GAP	cme	NormalWeekPhaseWithheld	#79	2020-11-01	2020-11-01
GAP	cme	NormalWeekPhaseWithheld	#79	2020-11-08	2020-11-08
GAP	cme	NormalWeekPhaseWithheld	#79	2020-11-15	2020-11-15
GAP	cme	NormalWeekPhaseWithheld	#79	2020-11-22	2020-11-22
GAP	cme	ResolutionEdge	-	2020-11-25	2020-11-25
GAP	cme	WithheldDate	-	2020-11-26	2020-11-26
GAP	cme	WithheldDate	-	2020-11-27	2020-11-27
GAP	cme	ResolutionEdge	-	2020-11-28	2020-11-28
GAP	cme	NormalWeekPhaseWithheld	#79	2020-11-29	2020-11-29
GAP	cme	NormalWeekPhaseWithheld	#79	2020-12-06	2020-12-06
GAP	cme	NormalWeekPhaseWithheld	#79	2020-12-13	2020-12-13
GAP	cme	NormalWeekPhaseWithheld	#79	2020-12-20	2020-12-20
GAP	cme	ResolutionEdge	-	2020-12-23	2020-12-23
GAP	cme	WithheldDate	-	2020-12-24	2020-12-24
GAP	cme	ResolutionEdge	-	2020-12-25	2020-12-26
GAP	cme	NormalWeekPhaseWithheld	#79	2020-12-27	2020-12-27
GAP	cme	NormalWeekPhaseWithheld	#79	2021-01-03	2021-01-03
GAP	cme	NormalWeekPhaseWithheld	#79	2021-01-10	2021-01-10
GAP	cme	ResolutionEdge	-	2021-01-16	2021-01-16
GAP	cme	NormalWeekPhaseWithheld	#79	2021-01-17	2021-01-17
GAP	cme	WithheldDate	-	2021-01-18	2021-01-18
GAP	cme	ResolutionEdge	-	2021-01-19	2021-01-19
GAP	cme	NormalWeekPhaseWithheld	#79	2021-01-24	2021-01-24
GAP	cme	NormalWeekPhaseWithheld	#79	2021-01-31	2021-01-31
GAP	cme	NormalWeekPhaseWithheld	#79	2021-02-07	2021-02-07
GAP	cme	ResolutionEdge	-	2021-02-13	2021-02-13
GAP	cme	NormalWeekPhaseWithheld	#79	2021-02-14	2021-02-14
GAP	cme	WithheldDate	-	2021-02-15	2021-02-15
GAP	cme	ResolutionEdge	-	2021-02-16	2021-02-16
GAP	cme	NormalWeekPhaseWithheld	#79	2021-02-21	2021-02-21
GAP	cme	NormalWeekPhaseWithheld	#79	2021-02-28	2021-02-28
GAP	cme	NormalWeekPhaseWithheld	#79	2021-03-07	2021-03-07
GAP	cme	NormalWeekPhaseWithheld	#79	2021-03-14	2021-03-14
GAP	cme	NormalWeekPhaseWithheld	#79	2021-03-21	2021-03-21
GAP	cme	NormalWeekPhaseWithheld	#79	2021-03-28	2021-03-28
GAP	cme	ResolutionEdge	-	2021-04-01	2021-04-01
GAP	cme	WithheldDate	-	2021-04-02	2021-04-02
GAP	cme	ResolutionEdge	-	2021-04-03	2021-04-03
GAP	cme	NormalWeekPhaseWithheld	#79	2021-04-04	2021-04-04
GAP	cme	NormalWeekPhaseWithheld	#79	2021-04-11	2021-04-11
GAP	cme	NormalWeekPhaseWithheld	#79	2021-04-18	2021-04-18
GAP	cme	NormalWeekPhaseWithheld	#79	2021-04-25	2021-04-25
GAP	cme	NormalWeekPhaseWithheld	#79	2021-05-02	2021-05-02
GAP	cme	NormalWeekPhaseWithheld	#79	2021-05-09	2021-05-09
GAP	cme	NormalWeekPhaseWithheld	#79	2021-05-16	2021-05-16
GAP	cme	NormalWeekPhaseWithheld	#79	2021-05-23	2021-05-23
GAP	cme	ResolutionEdge	-	2021-05-29	2021-05-29
GAP	cme	NormalWeekPhaseWithheld	#79	2021-05-30	2021-05-30
GAP	cme	WithheldDate	-	2021-05-31	2021-05-31
GAP	cme	ResolutionEdge	-	2021-06-01	2021-06-01
GAP	cme	NormalWeekPhaseWithheld	#79	2021-06-06	2021-06-06
GAP	cme	NormalWeekPhaseWithheld	#79	2021-06-13	2021-06-13
GAP	cme	ResolutionEdge	-	2021-06-18	2021-06-18
GAP	cme	WithheldDate	-	2021-06-19	2021-06-19
GAP	cme	NormalWeekPhaseWithheld	#79	2021-06-20	2021-06-20
GAP	cme	NormalWeekPhaseWithheld	#79	2021-06-27	2021-06-27
GAP	cme	ResolutionEdge	-	2021-07-03	2021-07-03
GAP	cme	NormalWeekPhaseWithheld	#79	2021-07-04	2021-07-04
GAP	cme	WithheldDate	-	2021-07-05	2021-07-05
GAP	cme	ResolutionEdge	-	2021-07-06	2021-07-06
GAP	cme	NormalWeekPhaseWithheld	#79	2021-07-11	2021-07-11
GAP	cme	NormalWeekPhaseWithheld	#79	2021-07-18	2021-07-18
GAP	cme	NormalWeekPhaseWithheld	#79	2021-07-25	2021-07-25
GAP	cme	NormalWeekPhaseWithheld	#79	2021-08-01	2021-08-01
GAP	cme	NormalWeekPhaseWithheld	#79	2021-08-08	2021-08-08
GAP	cme	NormalWeekPhaseWithheld	#79	2021-08-15	2021-08-15
GAP	cme	NormalWeekPhaseWithheld	#79	2021-08-22	2021-08-22
GAP	cme	NormalWeekPhaseWithheld	#79	2021-08-29	2021-08-29
GAP	cme	ResolutionEdge	-	2021-09-04	2021-09-04
GAP	cme	NormalWeekPhaseWithheld	#79	2021-09-05	2021-09-05
GAP	cme	WithheldDate	-	2021-09-06	2021-09-06
GAP	cme	ResolutionEdge	-	2021-09-07	2021-09-07
GAP	cme	NormalWeekPhaseWithheld	#79	2021-09-12	2021-09-12
GAP	cme	NormalWeekPhaseWithheld	#79	2021-09-19	2021-09-19
GAP	cme	NormalWeekPhaseWithheld	#79	2021-09-26	2021-09-26
GAP	cme	NormalWeekPhaseWithheld	#79	2021-10-03	2021-10-03
GAP	cme	NormalWeekPhaseWithheld	#79	2021-10-10	2021-10-10
GAP	cme	NormalWeekPhaseWithheld	#79	2021-10-17	2021-10-17
GAP	cme	NormalWeekPhaseWithheld	#79	2021-10-24	2021-10-24
GAP	cme	NormalWeekPhaseWithheld	#79	2021-10-31	2021-10-31
GAP	cme	NormalWeekPhaseWithheld	#79	2021-11-07	2021-11-07
GAP	cme	NormalWeekPhaseWithheld	#79	2021-11-14	2021-11-14
GAP	cme	NormalWeekPhaseWithheld	#79	2021-11-21	2021-11-21
GAP	cme	ResolutionEdge	-	2021-11-24	2021-11-24
GAP	cme	WithheldDate	-	2021-11-25	2021-11-25
GAP	cme	WithheldDate	-	2021-11-26	2021-11-26
GAP	cme	ResolutionEdge	-	2021-11-27	2021-11-27
GAP	cme	NormalWeekPhaseWithheld	#79	2021-11-28	2021-11-28
GAP	cme	NormalWeekPhaseWithheld	#79	2021-12-05	2021-12-05
GAP	cme	NormalWeekPhaseWithheld	#79	2021-12-12	2021-12-12
GAP	cme	NormalWeekPhaseWithheld	#79	2021-12-19	2021-12-19
GAP	cme	NormalWeekPhaseWithheld	#79	2021-12-26	2021-12-26
GAP	cme	NormalWeekPhaseWithheld	#79	2022-01-02	2022-01-02
GAP	cme	NormalWeekPhaseWithheld	#79	2022-01-09	2022-01-09
GAP	cme	ResolutionEdge	-	2022-01-15	2022-01-15
GAP	cme	NormalWeekPhaseWithheld	#79	2022-01-16	2022-01-16
GAP	cme	WithheldDate	-	2022-01-17	2022-01-17
GAP	cme	ResolutionEdge	-	2022-01-18	2022-01-18
GAP	cme	NormalWeekPhaseWithheld	#79	2022-01-23	2022-01-23
GAP	cme	NormalWeekPhaseWithheld	#79	2022-01-30	2022-01-30
GAP	cme	NormalWeekPhaseWithheld	#79	2022-02-06	2022-02-06
GAP	cme	NormalWeekPhaseWithheld	#79	2022-02-13	2022-02-13
GAP	cme	ResolutionEdge	-	2022-02-19	2022-02-19
GAP	cme	NormalWeekPhaseWithheld	#79	2022-02-20	2022-02-20
GAP	cme	WithheldDate	-	2022-02-21	2022-02-21
GAP	cme	ResolutionEdge	-	2022-02-22	2022-02-22
GAP	cme	NormalWeekPhaseWithheld	#79	2022-02-27	2022-02-27
GAP	cme	NormalWeekPhaseWithheld	#79	2022-03-06	2022-03-06
GAP	cme	NormalWeekPhaseWithheld	#79	2022-03-13	2022-03-13
GAP	cme	NormalWeekPhaseWithheld	#79	2022-03-20	2022-03-20
GAP	cme	NormalWeekPhaseWithheld	#79	2022-03-27	2022-03-27
GAP	cme	NormalWeekPhaseWithheld	#79	2022-04-03	2022-04-03
GAP	cme	NormalWeekPhaseWithheld	#79	2022-04-10	2022-04-10
GAP	cme	NormalWeekPhaseWithheld	#79	2022-04-17	2022-04-17
GAP	cme	NormalWeekPhaseWithheld	#79	2022-04-24	2022-04-24
GAP	cme	NormalWeekPhaseWithheld	#79	2022-05-01	2022-05-01
GAP	cme	NormalWeekPhaseWithheld	#79	2022-05-08	2022-05-08
GAP	cme	NormalWeekPhaseWithheld	#79	2022-05-15	2022-05-15
GAP	cme	NormalWeekPhaseWithheld	#79	2022-05-22	2022-05-22
GAP	cme	ResolutionEdge	-	2022-05-28	2022-05-28
GAP	cme	NormalWeekPhaseWithheld	#79	2022-05-29	2022-05-29
GAP	cme	WithheldDate	-	2022-05-30	2022-05-30
GAP	cme	ResolutionEdge	-	2022-05-31	2022-05-31
GAP	cme	NormalWeekPhaseWithheld	#79	2022-06-05	2022-06-05
GAP	cme	NormalWeekPhaseWithheld	#79	2022-06-12	2022-06-12
GAP	cme	ResolutionEdge	-	2022-06-18	2022-06-18
GAP	cme	NormalWeekPhaseWithheld	#79	2022-06-19	2022-06-19
GAP	cme	WithheldDate	-	2022-06-20	2022-06-20
GAP	cme	ResolutionEdge	-	2022-06-21	2022-06-21
GAP	cme	NormalWeekPhaseWithheld	#79	2022-06-26	2022-06-26
GAP	cme	ResolutionEdge	-	2022-07-02	2022-07-02
GAP	cme	NormalWeekPhaseWithheld	#79	2022-07-03	2022-07-03
GAP	cme	WithheldDate	-	2022-07-04	2022-07-04
GAP	cme	ResolutionEdge	-	2022-07-05	2022-07-05
GAP	cme	NormalWeekPhaseWithheld	#79	2022-07-10	2022-07-10
GAP	cme	NormalWeekPhaseWithheld	#79	2022-07-17	2022-07-17
GAP	cme	NormalWeekPhaseWithheld	#79	2022-07-24	2022-07-24
GAP	cme	NormalWeekPhaseWithheld	#79	2022-07-31	2022-07-31
GAP	cme	NormalWeekPhaseWithheld	#79	2022-08-07	2022-08-07
GAP	cme	NormalWeekPhaseWithheld	#79	2022-08-14	2022-08-14
GAP	cme	NormalWeekPhaseWithheld	#79	2022-08-21	2022-08-21
GAP	cme	NormalWeekPhaseWithheld	#79	2022-08-28	2022-08-28
GAP	cme	ResolutionEdge	-	2022-09-03	2022-09-03
GAP	cme	NormalWeekPhaseWithheld	#79	2022-09-04	2022-09-04
GAP	cme	WithheldDate	-	2022-09-05	2022-09-05
GAP	cme	ResolutionEdge	-	2022-09-06	2022-09-06
GAP	cme	NormalWeekPhaseWithheld	#79	2022-09-11	2022-09-11
GAP	cme	NormalWeekPhaseWithheld	#79	2022-09-18	2022-09-18
GAP	cme	NormalWeekPhaseWithheld	#79	2022-09-25	2022-09-25
GAP	cme	NormalWeekPhaseWithheld	#79	2022-10-02	2022-10-02
GAP	cme	NormalWeekPhaseWithheld	#79	2022-10-09	2022-10-09
GAP	cme	NormalWeekPhaseWithheld	#79	2022-10-16	2022-10-16
GAP	cme	NormalWeekPhaseWithheld	#79	2022-10-23	2022-10-23
GAP	cme	NormalWeekPhaseWithheld	#79	2022-10-30	2022-10-30
GAP	cme	NormalWeekPhaseWithheld	#79	2022-11-06	2022-11-06
GAP	cme	NormalWeekPhaseWithheld	#79	2022-11-13	2022-11-13
GAP	cme	NormalWeekPhaseWithheld	#79	2022-11-20	2022-11-20
GAP	cme	ResolutionEdge	-	2022-11-23	2022-11-23
GAP	cme	WithheldDate	-	2022-11-24	2022-11-24
GAP	cme	WithheldDate	-	2022-11-25	2022-11-25
GAP	cme	ResolutionEdge	-	2022-11-26	2022-11-26
GAP	cme	NormalWeekPhaseWithheld	#79	2022-11-27	2022-11-27
GAP	cme	NormalWeekPhaseWithheld	#79	2022-12-04	2022-12-04
GAP	cme	NormalWeekPhaseWithheld	#79	2022-12-11	2022-12-11
GAP	cme	NormalWeekPhaseWithheld	#79	2022-12-18	2022-12-18
GAP	cme	NormalWeekPhaseWithheld	#79	2023-01-08	2023-01-08
GAP	cme	ResolutionEdge	-	2023-01-14	2023-01-14
GAP	cme	NormalWeekPhaseWithheld	#79	2023-01-15	2023-01-15
GAP	cme	WithheldDate	-	2023-01-16	2023-01-16
GAP	cme	ResolutionEdge	-	2023-01-17	2023-01-17
GAP	cme	NormalWeekPhaseWithheld	#79	2023-01-22	2023-01-22
GAP	cme	NormalWeekPhaseWithheld	#79	2023-01-29	2023-01-29
GAP	cme	NormalWeekPhaseWithheld	#79	2023-02-05	2023-02-05
GAP	cme	NormalWeekPhaseWithheld	#79	2023-02-12	2023-02-12
GAP	cme	ResolutionEdge	-	2023-02-18	2023-02-18
GAP	cme	NormalWeekPhaseWithheld	#79	2023-02-19	2023-02-19
GAP	cme	WithheldDate	-	2023-02-20	2023-02-20
GAP	cme	ResolutionEdge	-	2023-02-21	2023-02-21
GAP	cme	NormalWeekPhaseWithheld	#79	2023-02-26	2023-02-26
GAP	cme	NormalWeekPhaseWithheld	#79	2023-03-05	2023-03-05
GAP	cme	NormalWeekPhaseWithheld	#79	2023-03-12	2023-03-12
GAP	cme	NormalWeekPhaseWithheld	#79	2023-03-19	2023-03-19
GAP	cme	NormalWeekPhaseWithheld	#79	2023-03-26	2023-03-26
GAP	cme	NormalWeekPhaseWithheld	#79	2023-04-02	2023-04-02
GAP	cme	ResolutionEdge	-	2023-04-06	2023-04-06
GAP	cme	WithheldDate	-	2023-04-07	2023-04-07
GAP	cme	ResolutionEdge	-	2023-04-08	2023-04-08
GAP	cme	NormalWeekPhaseWithheld	#79	2023-04-09	2023-04-09
GAP	cme	NormalWeekPhaseWithheld	#79	2023-04-16	2023-04-16
GAP	cme	NormalWeekPhaseWithheld	#79	2023-04-23	2023-04-23
GAP	cme	NormalWeekPhaseWithheld	#79	2023-04-30	2023-04-30
GAP	cme	NormalWeekPhaseWithheld	#79	2023-05-07	2023-05-07
GAP	cme	NormalWeekPhaseWithheld	#79	2023-05-14	2023-05-14
GAP	cme	NormalWeekPhaseWithheld	#79	2023-05-21	2023-05-21
GAP	cme	ResolutionEdge	-	2023-05-27	2023-05-27
GAP	cme	NormalWeekPhaseWithheld	#79	2023-05-28	2023-05-28
GAP	cme	WithheldDate	-	2023-05-29	2023-05-29
GAP	cme	ResolutionEdge	-	2023-05-30	2023-05-30
GAP	cme	NormalWeekPhaseWithheld	#79	2023-06-04	2023-06-04
GAP	cme	NormalWeekPhaseWithheld	#79	2023-06-11	2023-06-11
GAP	cme	ResolutionEdge	-	2023-06-17	2023-06-17
GAP	cme	NormalWeekPhaseWithheld	#79	2023-06-18	2023-06-18
GAP	cme	WithheldDate	-	2023-06-19	2023-06-19
GAP	cme	ResolutionEdge	-	2023-06-20	2023-06-20
GAP	cme	NormalWeekPhaseWithheld	#79	2023-06-25	2023-06-25
GAP	cme	ResolutionEdge	-	2023-07-01	2023-07-01
GAP	cme	NormalWeekPhaseWithheld	#79	2023-07-02	2023-07-02
GAP	cme	WithheldDate	-	2023-07-03	2023-07-03
GAP	cme	WithheldDate	-	2023-07-04	2023-07-04
GAP	cme	ResolutionEdge	-	2023-07-05	2023-07-05
GAP	cme	NormalWeekPhaseWithheld	#79	2023-07-09	2023-07-09
GAP	cme	NormalWeekPhaseWithheld	#79	2023-07-16	2023-07-16
GAP	cme	NormalWeekPhaseWithheld	#79	2023-07-23	2023-07-23
GAP	cme	NormalWeekPhaseWithheld	#79	2023-07-30	2023-07-30
GAP	cme	NormalWeekPhaseWithheld	#79	2023-08-06	2023-08-06
GAP	cme	NormalWeekPhaseWithheld	#79	2023-08-13	2023-08-13
GAP	cme	NormalWeekPhaseWithheld	#79	2023-08-20	2023-08-20
GAP	cme	NormalWeekPhaseWithheld	#79	2023-08-27	2023-08-27
GAP	cme	ResolutionEdge	-	2023-09-02	2023-09-02
GAP	cme	NormalWeekPhaseWithheld	#79	2023-09-03	2023-09-03
GAP	cme	WithheldDate	-	2023-09-04	2023-09-04
GAP	cme	ResolutionEdge	-	2023-09-05	2023-09-05
GAP	cme	NormalWeekPhaseWithheld	#79	2023-09-10	2023-09-10
GAP	cme	NormalWeekPhaseWithheld	#79	2023-09-17	2023-09-17
GAP	cme	NormalWeekPhaseWithheld	#79	2023-09-24	2023-09-24
GAP	cme	NormalWeekPhaseWithheld	#79	2023-10-01	2023-10-01
GAP	cme	NormalWeekPhaseWithheld	#79	2023-10-08	2023-10-08
GAP	cme	NormalWeekPhaseWithheld	#79	2023-10-15	2023-10-15
GAP	cme	NormalWeekPhaseWithheld	#79	2023-10-22	2023-10-22
GAP	cme	NormalWeekPhaseWithheld	#79	2023-10-29	2023-10-29
GAP	cme	NormalWeekPhaseWithheld	#79	2023-11-05	2023-11-05
GAP	cme	NormalWeekPhaseWithheld	#79	2023-11-12	2023-11-12
GAP	cme	NormalWeekPhaseWithheld	#79	2023-11-19	2023-11-19
GAP	cme	ResolutionEdge	-	2023-11-22	2023-11-22
GAP	cme	WithheldDate	-	2023-11-23	2023-11-23
GAP	cme	WithheldDate	-	2023-11-24	2023-11-24
GAP	cme	ResolutionEdge	-	2023-11-25	2023-11-25
GAP	cme	NormalWeekPhaseWithheld	#79	2023-11-26	2023-11-26
GAP	cme	NormalWeekPhaseWithheld	#79	2023-12-03	2023-12-03
GAP	cme	NormalWeekPhaseWithheld	#79	2023-12-10	2023-12-10
GAP	cme	NormalWeekPhaseWithheld	#79	2023-12-17	2023-12-17
GAP	cme	NormalWeekPhaseWithheld	#79	2024-01-07	2024-01-07
GAP	cme	ResolutionEdge	-	2024-01-13	2024-01-13
GAP	cme	NormalWeekPhaseWithheld	#79	2024-01-14	2024-01-14
GAP	cme	WithheldDate	-	2024-01-15	2024-01-15
GAP	cme	ResolutionEdge	-	2024-01-16	2024-01-16
GAP	cme	NormalWeekPhaseWithheld	#79	2024-01-21	2024-01-21
GAP	cme	NormalWeekPhaseWithheld	#79	2024-01-28	2024-01-28
GAP	cme	NormalWeekPhaseWithheld	#79	2024-02-04	2024-02-04
GAP	cme	NormalWeekPhaseWithheld	#79	2024-02-11	2024-02-11
GAP	cme	ResolutionEdge	-	2024-02-17	2024-02-17
GAP	cme	NormalWeekPhaseWithheld	#79	2024-02-18	2024-02-18
GAP	cme	WithheldDate	-	2024-02-19	2024-02-19
GAP	cme	ResolutionEdge	-	2024-02-20	2024-02-20
GAP	cme	NormalWeekPhaseWithheld	#79	2024-02-25	2024-02-25
GAP	cme	NormalWeekPhaseWithheld	#79	2024-03-03	2024-03-03
GAP	cme	NormalWeekPhaseWithheld	#79	2024-03-10	2024-03-10
GAP	cme	NormalWeekPhaseWithheld	#79	2024-03-17	2024-03-17
GAP	cme	NormalWeekPhaseWithheld	#79	2024-03-24	2024-03-24
GAP	cme	NormalWeekPhaseWithheld	#79	2024-03-31	2024-03-31
GAP	cme	NormalWeekPhaseWithheld	#79	2024-04-07	2024-04-07
GAP	cme	NormalWeekPhaseWithheld	#79	2024-04-14	2024-04-14
GAP	cme	NormalWeekPhaseWithheld	#79	2024-04-21	2024-04-21
GAP	cme	NormalWeekPhaseWithheld	#79	2024-04-28	2024-04-28
GAP	cme	NormalWeekPhaseWithheld	#79	2024-05-05	2024-05-05
GAP	cme	NormalWeekPhaseWithheld	#79	2024-05-12	2024-05-12
GAP	cme	NormalWeekPhaseWithheld	#79	2024-05-19	2024-05-19
GAP	cme	ResolutionEdge	-	2024-05-25	2024-05-25
GAP	cme	NormalWeekPhaseWithheld	#79	2024-05-26	2024-05-26
GAP	cme	WithheldDate	-	2024-05-27	2024-05-27
GAP	cme	ResolutionEdge	-	2024-05-28	2024-05-28
GAP	cme	NormalWeekPhaseWithheld	#79	2024-06-02	2024-06-02
GAP	cme	NormalWeekPhaseWithheld	#79	2024-06-09	2024-06-09
GAP	cme	NormalWeekPhaseWithheld	#79	2024-06-16	2024-06-16
GAP	cme	ResolutionEdge	-	2024-06-18	2024-06-18
GAP	cme	WithheldDate	-	2024-06-19	2024-06-19
GAP	cme	ResolutionEdge	-	2024-06-20	2024-06-20
GAP	cme	NormalWeekPhaseWithheld	#79	2024-06-23	2024-06-23
GAP	cme	NormalWeekPhaseWithheld	#79	2024-06-30	2024-06-30
GAP	cme	ResolutionEdge	-	2024-07-02	2024-07-02
GAP	cme	WithheldDate	-	2024-07-03	2024-07-03
GAP	cme	WithheldDate	-	2024-07-04	2024-07-04
GAP	cme	ResolutionEdge	-	2024-07-05	2024-07-06
GAP	cme	NormalWeekPhaseWithheld	#79	2024-07-07	2024-07-07
GAP	cme	NormalWeekPhaseWithheld	#79	2024-07-14	2024-07-14
GAP	cme	NormalWeekPhaseWithheld	#79	2024-07-21	2024-07-21
GAP	cme	NormalWeekPhaseWithheld	#79	2024-07-28	2024-07-28
GAP	cme	NormalWeekPhaseWithheld	#79	2024-08-04	2024-08-04
GAP	cme	NormalWeekPhaseWithheld	#79	2024-08-11	2024-08-11
GAP	cme	NormalWeekPhaseWithheld	#79	2024-08-18	2024-08-18
GAP	cme	NormalWeekPhaseWithheld	#79	2024-08-25	2024-08-25
GAP	cme	ResolutionEdge	-	2024-08-31	2024-08-31
GAP	cme	NormalWeekPhaseWithheld	#79	2024-09-01	2024-09-01
GAP	cme	WithheldDate	-	2024-09-02	2024-09-02
GAP	cme	ResolutionEdge	-	2024-09-03	2024-09-03
GAP	cme	NormalWeekPhaseWithheld	#79	2024-09-08	2024-09-08
GAP	cme	NormalWeekPhaseWithheld	#79	2024-09-15	2024-09-15
GAP	cme	NormalWeekPhaseWithheld	#79	2024-09-22	2024-09-22
GAP	cme	NormalWeekPhaseWithheld	#79	2024-09-29	2024-09-29
GAP	cme	NormalWeekPhaseWithheld	#79	2024-10-06	2024-10-06
GAP	cme	NormalWeekPhaseWithheld	#79	2024-10-13	2024-10-13
GAP	cme	NormalWeekPhaseWithheld	#79	2024-10-20	2024-10-20
GAP	cme	NormalWeekPhaseWithheld	#79	2024-10-27	2024-10-27
GAP	cme	NormalWeekPhaseWithheld	#79	2024-11-03	2024-11-03
GAP	cme	NormalWeekPhaseWithheld	#79	2024-11-10	2024-11-10
GAP	cme	NormalWeekPhaseWithheld	#79	2024-11-17	2024-11-17
GAP	cme	NormalWeekPhaseWithheld	#79	2024-11-24	2024-11-24
GAP	cme	ResolutionEdge	-	2024-11-27	2024-11-27
GAP	cme	WithheldDate	-	2024-11-28	2024-11-28
GAP	cme	WithheldDate	-	2024-11-29	2024-11-29
GAP	cme	ResolutionEdge	-	2024-11-30	2024-11-30
GAP	cme	NormalWeekPhaseWithheld	#79	2024-12-01	2024-12-01
GAP	cme	NormalWeekPhaseWithheld	#79	2024-12-08	2024-12-08
GAP	cme	NormalWeekPhaseWithheld	#79	2024-12-15	2024-12-15
GAP	cme	NormalWeekPhaseWithheld	#79	2024-12-22	2024-12-22
GAP	cme	ResolutionEdge	-	2024-12-23	2024-12-23
GAP	cme	WithheldDate	-	2024-12-24	2024-12-24
GAP	cme	ResolutionEdge	-	2024-12-25	2024-12-25
GAP	cme	NormalWeekPhaseWithheld	#79	2024-12-29	2024-12-29
GAP	cme	NormalWeekPhaseWithheld	#79	2025-01-05	2025-01-05
GAP	cme	NormalWeekPhaseWithheld	#79	2025-01-12	2025-01-12
GAP	cme	ResolutionEdge	-	2025-01-18	2025-01-18
GAP	cme	NormalWeekPhaseWithheld	#79	2025-01-19	2025-01-19
GAP	cme	WithheldDate	-	2025-01-20	2025-01-20
GAP	cme	WithheldDate	-	2025-01-21	2025-01-21
GAP	cme	ResolutionEdge	-	2025-01-22	2025-01-22
GAP	cme	NormalWeekPhaseWithheld	#79	2025-01-26	2025-01-26
GAP	cme	NormalWeekPhaseWithheld	#79	2025-02-02	2025-02-02
GAP	cme	NormalWeekPhaseWithheld	#79	2025-02-09	2025-02-09
GAP	cme	ResolutionEdge	-	2025-02-15	2025-02-15
GAP	cme	NormalWeekPhaseWithheld	#79	2025-02-16	2025-02-16
GAP	cme	WithheldDate	-	2025-02-17	2025-02-17
GAP	cme	WithheldDate	-	2025-02-18	2025-02-18
GAP	cme	ResolutionEdge	-	2025-02-19	2025-02-19
GAP	cme	NormalWeekPhaseWithheld	#79	2025-02-23	2025-02-23
GAP	cme	NormalWeekPhaseWithheld	#79	2025-03-02	2025-03-02
GAP	cme	NormalWeekPhaseWithheld	#79	2025-03-09	2025-03-09
GAP	cme	NormalWeekPhaseWithheld	#79	2025-03-16	2025-03-16
GAP	cme	NormalWeekPhaseWithheld	#79	2025-03-23	2025-03-23
GAP	cme	NormalWeekPhaseWithheld	#79	2025-03-30	2025-03-30
GAP	cme	NormalWeekPhaseWithheld	#79	2025-04-06	2025-04-06
GAP	cme	NormalWeekPhaseWithheld	#79	2025-04-13	2025-04-13
GAP	cme	NormalWeekPhaseWithheld	#79	2025-04-20	2025-04-20
GAP	cme	NormalWeekPhaseWithheld	#79	2025-04-27	2025-04-27
GAP	cme	NormalWeekPhaseWithheld	#79	2025-05-04	2025-05-04
GAP	cme	NormalWeekPhaseWithheld	#79	2025-05-11	2025-05-11
GAP	cme	NormalWeekPhaseWithheld	#79	2025-05-18	2025-05-18
GAP	cme	ResolutionEdge	-	2025-05-24	2025-05-24
GAP	cme	NormalWeekPhaseWithheld	#79	2025-05-25	2025-05-25
GAP	cme	WithheldDate	-	2025-05-26	2025-05-26
GAP	cme	WithheldDate	-	2025-05-27	2025-05-27
GAP	cme	ResolutionEdge	-	2025-05-28	2025-05-28
GAP	cme	NormalWeekPhaseWithheld	#79	2025-06-01	2025-06-01
GAP	cme	NormalWeekPhaseWithheld	#79	2025-06-08	2025-06-08
GAP	cme	NormalWeekPhaseWithheld	#79	2025-06-15	2025-06-15
GAP	cme	ResolutionEdge	-	2025-06-18	2025-06-18
GAP	cme	WithheldDate	-	2025-06-19	2025-06-19
GAP	cme	WithheldDate	-	2025-06-20	2025-06-20
GAP	cme	ResolutionEdge	-	2025-06-21	2025-06-21
GAP	cme	NormalWeekPhaseWithheld	#79	2025-06-22	2025-06-22
GAP	cme	NormalWeekPhaseWithheld	#79	2025-06-29	2025-06-29
GAP	cme	ResolutionEdge	-	2025-07-02	2025-07-02
GAP	cme	WithheldDate	-	2025-07-03	2025-07-03
GAP	cme	WithheldDate	-	2025-07-04	2025-07-04
GAP	cme	ResolutionEdge	-	2025-07-05	2025-07-05
GAP	cme	NormalWeekPhaseWithheld	#79	2025-07-06	2025-07-06
GAP	cme	NormalWeekPhaseWithheld	#79	2025-07-13	2025-07-13
GAP	cme	NormalWeekPhaseWithheld	#79	2025-07-20	2025-07-20
GAP	cme	NormalWeekPhaseWithheld	#79	2025-07-27	2025-07-27
GAP	cme	NormalWeekPhaseWithheld	#79	2025-08-03	2025-08-03
GAP	cme	NormalWeekPhaseWithheld	#79	2025-08-10	2025-08-10
GAP	cme	NormalWeekPhaseWithheld	#79	2025-08-17	2025-08-17
GAP	cme	NormalWeekPhaseWithheld	#79	2025-08-24	2025-08-24
GAP	cme	ResolutionEdge	-	2025-08-30	2025-08-30
GAP	cme	NormalWeekPhaseWithheld	#79	2025-08-31	2025-08-31
GAP	cme	WithheldDate	-	2025-09-01	2025-09-01
GAP	cme	WithheldDate	-	2025-09-02	2025-09-02
GAP	cme	ResolutionEdge	-	2025-09-03	2025-09-03
GAP	cme	NormalWeekPhaseWithheld	#79	2025-09-07	2025-09-07
GAP	cme	NormalWeekPhaseWithheld	#79	2025-09-14	2025-09-14
GAP	cme	NormalWeekPhaseWithheld	#79	2025-09-21	2025-09-21
GAP	cme	NormalWeekPhaseWithheld	#79	2025-09-28	2025-09-28
GAP	cme	NormalWeekPhaseWithheld	#79	2025-10-05	2025-10-05
GAP	cme	NormalWeekPhaseWithheld	#79	2025-10-12	2025-10-12
GAP	cme	NormalWeekPhaseWithheld	#79	2025-10-19	2025-10-19
GAP	cme	NormalWeekPhaseWithheld	#79	2025-10-26	2025-10-26
GAP	cme	NormalWeekPhaseWithheld	#79	2025-11-02	2025-11-02
GAP	cme	NormalWeekPhaseWithheld	#79	2025-11-09	2025-11-09
GAP	cme	NormalWeekPhaseWithheld	#79	2025-11-16	2025-11-16
GAP	cme	NormalWeekPhaseWithheld	#79	2025-11-23	2025-11-23
GAP	cme	ResolutionEdge	-	2025-11-26	2025-11-26
GAP	cme	WithheldDate	-	2025-11-27	2025-11-27
GAP	cme	WithheldDate	-	2025-11-28	2025-11-28
GAP	cme	ResolutionEdge	-	2025-11-29	2025-11-29
GAP	cme	NormalWeekPhaseWithheld	#79	2025-11-30	2025-11-30
GAP	cme	NormalWeekPhaseWithheld	#79	2025-12-07	2025-12-07
GAP	cme	NormalWeekPhaseWithheld	#79	2025-12-14	2025-12-14
GAP	cme	NormalWeekPhaseWithheld	#79	2025-12-21	2025-12-21
GAP	cme	ResolutionEdge	-	2025-12-23	2025-12-23
GAP	cme	WithheldDate	-	2025-12-24	2025-12-24
GAP	cme	ResolutionEdge	-	2025-12-25	2025-12-25
GAP	cme	NormalWeekPhaseWithheld	#79	2025-12-28	2025-12-28
GAP	cme	NormalWeekPhaseWithheld	#79	2026-01-04	2026-01-04
GAP	cme	NormalWeekPhaseWithheld	#79	2026-01-11	2026-01-11
GAP	cme	ResolutionEdge	-	2026-01-17	2026-01-17
GAP	cme	NormalWeekPhaseWithheld	#79	2026-01-18	2026-01-18
GAP	cme	WithheldDate	-	2026-01-19	2026-01-19
GAP	cme	WithheldDate	-	2026-01-20	2026-01-20
GAP	cme	ResolutionEdge	-	2026-01-21	2026-01-21
GAP	cme	NormalWeekPhaseWithheld	#79	2026-01-25	2026-01-25
GAP	cme	NormalWeekPhaseWithheld	#79	2026-02-01	2026-02-01
GAP	cme	NormalWeekPhaseWithheld	#79	2026-02-08	2026-02-08
GAP	cme	ResolutionEdge	-	2026-02-14	2026-02-14
GAP	cme	NormalWeekPhaseWithheld	#79	2026-02-15	2026-02-15
GAP	cme	WithheldDate	-	2026-02-16	2026-02-16
GAP	cme	WithheldDate	-	2026-02-17	2026-02-17
GAP	cme	ResolutionEdge	-	2026-02-18	2026-02-18
GAP	cme	NormalWeekPhaseWithheld	#79	2026-02-22	2026-02-22
GAP	cme	NormalWeekPhaseWithheld	#79	2026-03-01	2026-03-01
GAP	cme	NormalWeekPhaseWithheld	#79	2026-03-08	2026-03-08
GAP	cme	NormalWeekPhaseWithheld	#79	2026-03-15	2026-03-15
GAP	cme	NormalWeekPhaseWithheld	#79	2026-03-22	2026-03-22
GAP	cme	NormalWeekPhaseWithheld	#79	2026-03-29	2026-03-29
GAP	cme	ResolutionEdge	-	2026-04-02	2026-04-02
GAP	cme	WithheldDate	-	2026-04-03	2026-04-03
GAP	cme	ResolutionEdge	-	2026-04-04	2026-04-04
GAP	cme	NormalWeekPhaseWithheld	#79	2026-04-05	2026-04-05
GAP	cme	NormalWeekPhaseWithheld	#79	2026-04-12	2026-04-12
GAP	cme	NormalWeekPhaseWithheld	#79	2026-04-19	2026-04-19
GAP	cme	NormalWeekPhaseWithheld	#79	2026-04-26	2026-04-26
GAP	cme	NormalWeekPhaseWithheld	#79	2026-05-03	2026-05-03
GAP	cme	NormalWeekPhaseWithheld	#79	2026-05-10	2026-05-10
GAP	cme	NormalWeekPhaseWithheld	#79	2026-05-17	2026-05-17
GAP	cme	ResolutionEdge	-	2026-05-23	2026-05-23
GAP	cme	NormalWeekPhaseWithheld	#79	2026-05-24	2026-05-24
GAP	cme	WithheldDate	-	2026-05-25	2026-05-25
GAP	cme	WithheldDate	-	2026-05-26	2026-05-26
GAP	cme	ResolutionEdge	-	2026-05-27	2026-05-27
GAP	cme	NormalWeekPhaseWithheld	#79	2026-05-31	2026-05-31
GAP	cme	NormalWeekPhaseWithheld	#79	2026-06-07	2026-06-07
GAP	cme	NormalWeekPhaseWithheld	#79	2026-06-14	2026-06-14
GAP	cme	ResolutionEdge	-	2026-06-18	2026-06-18
GAP	cme	WithheldDate	-	2026-06-19	2026-06-19
GAP	cme	ResolutionEdge	-	2026-06-20	2026-06-20
GAP	cme	NormalWeekPhaseWithheld	#79	2026-06-21	2026-06-21
GAP	cme	WithheldDate	-	2026-06-22	2026-06-22
GAP	cme	ResolutionEdge	-	2026-06-23	2026-06-23
GAP	cme	NormalWeekPhaseWithheld	#79	2026-06-28	2026-06-28
GAP	cme	ResolutionEdge	-	2026-07-02	2026-07-02
GAP	cme	WithheldDate	-	2026-07-03	2026-07-03
GAP	cme	ResolutionEdge	-	2026-07-04	2026-07-04
GAP	cme	NormalWeekPhaseWithheld	#79	2026-07-05	2026-07-05
GAP	cme	WithheldDate	-	2026-07-06	2026-07-06
GAP	cme	ResolutionEdge	-	2026-07-07	2026-07-07
GAP	cme	NormalWeekPhaseWithheld	#79	2026-07-12	2026-07-12
GAP	cme	NormalWeekPhaseWithheld	#79	2026-07-19	2026-07-19
GAP	cme	NormalWeekPhaseWithheld	#79	2026-07-26	2026-07-26
GAP	cme	NormalWeekPhaseWithheld	#79	2026-08-02	2026-08-02
GAP	cme	NormalWeekPhaseWithheld	#79	2026-08-09	2026-08-09
GAP	cme	NormalWeekPhaseWithheld	#79	2026-08-16	2026-08-16
GAP	cme	ResolutionEdge	-	2026-09-05	2026-09-06
GAP	cme	WithheldDate	-	2026-09-07	2026-09-07
GAP	cme	WithheldDate	-	2026-09-08	2026-09-08
GAP	cme	ResolutionEdge	-	2026-09-09	2026-09-09
GAP	cme	ResolutionEdge	-	2026-11-25	2026-11-25
GAP	cme	WithheldDate	-	2026-11-26	2026-11-26
GAP	cme	WithheldDate	-	2026-11-27	2026-11-27
GAP	cme	ResolutionEdge	-	2026-11-28	2026-11-28
GAP	cme	ResolutionEdge	-	2026-12-23	2026-12-23
GAP	cme	WithheldDate	-	2026-12-24	2026-12-24
GAP	cme	ResolutionEdge	-	2026-12-25	2026-12-26
GAP	cme	ResolutionEdge	-	2027-01-16	2027-01-17
GAP	cme	WithheldDate	-	2027-01-18	2027-01-18
GAP	cme	WithheldDate	-	2027-01-19	2027-01-19
GAP	cme	ResolutionEdge	-	2027-01-20	2027-01-20
GAP	cme	ResolutionEdge	-	2027-02-13	2027-02-14
GAP	cme	WithheldDate	-	2027-02-15	2027-02-15
GAP	cme	WithheldDate	-	2027-02-16	2027-02-16
GAP	cme	ResolutionEdge	-	2027-02-17	2027-02-17
GAP	cme	ResolutionEdge	-	2027-05-29	2027-05-30
GAP	cme	WithheldDate	-	2027-05-31	2027-05-31
GAP	cme	WithheldDate	-	2027-06-01	2027-06-01
GAP	cme	ResolutionEdge	-	2027-06-02	2027-06-02
GAP	cme	ResolutionEdge	-	2027-06-17	2027-06-17
GAP	cme	WithheldDate	-	2027-06-18	2027-06-18
GAP	cme	ResolutionEdge	-	2027-06-19	2027-06-19
GAP	cme	ResolutionEdge	-	2027-06-20	2027-06-20
GAP	cme	WithheldDate	-	2027-06-21	2027-06-21
GAP	cme	ResolutionEdge	-	2027-06-22	2027-06-22
GAP	cme	ResolutionEdge	-	2027-07-03	2027-07-04
GAP	cme	WithheldDate	-	2027-07-05	2027-07-05
GAP	cme	WithheldDate	-	2027-07-06	2027-07-06
GAP	cme	ResolutionEdge	-	2027-07-07	2027-07-07
GAP	cme	ResolutionEdge	-	2027-09-04	2027-09-05
GAP	cme	WithheldDate	-	2027-09-06	2027-09-06
GAP	cme	WithheldDate	-	2027-09-07	2027-09-07
GAP	cme	ResolutionEdge	-	2027-09-08	2027-09-08
GAP	cme	ResolutionEdge	-	2027-11-24	2027-11-24
GAP	cme	WithheldDate	-	2027-11-25	2027-11-25
GAP	cme	WithheldDate	-	2027-11-26	2027-11-26
GAP	cme	ResolutionEdge	-	2027-11-27	2027-11-27
GAP	cme	ResolutionEdge	-	2027-12-31	2027-12-31
GAP	cme	NoHolidayCoverage	-	2028-01-01	open
GAP	cbot	NormalWeekCarried	-	2010-01-01	2010-03-14
GAP	cbot	ResolutionEdge	-	2010-03-15	2010-03-15
GAP	cbot	ResolutionEdge	-	2010-04-01	2010-04-01
GAP	cbot	WithheldDate	-	2010-04-02	2010-04-02
GAP	cbot	ResolutionEdge	-	2010-04-03	2010-04-03
GAP	cbot	ResolutionEdge	-	2010-11-25	2010-11-25
GAP	cbot	WithheldDate	-	2010-11-26	2010-11-26
GAP	cbot	ResolutionEdge	-	2010-11-27	2010-11-27
GAP	cbot	ResolutionEdge	-	2010-12-30	2010-12-30
GAP	cbot	WithheldDate	-	2010-12-31	2010-12-31
GAP	cbot	ResolutionEdge	-	2011-01-01	2011-01-01
GAP	cbot	ResolutionEdge	-	2011-11-24	2011-11-24
GAP	cbot	WithheldDate	-	2011-11-25	2011-11-25
GAP	cbot	ResolutionEdge	-	2011-11-26	2011-11-26
GAP	cbot	ResolutionEdge	-	2011-12-26	2011-12-26
GAP	cbot	WithheldDate	-	2011-12-27	2011-12-27
GAP	cbot	ResolutionEdge	-	2011-12-28	2011-12-28
GAP	cbot	ResolutionEdge	-	2012-01-02	2012-01-02
GAP	cbot	WithheldDate	-	2012-01-03	2012-01-03
GAP	cbot	ResolutionEdge	-	2012-01-04	2012-01-04
GAP	cbot	ResolutionEdge	-	2012-04-05	2012-04-05
GAP	cbot	WithheldDate	-	2012-04-06	2012-04-06
GAP	cbot	ResolutionEdge	-	2012-04-07	2012-04-07
GAP	cbot	ResolutionEdge	-	2012-05-26	2012-05-27
GAP	cbot	WithheldDate	-	2012-05-28	2012-05-28
GAP	cbot	ResolutionEdge	-	2012-05-29	2012-05-29
GAP	cbot	ResolutionEdge	-	2012-07-02	2012-07-02
GAP	cbot	WithheldDate	-	2012-07-03	2012-07-03
GAP	cbot	WithheldDate	-	2012-07-04	2012-07-04
GAP	cbot	WithheldDate	-	2012-07-05	2012-07-05
GAP	cbot	ResolutionEdge	-	2012-07-06	2012-07-07
GAP	cbot	ResolutionEdge	-	2012-09-01	2012-09-02
GAP	cbot	WithheldDate	-	2012-09-03	2012-09-03
GAP	cbot	ResolutionEdge	-	2012-09-04	2012-09-04
GAP	cbot	ResolutionEdge	-	2012-11-21	2012-11-21
GAP	cbot	WithheldDate	-	2012-11-22	2012-11-22
GAP	cbot	WithheldDate	-	2012-11-23	2012-11-23
GAP	cbot	ResolutionEdge	-	2012-11-24	2012-11-24
GAP	cbot	ResolutionEdge	-	2012-12-22	2012-12-23
GAP	cbot	WithheldDate	-	2012-12-24	2012-12-24
GAP	cbot	ResolutionEdge	-	2012-12-25	2012-12-25
GAP	cbot	WithheldDate	-	2012-12-26	2012-12-26
GAP	cbot	ResolutionEdge	-	2012-12-27	2012-12-27
GAP	cbot	ResolutionEdge	-	2013-01-01	2013-01-01
GAP	cbot	WithheldDate	-	2013-01-02	2013-01-02
GAP	cbot	ResolutionEdge	-	2013-01-03	2013-01-03
GAP	cbot	ResolutionEdge	-	2013-01-19	2013-01-20
GAP	cbot	WithheldDate	-	2013-01-21	2013-01-21
GAP	cbot	ResolutionEdge	-	2013-01-22	2013-01-22
GAP	cbot	ResolutionEdge	-	2013-02-16	2013-02-17
GAP	cbot	WithheldDate	-	2013-02-18	2013-02-18
GAP	cbot	ResolutionEdge	-	2013-02-19	2013-02-19
GAP	cbot	ResolutionEdge	-	2013-05-25	2013-05-26
GAP	cbot	WithheldDate	-	2013-05-27	2013-05-27
GAP	cbot	ResolutionEdge	-	2013-05-28	2013-05-28
GAP	cbot	ResolutionEdge	-	2013-07-02	2013-07-02
GAP	cbot	WithheldDate	-	2013-07-03	2013-07-03
GAP	cbot	WithheldDate	-	2013-07-04	2013-07-04
GAP	cbot	WithheldDate	-	2013-07-05	2013-07-05
GAP	cbot	ResolutionEdge	-	2013-07-06	2013-07-06
GAP	cbot	ResolutionEdge	-	2013-08-31	2013-09-01
GAP	cbot	WithheldDate	-	2013-09-02	2013-09-02
GAP	cbot	ResolutionEdge	-	2013-09-03	2013-09-03
GAP	cbot	ResolutionEdge	-	2013-11-27	2013-11-27
GAP	cbot	WithheldDate	-	2013-11-28	2013-11-28
GAP	cbot	WithheldDate	-	2013-11-29	2013-11-29
GAP	cbot	ResolutionEdge	-	2013-11-30	2013-11-30
GAP	cbot	ResolutionEdge	-	2013-12-23	2013-12-23
GAP	cbot	WithheldDate	-	2013-12-24	2013-12-24
GAP	cbot	ResolutionEdge	-	2013-12-25	2013-12-25
GAP	cbot	WithheldDate	-	2013-12-26	2013-12-26
GAP	cbot	ResolutionEdge	-	2013-12-27	2013-12-28
GAP	cbot	ResolutionEdge	-	2014-01-01	2014-01-01
GAP	cbot	WithheldDate	-	2014-01-02	2014-01-02
GAP	cbot	ResolutionEdge	-	2014-01-03	2014-01-04
GAP	cbot	ResolutionEdge	-	2014-01-18	2014-01-19
GAP	cbot	WithheldDate	-	2014-01-20	2014-01-20
GAP	cbot	ResolutionEdge	-	2014-01-21	2014-01-21
GAP	cbot	ResolutionEdge	-	2014-02-15	2014-02-16
GAP	cbot	WithheldDate	-	2014-02-17	2014-02-17
GAP	cbot	ResolutionEdge	-	2014-02-18	2014-02-18
GAP	cbot	ResolutionEdge	-	2014-05-24	2014-05-25
GAP	cbot	WithheldDate	-	2014-05-26	2014-05-26
GAP	cbot	ResolutionEdge	-	2014-05-27	2014-05-27
GAP	cbot	ResolutionEdge	-	2014-07-02	2014-07-02
GAP	cbot	WithheldDate	-	2014-07-03	2014-07-03
GAP	cbot	WithheldDate	-	2014-07-04	2014-07-04
GAP	cbot	ResolutionEdge	-	2014-07-05	2014-07-05
GAP	cbot	ResolutionEdge	-	2014-07-06	2014-07-06
GAP	cbot	WithheldDate	-	2014-07-07	2014-07-07
GAP	cbot	ResolutionEdge	-	2014-07-08	2014-07-08
GAP	cbot	ResolutionEdge	-	2014-08-30	2014-08-31
GAP	cbot	WithheldDate	-	2014-09-01	2014-09-01
GAP	cbot	ResolutionEdge	-	2014-09-02	2014-09-02
GAP	cbot	ResolutionEdge	-	2014-11-26	2014-11-26
GAP	cbot	WithheldDate	-	2014-11-27	2014-11-27
GAP	cbot	WithheldDate	-	2014-11-28	2014-11-28
GAP	cbot	ResolutionEdge	-	2014-11-29	2014-11-29
GAP	cbot	ResolutionEdge	-	2014-12-23	2014-12-23
GAP	cbot	WithheldDate	-	2014-12-24	2014-12-24
GAP	cbot	ResolutionEdge	-	2014-12-25	2014-12-25
GAP	cbot	WithheldDate	-	2014-12-26	2014-12-26
GAP	cbot	ResolutionEdge	-	2014-12-27	2014-12-27
GAP	cbot	ResolutionEdge	-	2015-01-01	2015-01-01
GAP	cbot	WithheldDate	-	2015-01-02	2015-01-02
GAP	cbot	ResolutionEdge	-	2015-01-03	2015-01-03
GAP	cbot	ResolutionEdge	-	2015-01-17	2015-01-18
GAP	cbot	WithheldDate	-	2015-01-19	2015-01-19
GAP	cbot	ResolutionEdge	-	2015-01-20	2015-01-20
GAP	cbot	ResolutionEdge	-	2015-02-14	2015-02-15
GAP	cbot	WithheldDate	-	2015-02-16	2015-02-16
GAP	cbot	ResolutionEdge	-	2015-02-17	2015-02-17
GAP	cbot	ResolutionEdge	-	2015-04-02	2015-04-02
GAP	cbot	WithheldDate	-	2015-04-03	2015-04-03
GAP	cbot	ResolutionEdge	-	2015-04-04	2015-04-04
GAP	cbot	ResolutionEdge	-	2015-05-23	2015-05-24
GAP	cbot	WithheldDate	-	2015-05-25	2015-05-25
GAP	cbot	ResolutionEdge	-	2015-05-26	2015-05-26
GAP	cbot	ResolutionEdge	-	2015-07-01	2015-07-01
GAP	cbot	WithheldDate	-	2015-07-02	2015-07-02
GAP	cbot	WithheldDate	-	2015-07-03	2015-07-03
GAP	cbot	ResolutionEdge	-	2015-07-04	2015-07-04
GAP	cbot	ResolutionEdge	-	2015-09-05	2015-09-06
GAP	cbot	WithheldDate	-	2015-09-07	2015-09-07
GAP	cbot	ResolutionEdge	-	2015-09-08	2015-09-08
GAP	cbot	ResolutionEdge	-	2015-11-25	2015-11-25
GAP	cbot	WithheldDate	-	2015-11-26	2015-11-26
GAP	cbot	WithheldDate	-	2015-11-27	2015-11-27
GAP	cbot	ResolutionEdge	-	2015-11-28	2015-11-28
GAP	cbot	ResolutionEdge	-	2015-12-23	2015-12-23
GAP	cbot	WithheldDate	-	2015-12-24	2015-12-24
GAP	cbot	ResolutionEdge	-	2015-12-25	2015-12-26
GAP	cbot	ResolutionEdge	-	2016-01-16	2016-01-17
GAP	cbot	WithheldDate	-	2016-01-18	2016-01-18
GAP	cbot	ResolutionEdge	-	2016-01-19	2016-01-19
GAP	cbot	ResolutionEdge	-	2016-02-13	2016-02-14
GAP	cbot	WithheldDate	-	2016-02-15	2016-02-15
GAP	cbot	ResolutionEdge	-	2016-02-16	2016-02-16
GAP	cbot	ResolutionEdge	-	2016-05-28	2016-05-29
GAP	cbot	WithheldDate	-	2016-05-30	2016-05-30
GAP	cbot	ResolutionEdge	-	2016-05-31	2016-05-31
GAP	cbot	ResolutionEdge	-	2016-07-02	2016-07-03
GAP	cbot	WithheldDate	-	2016-07-04	2016-07-04
GAP	cbot	ResolutionEdge	-	2016-07-05	2016-07-05
GAP	cbot	ResolutionEdge	-	2016-09-03	2016-09-04
GAP	cbot	WithheldDate	-	2016-09-05	2016-09-05
GAP	cbot	ResolutionEdge	-	2016-09-06	2016-09-06
GAP	cbot	ResolutionEdge	-	2016-11-23	2016-11-23
GAP	cbot	WithheldDate	-	2016-11-24	2016-11-24
GAP	cbot	WithheldDate	-	2016-11-25	2016-11-25
GAP	cbot	ResolutionEdge	-	2016-11-26	2016-11-26
GAP	cbot	ResolutionEdge	-	2016-12-22	2016-12-22
GAP	cbot	WithheldDate	-	2016-12-23	2016-12-23
GAP	cbot	ResolutionEdge	-	2016-12-24	2016-12-24
GAP	cbot	ResolutionEdge	-	2017-01-14	2017-01-15
GAP	cbot	WithheldDate	-	2017-01-16	2017-01-16
GAP	cbot	ResolutionEdge	-	2017-01-17	2017-01-17
GAP	cbot	ResolutionEdge	-	2017-02-18	2017-02-19
GAP	cbot	WithheldDate	-	2017-02-20	2017-02-20
GAP	cbot	ResolutionEdge	-	2017-02-21	2017-02-21
GAP	cbot	ResolutionEdge	-	2017-05-27	2017-05-28
GAP	cbot	WithheldDate	-	2017-05-29	2017-05-29
GAP	cbot	ResolutionEdge	-	2017-05-30	2017-05-30
GAP	cbot	ResolutionEdge	-	2017-07-01	2017-07-02
GAP	cbot	WithheldDate	-	2017-07-03	2017-07-03
GAP	cbot	WithheldDate	-	2017-07-04	2017-07-04
GAP	cbot	ResolutionEdge	-	2017-07-05	2017-07-05
GAP	cbot	ResolutionEdge	-	2017-09-02	2017-09-03
GAP	cbot	WithheldDate	-	2017-09-04	2017-09-04
GAP	cbot	ResolutionEdge	-	2017-09-05	2017-09-05
GAP	cbot	ResolutionEdge	-	2017-11-22	2017-11-22
GAP	cbot	WithheldDate	-	2017-11-23	2017-11-23
GAP	cbot	WithheldDate	-	2017-11-24	2017-11-24
GAP	cbot	ResolutionEdge	-	2017-11-25	2017-11-25
GAP	cbot	ResolutionEdge	-	2017-12-21	2017-12-21
GAP	cbot	WithheldDate	-	2017-12-22	2017-12-22
GAP	cbot	ResolutionEdge	-	2017-12-23	2017-12-23
GAP	cbot	ResolutionEdge	-	2018-01-13	2018-01-14
GAP	cbot	WithheldDate	-	2018-01-15	2018-01-15
GAP	cbot	ResolutionEdge	-	2018-01-16	2018-01-16
GAP	cbot	ResolutionEdge	-	2018-02-17	2018-02-18
GAP	cbot	WithheldDate	-	2018-02-19	2018-02-19
GAP	cbot	ResolutionEdge	-	2018-02-20	2018-02-20
GAP	cbot	ResolutionEdge	-	2018-05-26	2018-05-27
GAP	cbot	WithheldDate	-	2018-05-28	2018-05-28
GAP	cbot	ResolutionEdge	-	2018-05-29	2018-05-29
GAP	cbot	ResolutionEdge	-	2018-07-02	2018-07-02
GAP	cbot	WithheldDate	-	2018-07-03	2018-07-03
GAP	cbot	WithheldDate	-	2018-07-04	2018-07-04
GAP	cbot	ResolutionEdge	-	2018-07-05	2018-07-05
GAP	cbot	ResolutionEdge	-	2018-09-01	2018-09-02
GAP	cbot	WithheldDate	-	2018-09-03	2018-09-03
GAP	cbot	ResolutionEdge	-	2018-09-04	2018-09-04
GAP	cbot	ResolutionEdge	-	2018-11-21	2018-11-21
GAP	cbot	WithheldDate	-	2018-11-22	2018-11-22
GAP	cbot	WithheldDate	-	2018-11-23	2018-11-23
GAP	cbot	ResolutionEdge	-	2018-11-24	2018-11-24
GAP	cbot	ResolutionEdge	-	2018-12-22	2018-12-23
GAP	cbot	WithheldDate	-	2018-12-24	2018-12-24
GAP	cbot	ResolutionEdge	-	2018-12-25	2018-12-25
GAP	cbot	WithheldDate	-	2018-12-26	2018-12-26
GAP	cbot	ResolutionEdge	-	2018-12-27	2018-12-27
GAP	cbot	ResolutionEdge	-	2019-01-01	2019-01-01
GAP	cbot	WithheldDate	-	2019-01-02	2019-01-02
GAP	cbot	ResolutionEdge	-	2019-01-03	2019-01-03
GAP	cbot	ResolutionEdge	-	2019-01-19	2019-01-20
GAP	cbot	WithheldDate	-	2019-01-21	2019-01-21
GAP	cbot	ResolutionEdge	-	2019-01-22	2019-01-22
GAP	cbot	ResolutionEdge	-	2019-02-16	2019-02-17
GAP	cbot	WithheldDate	-	2019-02-18	2019-02-18
GAP	cbot	ResolutionEdge	-	2019-02-19	2019-02-19
GAP	cbot	ResolutionEdge	-	2019-05-25	2019-05-26
GAP	cbot	WithheldDate	-	2019-05-27	2019-05-27
GAP	cbot	ResolutionEdge	-	2019-05-28	2019-05-28
GAP	cbot	ResolutionEdge	-	2019-06-18	2019-06-18
GAP	cbot	WithheldDate	-	2019-06-19	2019-06-19
GAP	cbot	ResolutionEdge	-	2019-06-20	2019-06-20
GAP	cbot	ResolutionEdge	-	2019-07-02	2019-07-02
GAP	cbot	WithheldDate	-	2019-07-03	2019-07-03
GAP	cbot	WithheldDate	-	2019-07-04	2019-07-04
GAP	cbot	WithheldDate	-	2019-07-05	2019-07-05
GAP	cbot	ResolutionEdge	-	2019-07-06	2019-07-06
GAP	cbot	ResolutionEdge	-	2019-08-31	2019-09-01
GAP	cbot	WithheldDate	-	2019-09-02	2019-09-02
GAP	cbot	ResolutionEdge	-	2019-09-03	2019-09-03
GAP	cbot	ResolutionEdge	-	2019-11-27	2019-11-27
GAP	cbot	WithheldDate	-	2019-11-28	2019-11-28
GAP	cbot	WithheldDate	-	2019-11-29	2019-11-29
GAP	cbot	ResolutionEdge	-	2019-11-30	2019-11-30
GAP	cbot	ResolutionEdge	-	2019-12-23	2019-12-23
GAP	cbot	WithheldDate	-	2019-12-24	2019-12-24
GAP	cbot	ResolutionEdge	-	2019-12-25	2019-12-25
GAP	cbot	WithheldDate	-	2019-12-26	2019-12-26
GAP	cbot	ResolutionEdge	-	2019-12-27	2019-12-28
GAP	cbot	ResolutionEdge	-	2020-01-01	2020-01-01
GAP	cbot	WithheldDate	-	2020-01-02	2020-01-02
GAP	cbot	ResolutionEdge	-	2020-01-03	2020-01-04
GAP	cbot	ResolutionEdge	-	2020-01-18	2020-01-19
GAP	cbot	WithheldDate	-	2020-01-20	2020-01-20
GAP	cbot	ResolutionEdge	-	2020-01-21	2020-01-21
GAP	cbot	ResolutionEdge	-	2020-02-15	2020-02-16
GAP	cbot	WithheldDate	-	2020-02-17	2020-02-17
GAP	cbot	ResolutionEdge	-	2020-02-18	2020-02-18
GAP	cbot	ResolutionEdge	-	2020-05-23	2020-05-24
GAP	cbot	WithheldDate	-	2020-05-25	2020-05-25
GAP	cbot	ResolutionEdge	-	2020-05-26	2020-05-26
GAP	cbot	ResolutionEdge	-	2020-06-18	2020-06-18
GAP	cbot	WithheldDate	-	2020-06-19	2020-06-19
GAP	cbot	ResolutionEdge	-	2020-06-20	2020-06-20
GAP	cbot	ResolutionEdge	-	2020-07-01	2020-07-01
GAP	cbot	WithheldDate	-	2020-07-02	2020-07-02
GAP	cbot	WithheldDate	-	2020-07-03	2020-07-03
GAP	cbot	ResolutionEdge	-	2020-07-04	2020-07-04
GAP	cbot	ResolutionEdge	-	2020-09-05	2020-09-06
GAP	cbot	WithheldDate	-	2020-09-07	2020-09-07
GAP	cbot	ResolutionEdge	-	2020-09-08	2020-09-08
GAP	cbot	ResolutionEdge	-	2020-11-25	2020-11-25
GAP	cbot	WithheldDate	-	2020-11-26	2020-11-26
GAP	cbot	WithheldDate	-	2020-11-27	2020-11-27
GAP	cbot	ResolutionEdge	-	2020-11-28	2020-11-28
GAP	cbot	ResolutionEdge	-	2020-12-23	2020-12-23
GAP	cbot	WithheldDate	-	2020-12-24	2020-12-24
GAP	cbot	ResolutionEdge	-	2020-12-25	2020-12-26
GAP	cbot	ResolutionEdge	-	2021-01-16	2021-01-17
GAP	cbot	WithheldDate	-	2021-01-18	2021-01-18
GAP	cbot	ResolutionEdge	-	2021-01-19	2021-01-19
GAP	cbot	ResolutionEdge	-	2021-02-13	2021-02-14
GAP	cbot	WithheldDate	-	2021-02-15	2021-02-15
GAP	cbot	ResolutionEdge	-	2021-02-16	2021-02-16
GAP	cbot	ResolutionEdge	-	2021-04-01	2021-04-01
GAP	cbot	WithheldDate	-	2021-04-02	2021-04-02
GAP	cbot	ResolutionEdge	-	2021-04-03	2021-04-03
GAP	cbot	ResolutionEdge	-	2021-05-29	2021-05-30
GAP	cbot	WithheldDate	-	2021-05-31	2021-05-31
GAP	cbot	ResolutionEdge	-	2021-06-01	2021-06-01
GAP	cbot	ResolutionEdge	-	2021-06-18	2021-06-18
GAP	cbot	WithheldDate	-	2021-06-19	2021-06-19
GAP	cbot	ResolutionEdge	-	2021-06-20	2021-06-20
GAP	cbot	ResolutionEdge	-	2021-07-03	2021-07-04
GAP	cbot	WithheldDate	-	2021-07-05	2021-07-05
GAP	cbot	WithheldDate	-	2021-07-06	2021-07-06
GAP	cbot	ResolutionEdge	-	2021-07-07	2021-07-07
GAP	cbot	ResolutionEdge	-	2021-09-04	2021-09-05
GAP	cbot	WithheldDate	-	2021-09-06	2021-09-06
GAP	cbot	ResolutionEdge	-	2021-09-07	2021-09-07
GAP	cbot	ResolutionEdge	-	2021-11-24	2021-11-24
GAP	cbot	WithheldDate	-	2021-11-25	2021-11-25
GAP	cbot	WithheldDate	-	2021-11-26	2021-11-26
GAP	cbot	ResolutionEdge	-	2021-11-27	2021-11-27
GAP	cbot	ResolutionEdge	-	2022-01-15	2022-01-16
GAP	cbot	WithheldDate	-	2022-01-17	2022-01-17
GAP	cbot	ResolutionEdge	-	2022-01-18	2022-01-18
GAP	cbot	ResolutionEdge	-	2022-02-19	2022-02-20
GAP	cbot	WithheldDate	-	2022-02-21	2022-02-21
GAP	cbot	ResolutionEdge	-	2022-02-22	2022-02-22
GAP	cbot	ResolutionEdge	-	2022-05-28	2022-05-29
GAP	cbot	WithheldDate	-	2022-05-30	2022-05-30
GAP	cbot	ResolutionEdge	-	2022-05-31	2022-05-31
GAP	cbot	ResolutionEdge	-	2022-06-18	2022-06-19
GAP	cbot	WithheldDate	-	2022-06-20	2022-06-20
GAP	cbot	ResolutionEdge	-	2022-06-21	2022-06-21
GAP	cbot	ResolutionEdge	-	2022-07-02	2022-07-03
GAP	cbot	WithheldDate	-	2022-07-04	2022-07-04
GAP	cbot	WithheldDate	-	2022-07-05	2022-07-05
GAP	cbot	ResolutionEdge	-	2022-07-06	2022-07-06
GAP	cbot	ResolutionEdge	-	2022-09-03	2022-09-04
GAP	cbot	WithheldDate	-	2022-09-05	2022-09-05
GAP	cbot	ResolutionEdge	-	2022-09-06	2022-09-06
GAP	cbot	ResolutionEdge	-	2022-11-23	2022-11-23
GAP	cbot	WithheldDate	-	2022-11-24	2022-11-24
GAP	cbot	WithheldDate	-	2022-11-25	2022-11-25
GAP	cbot	ResolutionEdge	-	2022-11-26	2022-11-26
GAP	cbot	ResolutionEdge	-	2023-01-14	2023-01-15
GAP	cbot	WithheldDate	-	2023-01-16	2023-01-16
GAP	cbot	ResolutionEdge	-	2023-01-17	2023-01-17
GAP	cbot	ResolutionEdge	-	2023-02-18	2023-02-19
GAP	cbot	WithheldDate	-	2023-02-20	2023-02-20
GAP	cbot	ResolutionEdge	-	2023-02-21	2023-02-21
GAP	cbot	ResolutionEdge	-	2023-04-06	2023-04-06
GAP	cbot	WithheldDate	-	2023-04-07	2023-04-07
GAP	cbot	ResolutionEdge	-	2023-04-08	2023-04-08
GAP	cbot	ResolutionEdge	-	2023-05-27	2023-05-28
GAP	cbot	WithheldDate	-	2023-05-29	2023-05-29
GAP	cbot	ResolutionEdge	-	2023-05-30	2023-05-30
GAP	cbot	ResolutionEdge	-	2023-06-17	2023-06-18
GAP	cbot	WithheldDate	-	2023-06-19	2023-06-19
GAP	cbot	ResolutionEdge	-	2023-06-20	2023-06-20
GAP	cbot	ResolutionEdge	-	2023-07-03	2023-07-03
GAP	cbot	WithheldDate	-	2023-07-04	2023-07-04
GAP	cbot	WithheldDate	-	2023-07-05	2023-07-05
GAP	cbot	ResolutionEdge	-	2023-07-06	2023-07-06
GAP	cbot	ResolutionEdge	-	2023-09-02	2023-09-03
GAP	cbot	WithheldDate	-	2023-09-04	2023-09-04
GAP	cbot	ResolutionEdge	-	2023-09-05	2023-09-05
GAP	cbot	ResolutionEdge	-	2023-11-22	2023-11-22
GAP	cbot	WithheldDate	-	2023-11-23	2023-11-23
GAP	cbot	WithheldDate	-	2023-11-24	2023-11-24
GAP	cbot	ResolutionEdge	-	2023-11-25	2023-11-25
GAP	cbot	ResolutionEdge	-	2023-12-25	2023-12-25
GAP	cbot	WithheldDate	-	2023-12-26	2023-12-26
GAP	cbot	ResolutionEdge	-	2023-12-27	2023-12-27
GAP	cbot	ResolutionEdge	-	2024-01-01	2024-01-01
GAP	cbot	WithheldDate	-	2024-01-02	2024-01-02
GAP	cbot	ResolutionEdge	-	2024-01-03	2024-01-03
GAP	cbot	ResolutionEdge	-	2024-01-13	2024-01-14
GAP	cbot	WithheldDate	-	2024-01-15	2024-01-15
GAP	cbot	ResolutionEdge	-	2024-01-16	2024-01-16
GAP	cbot	ResolutionEdge	-	2024-02-17	2024-02-18
GAP	cbot	WithheldDate	-	2024-02-19	2024-02-19
GAP	cbot	ResolutionEdge	-	2024-02-20	2024-02-20
GAP	cbot	ResolutionEdge	-	2024-05-25	2024-05-26
GAP	cbot	WithheldDate	-	2024-05-27	2024-05-27
GAP	cbot	ResolutionEdge	-	2024-05-28	2024-05-28
GAP	cbot	ResolutionEdge	-	2024-06-18	2024-06-18
GAP	cbot	WithheldDate	-	2024-06-19	2024-06-19
GAP	cbot	ResolutionEdge	-	2024-06-20	2024-06-20
GAP	cbot	ResolutionEdge	-	2024-07-03	2024-07-03
GAP	cbot	WithheldDate	-	2024-07-04	2024-07-04
GAP	cbot	WithheldDate	-	2024-07-05	2024-07-05
GAP	cbot	ResolutionEdge	-	2024-07-06	2024-07-06
GAP	cbot	ResolutionEdge	-	2024-08-31	2024-09-01
GAP	cbot	WithheldDate	-	2024-09-02	2024-09-02
GAP	cbot	ResolutionEdge	-	2024-09-03	2024-09-03
GAP	cbot	ResolutionEdge	-	2024-11-27	2024-11-27
GAP	cbot	WithheldDate	-	2024-11-28	2024-11-28
GAP	cbot	WithheldDate	-	2024-11-29	2024-11-29
GAP	cbot	ResolutionEdge	-	2024-11-30	2024-11-30
GAP	cbot	ResolutionEdge	-	2024-12-23	2024-12-23
GAP	cbot	WithheldDate	-	2024-12-24	2024-12-24
GAP	cbot	ResolutionEdge	-	2024-12-25	2024-12-25
GAP	cbot	WithheldDate	-	2024-12-26	2024-12-26
GAP	cbot	ResolutionEdge	-	2024-12-27	2024-12-28
GAP	cbot	ResolutionEdge	-	2025-01-01	2025-01-01
GAP	cbot	WithheldDate	-	2025-01-02	2025-01-02
GAP	cbot	ResolutionEdge	-	2025-01-03	2025-01-04
GAP	cbot	ResolutionEdge	-	2025-01-18	2025-01-19
GAP	cbot	WithheldDate	-	2025-01-20	2025-01-20
GAP	cbot	WithheldDate	-	2025-01-21	2025-01-21
GAP	cbot	ResolutionEdge	-	2025-01-22	2025-01-22
GAP	cbot	ResolutionEdge	-	2025-02-15	2025-02-16
GAP	cbot	WithheldDate	-	2025-02-17	2025-02-17
GAP	cbot	WithheldDate	-	2025-02-18	2025-02-18
GAP	cbot	ResolutionEdge	-	2025-02-19	2025-02-19
GAP	cbot	ResolutionEdge	-	2025-04-16	2025-04-16
GAP	cbot	WithheldDate	-	2025-04-17	2025-04-17
GAP	cbot	ResolutionEdge	-	2025-04-18	2025-04-19
GAP	cbot	ResolutionEdge	-	2025-05-24	2025-05-25
GAP	cbot	WithheldDate	-	2025-05-26	2025-05-26
GAP	cbot	WithheldDate	-	2025-05-27	2025-05-27
GAP	cbot	ResolutionEdge	-	2025-05-28	2025-05-28
GAP	cbot	ResolutionEdge	-	2025-06-17	2025-06-17
GAP	cbot	WithheldDate	-	2025-06-18	2025-06-18
GAP	cbot	WithheldDate	-	2025-06-19	2025-06-19
GAP	cbot	WithheldDate	-	2025-06-20	2025-06-20
GAP	cbot	ResolutionEdge	-	2025-06-21	2025-06-21
GAP	cbot	ResolutionEdge	-	2025-07-02	2025-07-02
GAP	cbot	WithheldDate	-	2025-07-03	2025-07-03
GAP	cbot	WithheldDate	-	2025-07-04	2025-07-04
GAP	cbot	ResolutionEdge	-	2025-07-05	2025-07-05
GAP	cbot	ResolutionEdge	-	2025-08-30	2025-08-31
GAP	cbot	WithheldDate	-	2025-09-01	2025-09-01
GAP	cbot	WithheldDate	-	2025-09-02	2025-09-02
GAP	cbot	ResolutionEdge	-	2025-09-03	2025-09-03
GAP	cbot	ResolutionEdge	-	2025-11-25	2025-11-25
GAP	cbot	WithheldDate	-	2025-11-26	2025-11-26
GAP	cbot	WithheldDate	-	2025-11-27	2025-11-27
GAP	cbot	WithheldDate	-	2025-11-28	2025-11-28
GAP	cbot	ResolutionEdge	-	2025-11-29	2025-11-29
GAP	cbot	ResolutionEdge	-	2025-12-23	2025-12-23
GAP	cbot	WithheldDate	-	2025-12-24	2025-12-24
GAP	cbot	ResolutionEdge	-	2025-12-25	2025-12-25
GAP	cbot	WithheldDate	-	2025-12-26	2025-12-26
GAP	cbot	ResolutionEdge	-	2025-12-27	2025-12-27
GAP	cbot	ResolutionEdge	-	2025-12-30	2025-12-30
GAP	cbot	WithheldDate	-	2025-12-31	2025-12-31
GAP	cbot	ResolutionEdge	-	2026-01-01	2026-01-01
GAP	cbot	WithheldDate	-	2026-01-02	2026-01-02
GAP	cbot	ResolutionEdge	-	2026-01-03	2026-01-03
GAP	cbot	ResolutionEdge	-	2026-01-17	2026-01-18
GAP	cbot	WithheldDate	-	2026-01-19	2026-01-19
GAP	cbot	WithheldDate	-	2026-01-20	2026-01-20
GAP	cbot	ResolutionEdge	-	2026-01-21	2026-01-21
GAP	cbot	ResolutionEdge	-	2026-02-14	2026-02-15
GAP	cbot	WithheldDate	-	2026-02-16	2026-02-16
GAP	cbot	WithheldDate	-	2026-02-17	2026-02-17
GAP	cbot	ResolutionEdge	-	2026-02-18	2026-02-18
GAP	cbot	ResolutionEdge	-	2026-04-01	2026-04-01
GAP	cbot	WithheldDate	-	2026-04-02	2026-04-02
GAP	cbot	WithheldDate	-	2026-04-03	2026-04-03
GAP	cbot	ResolutionEdge	-	2026-04-04	2026-04-04
GAP	cbot	ResolutionEdge	-	2026-05-23	2026-05-24
GAP	cbot	WithheldDate	-	2026-05-25	2026-05-25
GAP	cbot	WithheldDate	-	2026-05-26	2026-05-26
GAP	cbot	ResolutionEdge	-	2026-05-27	2026-05-27
GAP	cbot	ResolutionEdge	-	2026-06-17	2026-06-17
GAP	cbot	WithheldDate	-	2026-06-18	2026-06-18
GAP	cbot	WithheldDate	-	2026-06-19	2026-06-19
GAP	cbot	ResolutionEdge	-	2026-06-20	2026-06-20
GAP	cbot	ResolutionEdge	-	2026-07-01	2026-07-01
GAP	cbot	WithheldDate	-	2026-07-02	2026-07-02
GAP	cbot	WithheldDate	-	2026-07-03	2026-07-03
GAP	cbot	ResolutionEdge	-	2026-07-04	2026-07-04
GAP	cbot	ResolutionEdge	-	2026-09-05	2026-09-06
GAP	cbot	WithheldDate	-	2026-09-07	2026-09-07
GAP	cbot	WithheldDate	-	2026-09-08	2026-09-08
GAP	cbot	ResolutionEdge	-	2026-09-09	2026-09-09
GAP	cbot	ResolutionEdge	-	2026-11-24	2026-11-24
GAP	cbot	WithheldDate	-	2026-11-25	2026-11-25
GAP	cbot	WithheldDate	-	2026-11-26	2026-11-26
GAP	cbot	WithheldDate	-	2026-11-27	2026-11-27
GAP	cbot	ResolutionEdge	-	2026-11-28	2026-11-28
GAP	cbot	ResolutionEdge	-	2026-12-23	2026-12-23
GAP	cbot	WithheldDate	-	2026-12-24	2026-12-24
GAP	cbot	ResolutionEdge	-	2026-12-25	2026-12-26
GAP	cbot	ResolutionEdge	-	2026-12-30	2026-12-30
GAP	cbot	WithheldDate	-	2026-12-31	2026-12-31
GAP	cbot	ResolutionEdge	-	2027-01-01	2027-01-02
GAP	cbot	ResolutionEdge	-	2027-01-16	2027-01-17
GAP	cbot	WithheldDate	-	2027-01-18	2027-01-18
GAP	cbot	WithheldDate	-	2027-01-19	2027-01-19
GAP	cbot	ResolutionEdge	-	2027-01-20	2027-01-20
GAP	cbot	ResolutionEdge	-	2027-02-13	2027-02-14
GAP	cbot	WithheldDate	-	2027-02-15	2027-02-15
GAP	cbot	WithheldDate	-	2027-02-16	2027-02-16
GAP	cbot	ResolutionEdge	-	2027-02-17	2027-02-17
GAP	cbot	ResolutionEdge	-	2027-03-24	2027-03-24
GAP	cbot	WithheldDate	-	2027-03-25	2027-03-25
GAP	cbot	ResolutionEdge	-	2027-03-26	2027-03-27
GAP	cbot	ResolutionEdge	-	2027-05-29	2027-05-30
GAP	cbot	WithheldDate	-	2027-05-31	2027-05-31
GAP	cbot	WithheldDate	-	2027-06-01	2027-06-01
GAP	cbot	ResolutionEdge	-	2027-06-02	2027-06-02
GAP	cbot	ResolutionEdge	-	2027-06-16	2027-06-16
GAP	cbot	WithheldDate	-	2027-06-17	2027-06-17
GAP	cbot	WithheldDate	-	2027-06-18	2027-06-18
GAP	cbot	ResolutionEdge	-	2027-06-19	2027-06-19
GAP	cbot	ResolutionEdge	-	2027-07-03	2027-07-04
GAP	cbot	WithheldDate	-	2027-07-05	2027-07-05
GAP	cbot	WithheldDate	-	2027-07-06	2027-07-06
GAP	cbot	ResolutionEdge	-	2027-07-07	2027-07-07
GAP	cbot	ResolutionEdge	-	2027-09-04	2027-09-05
GAP	cbot	WithheldDate	-	2027-09-06	2027-09-06
GAP	cbot	WithheldDate	-	2027-09-07	2027-09-07
GAP	cbot	ResolutionEdge	-	2027-09-08	2027-09-08
GAP	cbot	ResolutionEdge	-	2027-11-23	2027-11-23
GAP	cbot	WithheldDate	-	2027-11-24	2027-11-24
GAP	cbot	WithheldDate	-	2027-11-25	2027-11-25
GAP	cbot	WithheldDate	-	2027-11-26	2027-11-26
GAP	cbot	ResolutionEdge	-	2027-11-27	2027-11-27
GAP	cbot	ResolutionEdge	-	2027-12-22	2027-12-22
GAP	cbot	WithheldDate	-	2027-12-23	2027-12-23
GAP	cbot	ResolutionEdge	-	2027-12-24	2027-12-25
GAP	cbot	ResolutionEdge	-	2027-12-31	2027-12-31
GAP	cbot	NoHolidayCoverage	-	2028-01-01	open
GAP	comex	NormalWeekCarried	-	2010-01-01	2012-05-10
GAP	comex	ResolutionEdge	-	2012-05-11	2012-05-12
GAP	comex	NormalWeekPhaseWithheld	#79	2012-06-03	2012-06-03
GAP	comex	NormalWeekPhaseWithheld	#79	2012-06-10	2012-06-10
GAP	comex	NormalWeekPhaseWithheld	#79	2012-06-17	2012-06-17
GAP	comex	NormalWeekPhaseWithheld	#79	2012-06-24	2012-06-24
GAP	comex	NormalWeekPhaseWithheld	#79	2012-07-01	2012-07-01
GAP	comex	NormalWeekPhaseWithheld	#79	2012-07-08	2012-07-08
GAP	comex	NormalWeekPhaseWithheld	#79	2012-07-15	2012-07-15
GAP	comex	NormalWeekPhaseWithheld	#79	2012-07-22	2012-07-22
GAP	comex	NormalWeekPhaseWithheld	#79	2012-07-29	2012-07-29
GAP	comex	NormalWeekPhaseWithheld	#79	2012-08-05	2012-08-05
GAP	comex	NormalWeekPhaseWithheld	#79	2012-08-12	2012-08-12
GAP	comex	NormalWeekPhaseWithheld	#79	2012-08-19	2012-08-19
GAP	comex	NormalWeekPhaseWithheld	#79	2012-08-26	2012-08-26
GAP	comex	NormalWeekPhaseWithheld	#79	2012-09-02	2012-09-02
GAP	comex	NormalWeekPhaseWithheld	#79	2012-09-09	2012-09-09
GAP	comex	NormalWeekPhaseWithheld	#79	2012-09-16	2012-09-16
GAP	comex	NormalWeekPhaseWithheld	#79	2012-09-23	2012-09-23
GAP	comex	NormalWeekPhaseWithheld	#79	2012-09-30	2012-09-30
GAP	comex	NormalWeekPhaseWithheld	#79	2012-10-07	2012-10-07
GAP	comex	NormalWeekPhaseWithheld	#79	2012-10-14	2012-10-14
GAP	comex	NormalWeekPhaseWithheld	#79	2012-10-21	2012-10-21
GAP	comex	NormalWeekPhaseWithheld	#79	2012-10-28	2012-10-28
GAP	comex	NormalWeekPhaseWithheld	#79	2012-11-04	2012-11-04
GAP	comex	NormalWeekPhaseWithheld	#79	2012-11-11	2012-11-11
GAP	comex	NormalWeekPhaseWithheld	#79	2012-11-18	2012-11-18
GAP	comex	NormalWeekPhaseWithheld	#79	2012-11-25	2012-11-25
GAP	comex	NormalWeekPhaseWithheld	#79	2012-12-02	2012-12-02
GAP	comex	NormalWeekPhaseWithheld	#79	2012-12-09	2012-12-09
GAP	comex	NormalWeekPhaseWithheld	#79	2012-12-16	2012-12-16
GAP	comex	NormalWeekPhaseWithheld	#79	2012-12-23	2012-12-23
GAP	comex	NormalWeekPhaseWithheld	#79	2012-12-30	2012-12-30
GAP	comex	NormalWeekPhaseWithheld	#79	2013-01-06	2013-01-06
GAP	comex	NormalWeekPhaseWithheld	#79	2013-01-13	2013-01-13
GAP	comex	NormalWeekPhaseWithheld	#79	2013-01-20	2013-01-20
GAP	comex	NormalWeekPhaseWithheld	#79	2013-01-27	2013-01-27
GAP	comex	NormalWeekPhaseWithheld	#79	2013-02-03	2013-02-03
GAP	comex	NormalWeekPhaseWithheld	#79	2013-02-10	2013-02-10
GAP	comex	NormalWeekPhaseWithheld	#79	2013-02-17	2013-02-17
GAP	comex	NormalWeekPhaseWithheld	#79	2013-02-24	2013-02-24
GAP	comex	NormalWeekPhaseWithheld	#79	2013-03-03	2013-03-03
GAP	comex	NormalWeekPhaseWithheld	#79	2013-03-10	2013-03-10
GAP	comex	NormalWeekPhaseWithheld	#79	2013-03-17	2013-03-17
GAP	comex	NormalWeekPhaseWithheld	#79	2013-03-24	2013-03-24
GAP	comex	NormalWeekPhaseWithheld	#79	2013-03-31	2013-03-31
GAP	comex	NormalWeekPhaseWithheld	#79	2013-04-07	2013-04-07
GAP	comex	NormalWeekPhaseWithheld	#79	2013-04-14	2013-04-14
GAP	comex	NormalWeekPhaseWithheld	#79	2013-04-21	2013-04-21
GAP	comex	NormalWeekPhaseWithheld	#79	2013-04-28	2013-04-28
GAP	comex	NormalWeekPhaseWithheld	#79	2013-05-05	2013-05-05
GAP	comex	NormalWeekPhaseWithheld	#79	2013-05-12	2013-05-12
GAP	comex	NormalWeekPhaseWithheld	#79	2013-05-19	2013-05-19
GAP	comex	NormalWeekPhaseWithheld	#79	2013-05-26	2013-05-26
GAP	comex	NormalWeekPhaseWithheld	#79	2013-06-02	2013-06-02
GAP	comex	NormalWeekPhaseWithheld	#79	2013-06-09	2013-06-09
GAP	comex	NormalWeekPhaseWithheld	#79	2013-06-16	2013-06-16
GAP	comex	NormalWeekPhaseWithheld	#79	2013-06-23	2013-06-23
GAP	comex	NormalWeekPhaseWithheld	#79	2013-06-30	2013-06-30
GAP	comex	NormalWeekPhaseWithheld	#79	2013-07-07	2013-07-07
GAP	comex	NormalWeekPhaseWithheld	#79	2013-07-14	2013-07-14
GAP	comex	NormalWeekPhaseWithheld	#79	2013-07-21	2013-07-21
GAP	comex	NormalWeekPhaseWithheld	#79	2013-07-28	2013-07-28
GAP	comex	NormalWeekPhaseWithheld	#79	2013-08-04	2013-08-04
GAP	comex	NormalWeekPhaseWithheld	#79	2013-08-11	2013-08-11
GAP	comex	NormalWeekPhaseWithheld	#79	2013-08-18	2013-08-18
GAP	comex	NormalWeekPhaseWithheld	#79	2013-08-25	2013-08-25
GAP	comex	NormalWeekPhaseWithheld	#79	2013-09-01	2013-09-01
GAP	comex	NormalWeekPhaseWithheld	#79	2013-09-08	2013-09-08
GAP	comex	NormalWeekPhaseWithheld	#79	2013-09-15	2013-09-15
GAP	comex	NormalWeekPhaseWithheld	#79	2013-09-22	2013-09-22
GAP	comex	NormalWeekPhaseWithheld	#79	2013-09-29	2013-09-29
GAP	comex	NormalWeekPhaseWithheld	#79	2013-10-06	2013-10-06
GAP	comex	NormalWeekPhaseWithheld	#79	2013-10-13	2013-10-13
GAP	comex	NormalWeekPhaseWithheld	#79	2013-10-20	2013-10-20
GAP	comex	NormalWeekPhaseWithheld	#79	2013-10-27	2013-10-27
GAP	comex	NormalWeekPhaseWithheld	#79	2013-11-03	2013-11-03
GAP	comex	NormalWeekPhaseWithheld	#79	2013-11-10	2013-11-10
GAP	comex	NormalWeekPhaseWithheld	#79	2013-11-17	2013-11-17
GAP	comex	NormalWeekPhaseWithheld	#79	2013-11-24	2013-11-24
GAP	comex	NormalWeekPhaseWithheld	#79	2013-12-01	2013-12-01
GAP	comex	NormalWeekPhaseWithheld	#79	2013-12-08	2013-12-08
GAP	comex	NormalWeekPhaseWithheld	#79	2013-12-15	2013-12-15
GAP	comex	NormalWeekPhaseWithheld	#79	2013-12-22	2013-12-22
GAP	comex	NormalWeekPhaseWithheld	#79	2013-12-29	2013-12-29
GAP	comex	NormalWeekPhaseWithheld	#79	2014-01-05	2014-01-05
GAP	comex	NormalWeekPhaseWithheld	#79	2014-01-12	2014-01-12
GAP	comex	NormalWeekPhaseWithheld	#79	2014-01-19	2014-01-19
GAP	comex	NormalWeekPhaseWithheld	#79	2014-01-26	2014-01-26
GAP	comex	NormalWeekPhaseWithheld	#79	2014-02-02	2014-02-02
GAP	comex	NormalWeekPhaseWithheld	#79	2014-02-09	2014-02-09
GAP	comex	NormalWeekPhaseWithheld	#79	2014-02-16	2014-02-16
GAP	comex	NormalWeekPhaseWithheld	#79	2014-02-23	2014-02-23
GAP	comex	NormalWeekPhaseWithheld	#79	2014-03-02	2014-03-02
GAP	comex	NormalWeekPhaseWithheld	#79	2014-03-09	2014-03-09
GAP	comex	NormalWeekPhaseWithheld	#79	2014-03-16	2014-03-16
GAP	comex	NormalWeekPhaseWithheld	#79	2014-03-23	2014-03-23
GAP	comex	NormalWeekPhaseWithheld	#79	2014-03-30	2014-03-30
GAP	comex	NormalWeekPhaseWithheld	#79	2014-04-06	2014-04-06
GAP	comex	NormalWeekPhaseWithheld	#79	2014-04-13	2014-04-13
GAP	comex	NormalWeekPhaseWithheld	#79	2014-04-20	2014-04-20
GAP	comex	NormalWeekPhaseWithheld	#79	2014-04-27	2014-04-27
GAP	comex	NormalWeekPhaseWithheld	#79	2014-05-04	2014-05-04
GAP	comex	NormalWeekPhaseWithheld	#79	2014-05-11	2014-05-11
GAP	comex	NormalWeekPhaseWithheld	#79	2014-05-18	2014-05-18
GAP	comex	NormalWeekPhaseWithheld	#79	2014-05-25	2014-05-25
GAP	comex	NormalWeekPhaseWithheld	#79	2014-06-01	2014-06-01
GAP	comex	NormalWeekPhaseWithheld	#79	2014-06-08	2014-06-08
GAP	comex	NormalWeekPhaseWithheld	#79	2014-06-15	2014-06-15
GAP	comex	NormalWeekPhaseWithheld	#79	2014-06-22	2014-06-22
GAP	comex	NormalWeekPhaseWithheld	#79	2014-06-29	2014-06-29
GAP	comex	NormalWeekPhaseWithheld	#79	2014-07-06	2014-07-06
GAP	comex	NormalWeekPhaseWithheld	#79	2014-07-13	2014-07-13
GAP	comex	NormalWeekPhaseWithheld	#79	2014-07-20	2014-07-20
GAP	comex	NormalWeekPhaseWithheld	#79	2014-07-27	2014-07-27
GAP	comex	NormalWeekPhaseWithheld	#79	2014-08-03	2014-08-03
GAP	comex	NormalWeekPhaseWithheld	#79	2014-08-10	2014-08-10
GAP	comex	NormalWeekPhaseWithheld	#79	2014-08-17	2014-08-17
GAP	comex	NormalWeekPhaseWithheld	#79	2014-08-24	2014-08-24
GAP	comex	NormalWeekPhaseWithheld	#79	2014-08-31	2014-08-31
GAP	comex	NormalWeekPhaseWithheld	#79	2014-09-07	2014-09-07
GAP	comex	NormalWeekPhaseWithheld	#79	2014-09-14	2014-09-14
GAP	comex	NormalWeekPhaseWithheld	#79	2014-09-21	2014-09-21
GAP	comex	NormalWeekPhaseWithheld	#79	2014-09-28	2014-09-28
GAP	comex	NormalWeekPhaseWithheld	#79	2014-10-05	2014-10-05
GAP	comex	NormalWeekPhaseWithheld	#79	2014-10-12	2014-10-12
GAP	comex	NormalWeekPhaseWithheld	#79	2014-10-19	2014-10-19
GAP	comex	NormalWeekPhaseWithheld	#79	2014-10-26	2014-10-26
GAP	comex	NormalWeekPhaseWithheld	#79	2014-11-02	2014-11-02
GAP	comex	NormalWeekPhaseWithheld	#79	2014-11-09	2014-11-09
GAP	comex	NormalWeekPhaseWithheld	#79	2014-11-16	2014-11-16
GAP	comex	NormalWeekPhaseWithheld	#79	2014-11-23	2014-11-23
GAP	comex	NormalWeekPhaseWithheld	#79	2014-11-30	2014-11-30
GAP	comex	NormalWeekPhaseWithheld	#79	2014-12-07	2014-12-07
GAP	comex	NormalWeekPhaseWithheld	#79	2014-12-14	2014-12-14
GAP	comex	NormalWeekPhaseWithheld	#79	2014-12-21	2014-12-21
GAP	comex	NormalWeekPhaseWithheld	#79	2014-12-28	2014-12-28
GAP	comex	NormalWeekPhaseWithheld	#79	2015-01-04	2015-01-04
GAP	comex	NormalWeekPhaseWithheld	#79	2015-01-11	2015-01-11
GAP	comex	NormalWeekPhaseWithheld	#79	2015-01-18	2015-01-18
GAP	comex	NormalWeekPhaseWithheld	#79	2015-01-25	2015-01-25
GAP	comex	NormalWeekPhaseWithheld	#79	2015-02-01	2015-02-01
GAP	comex	NormalWeekPhaseWithheld	#79	2015-02-08	2015-02-08
GAP	comex	NormalWeekPhaseWithheld	#79	2015-02-15	2015-02-15
GAP	comex	NormalWeekPhaseWithheld	#79	2015-02-22	2015-02-22
GAP	comex	NormalWeekPhaseWithheld	#79	2015-03-01	2015-03-01
GAP	comex	NormalWeekPhaseWithheld	#79	2015-03-08	2015-03-08
GAP	comex	NormalWeekPhaseWithheld	#79	2015-03-15	2015-03-15
GAP	comex	NormalWeekPhaseWithheld	#79	2015-03-22	2015-03-22
GAP	comex	NormalWeekPhaseWithheld	#79	2015-03-29	2015-03-29
GAP	comex	NormalWeekPhaseWithheld	#79	2015-04-05	2015-04-05
GAP	comex	NormalWeekPhaseWithheld	#79	2015-04-12	2015-04-12
GAP	comex	NormalWeekPhaseWithheld	#79	2015-04-19	2015-04-19
GAP	comex	NormalWeekPhaseWithheld	#79	2015-04-26	2015-04-26
GAP	comex	NormalWeekPhaseWithheld	#79	2015-05-03	2015-05-03
GAP	comex	NormalWeekPhaseWithheld	#79	2015-05-10	2015-05-10
GAP	comex	NormalWeekPhaseWithheld	#79	2015-05-17	2015-05-17
GAP	comex	NormalWeekPhaseWithheld	#79	2015-05-24	2015-05-24
GAP	comex	NormalWeekPhaseWithheld	#79	2015-05-31	2015-05-31
GAP	comex	NormalWeekPhaseWithheld	#79	2015-06-07	2015-06-07
GAP	comex	NormalWeekPhaseWithheld	#79	2015-06-14	2015-06-14
GAP	comex	NormalWeekPhaseWithheld	#79	2015-06-21	2015-06-21
GAP	comex	NormalWeekPhaseWithheld	#79	2015-06-28	2015-06-28
GAP	comex	NormalWeekPhaseWithheld	#79	2015-07-05	2015-07-05
GAP	comex	NormalWeekPhaseWithheld	#79	2015-07-12	2015-07-12
GAP	comex	NormalWeekPhaseWithheld	#79	2015-07-19	2015-07-19
GAP	comex	NormalWeekPhaseWithheld	#79	2015-07-26	2015-07-26
GAP	comex	NormalWeekPhaseWithheld	#79	2015-08-02	2015-08-02
GAP	comex	NormalWeekPhaseWithheld	#79	2015-08-09	2015-08-09
GAP	comex	NormalWeekPhaseWithheld	#79	2015-08-16	2015-08-16
GAP	comex	NormalWeekPhaseWithheld	#79	2015-08-23	2015-08-23
GAP	comex	NormalWeekPhaseWithheld	#79	2015-08-30	2015-08-30
GAP	comex	NormalWeekPhaseWithheld	#79	2015-09-06	2015-09-06
GAP	comex	NormalWeekPhaseWithheld	#79	2015-09-13	2015-09-13
GAP	comex	NormalWeekPhaseWithheld	#79	2015-09-20	2015-09-20
GAP	comex	NormalWeekPhaseWithheld	#79	2015-09-27	2015-09-27
GAP	comex	NormalWeekPhaseWithheld	#79	2015-10-04	2015-10-04
GAP	comex	NormalWeekPhaseWithheld	#79	2015-10-11	2015-10-11
GAP	comex	NormalWeekPhaseWithheld	#79	2015-10-18	2015-10-18
GAP	comex	NormalWeekPhaseWithheld	#79	2015-10-25	2015-10-25
GAP	comex	NormalWeekPhaseWithheld	#79	2015-11-01	2015-11-01
GAP	comex	NormalWeekPhaseWithheld	#79	2015-11-08	2015-11-08
GAP	comex	NormalWeekPhaseWithheld	#79	2015-11-15	2015-11-15
GAP	comex	NormalWeekPhaseWithheld	#79	2015-11-22	2015-11-22
GAP	comex	NormalWeekPhaseWithheld	#79	2015-11-29	2015-11-29
GAP	comex	NormalWeekPhaseWithheld	#79	2015-12-06	2015-12-06
GAP	comex	NormalWeekPhaseWithheld	#79	2015-12-13	2015-12-13
GAP	comex	NormalWeekPhaseWithheld	#79	2015-12-20	2015-12-20
GAP	comex	NormalWeekPhaseWithheld	#79	2015-12-27	2015-12-27
GAP	comex	NormalWeekPhaseWithheld	#79	2016-01-03	2016-01-03
GAP	comex	NormalWeekPhaseWithheld	#79	2016-01-10	2016-01-10
GAP	comex	NormalWeekPhaseWithheld	#79	2016-01-17	2016-01-17
GAP	comex	NormalWeekPhaseWithheld	#79	2016-01-24	2016-01-24
GAP	comex	NormalWeekPhaseWithheld	#79	2016-01-31	2016-01-31
GAP	comex	NormalWeekPhaseWithheld	#79	2016-02-07	2016-02-07
GAP	comex	NormalWeekPhaseWithheld	#79	2016-02-14	2016-02-14
GAP	comex	NormalWeekPhaseWithheld	#79	2016-02-21	2016-02-21
GAP	comex	NormalWeekPhaseWithheld	#79	2016-02-28	2016-02-28
GAP	comex	NormalWeekPhaseWithheld	#79	2016-03-06	2016-03-06
GAP	comex	NormalWeekPhaseWithheld	#79	2016-03-13	2016-03-13
GAP	comex	NormalWeekPhaseWithheld	#79	2016-03-20	2016-03-20
GAP	comex	NormalWeekPhaseWithheld	#79	2016-03-27	2016-03-27
GAP	comex	NormalWeekPhaseWithheld	#79	2016-04-03	2016-04-03
GAP	comex	NormalWeekPhaseWithheld	#79	2016-04-10	2016-04-10
GAP	comex	NormalWeekPhaseWithheld	#79	2016-04-17	2016-04-17
GAP	comex	NormalWeekPhaseWithheld	#79	2016-04-24	2016-04-24
GAP	comex	NormalWeekPhaseWithheld	#79	2016-05-01	2016-05-01
GAP	comex	NormalWeekPhaseWithheld	#79	2016-05-08	2016-05-08
GAP	comex	NormalWeekPhaseWithheld	#79	2016-05-15	2016-05-15
GAP	comex	NormalWeekPhaseWithheld	#79	2016-05-22	2016-05-22
GAP	comex	NormalWeekPhaseWithheld	#79	2016-05-29	2016-05-29
GAP	comex	NormalWeekPhaseWithheld	#79	2016-06-05	2016-06-05
GAP	comex	NormalWeekPhaseWithheld	#79	2016-06-12	2016-06-12
GAP	comex	NormalWeekPhaseWithheld	#79	2016-06-19	2016-06-19
GAP	comex	NormalWeekPhaseWithheld	#79	2016-06-26	2016-06-26
GAP	comex	NormalWeekPhaseWithheld	#79	2016-07-03	2016-07-03
GAP	comex	NormalWeekPhaseWithheld	#79	2016-07-10	2016-07-10
GAP	comex	NormalWeekPhaseWithheld	#79	2016-07-17	2016-07-17
GAP	comex	NormalWeekPhaseWithheld	#79	2016-07-24	2016-07-24
GAP	comex	NormalWeekPhaseWithheld	#79	2016-07-31	2016-07-31
GAP	comex	NormalWeekPhaseWithheld	#79	2016-08-07	2016-08-07
GAP	comex	NormalWeekPhaseWithheld	#79	2016-08-14	2016-08-14
GAP	comex	NormalWeekPhaseWithheld	#79	2016-08-21	2016-08-21
GAP	comex	NormalWeekPhaseWithheld	#79	2016-08-28	2016-08-28
GAP	comex	NormalWeekPhaseWithheld	#79	2016-09-04	2016-09-04
GAP	comex	NormalWeekPhaseWithheld	#79	2016-09-11	2016-09-11
GAP	comex	NormalWeekPhaseWithheld	#79	2016-09-18	2016-09-18
GAP	comex	NormalWeekPhaseWithheld	#79	2016-09-25	2016-09-25
GAP	comex	NormalWeekPhaseWithheld	#79	2016-10-02	2016-10-02
GAP	comex	NormalWeekPhaseWithheld	#79	2016-10-09	2016-10-09
GAP	comex	NormalWeekPhaseWithheld	#79	2016-10-16	2016-10-16
GAP	comex	NormalWeekPhaseWithheld	#79	2016-10-23	2016-10-23
GAP	comex	NormalWeekPhaseWithheld	#79	2016-10-30	2016-10-30
GAP	comex	NormalWeekPhaseWithheld	#79	2016-11-06	2016-11-06
GAP	comex	NormalWeekPhaseWithheld	#79	2016-11-13	2016-11-13
GAP	comex	NormalWeekPhaseWithheld	#79	2016-11-20	2016-11-20
GAP	comex	NormalWeekPhaseWithheld	#79	2016-11-27	2016-11-27
GAP	comex	NormalWeekPhaseWithheld	#79	2016-12-04	2016-12-04
GAP	comex	NormalWeekPhaseWithheld	#79	2016-12-11	2016-12-11
GAP	comex	NormalWeekPhaseWithheld	#79	2016-12-18	2016-12-18
GAP	comex	NormalWeekPhaseWithheld	#79	2017-01-08	2017-01-08
GAP	comex	NormalWeekPhaseWithheld	#79	2017-01-15	2017-01-15
GAP	comex	NormalWeekPhaseWithheld	#79	2017-01-22	2017-01-22
GAP	comex	NormalWeekPhaseWithheld	#79	2017-01-29	2017-01-29
GAP	comex	NormalWeekPhaseWithheld	#79	2017-02-05	2017-02-05
GAP	comex	NormalWeekPhaseWithheld	#79	2017-02-12	2017-02-12
GAP	comex	NormalWeekPhaseWithheld	#79	2017-02-19	2017-02-19
GAP	comex	NormalWeekPhaseWithheld	#79	2017-02-26	2017-02-26
GAP	comex	NormalWeekPhaseWithheld	#79	2017-03-05	2017-03-05
GAP	comex	NormalWeekPhaseWithheld	#79	2017-03-12	2017-03-12
GAP	comex	NormalWeekPhaseWithheld	#79	2017-03-19	2017-03-19
GAP	comex	NormalWeekPhaseWithheld	#79	2017-03-26	2017-03-26
GAP	comex	NormalWeekPhaseWithheld	#79	2017-04-02	2017-04-02
GAP	comex	NormalWeekPhaseWithheld	#79	2017-04-09	2017-04-09
GAP	comex	NormalWeekPhaseWithheld	#79	2017-04-16	2017-04-16
GAP	comex	NormalWeekPhaseWithheld	#79	2017-04-23	2017-04-23
GAP	comex	NormalWeekPhaseWithheld	#79	2017-04-30	2017-04-30
GAP	comex	NormalWeekPhaseWithheld	#79	2017-05-07	2017-05-07
GAP	comex	NormalWeekPhaseWithheld	#79	2017-05-14	2017-05-14
GAP	comex	NormalWeekPhaseWithheld	#79	2017-05-21	2017-05-21
GAP	comex	NormalWeekPhaseWithheld	#79	2017-05-28	2017-05-28
GAP	comex	NormalWeekPhaseWithheld	#79	2017-06-04	2017-06-04
GAP	comex	NormalWeekPhaseWithheld	#79	2017-06-11	2017-06-11
GAP	comex	NormalWeekPhaseWithheld	#79	2017-06-18	2017-06-18
GAP	comex	NormalWeekPhaseWithheld	#79	2017-06-25	2017-06-25
GAP	comex	NormalWeekPhaseWithheld	#79	2017-07-02	2017-07-02
GAP	comex	NormalWeekPhaseWithheld	#79	2017-07-09	2017-07-09
GAP	comex	NormalWeekPhaseWithheld	#79	2017-07-16	2017-07-16
GAP	comex	NormalWeekPhaseWithheld	#79	2017-07-23	2017-07-23
GAP	comex	NormalWeekPhaseWithheld	#79	2017-07-30	2017-07-30
GAP	comex	NormalWeekPhaseWithheld	#79	2017-08-06	2017-08-06
GAP	comex	NormalWeekPhaseWithheld	#79	2017-08-13	2017-08-13
GAP	comex	NormalWeekPhaseWithheld	#79	2017-08-20	2017-08-20
GAP	comex	NormalWeekPhaseWithheld	#79	2017-08-27	2017-08-27
GAP	comex	NormalWeekPhaseWithheld	#79	2017-09-03	2017-09-03
GAP	comex	NormalWeekPhaseWithheld	#79	2017-09-10	2017-09-10
GAP	comex	NormalWeekPhaseWithheld	#79	2017-09-17	2017-09-17
GAP	comex	NormalWeekPhaseWithheld	#79	2017-09-24	2017-09-24
GAP	comex	NormalWeekPhaseWithheld	#79	2017-10-01	2017-10-01
GAP	comex	NormalWeekPhaseWithheld	#79	2017-10-08	2017-10-08
GAP	comex	NormalWeekPhaseWithheld	#79	2017-10-15	2017-10-15
GAP	comex	NormalWeekPhaseWithheld	#79	2017-10-22	2017-10-22
GAP	comex	NormalWeekPhaseWithheld	#79	2017-10-29	2017-10-29
GAP	comex	NormalWeekPhaseWithheld	#79	2017-11-05	2017-11-05
GAP	comex	NormalWeekPhaseWithheld	#79	2017-11-12	2017-11-12
GAP	comex	NormalWeekPhaseWithheld	#79	2017-11-19	2017-11-19
GAP	comex	NormalWeekPhaseWithheld	#79	2017-11-26	2017-11-26
GAP	comex	NormalWeekPhaseWithheld	#79	2017-12-03	2017-12-03
GAP	comex	NormalWeekPhaseWithheld	#79	2017-12-10	2017-12-10
GAP	comex	NormalWeekPhaseWithheld	#79	2017-12-17	2017-12-17
GAP	comex	NormalWeekPhaseWithheld	#79	2018-01-07	2018-01-07
GAP	comex	NormalWeekPhaseWithheld	#79	2018-01-14	2018-01-14
GAP	comex	NormalWeekPhaseWithheld	#79	2018-01-21	2018-01-21
GAP	comex	NormalWeekPhaseWithheld	#79	2018-01-28	2018-01-28
GAP	comex	NormalWeekPhaseWithheld	#79	2018-02-04	2018-02-04
GAP	comex	NormalWeekPhaseWithheld	#79	2018-02-11	2018-02-11
GAP	comex	NormalWeekPhaseWithheld	#79	2018-02-18	2018-02-18
GAP	comex	NormalWeekPhaseWithheld	#79	2018-02-25	2018-02-25
GAP	comex	NormalWeekPhaseWithheld	#79	2018-03-04	2018-03-04
GAP	comex	NormalWeekPhaseWithheld	#79	2018-03-11	2018-03-11
GAP	comex	NormalWeekPhaseWithheld	#79	2018-03-18	2018-03-18
GAP	comex	NormalWeekPhaseWithheld	#79	2018-03-25	2018-03-25
GAP	comex	NormalWeekPhaseWithheld	#79	2018-04-01	2018-04-01
GAP	comex	NormalWeekPhaseWithheld	#79	2018-04-08	2018-04-08
GAP	comex	NormalWeekPhaseWithheld	#79	2018-04-15	2018-04-15
GAP	comex	NormalWeekPhaseWithheld	#79	2018-04-22	2018-04-22
GAP	comex	NormalWeekPhaseWithheld	#79	2018-04-29	2018-04-29
GAP	comex	NormalWeekPhaseWithheld	#79	2018-05-06	2018-05-06
GAP	comex	NormalWeekPhaseWithheld	#79	2018-05-13	2018-05-13
GAP	comex	NormalWeekPhaseWithheld	#79	2018-05-20	2018-05-20
GAP	comex	NormalWeekPhaseWithheld	#79	2018-05-27	2018-05-27
GAP	comex	NormalWeekPhaseWithheld	#79	2018-06-03	2018-06-03
GAP	comex	NormalWeekPhaseWithheld	#79	2018-06-10	2018-06-10
GAP	comex	NormalWeekPhaseWithheld	#79	2018-06-17	2018-06-17
GAP	comex	NormalWeekPhaseWithheld	#79	2018-06-24	2018-06-24
GAP	comex	NormalWeekPhaseWithheld	#79	2018-07-01	2018-07-01
GAP	comex	NormalWeekPhaseWithheld	#79	2018-07-08	2018-07-08
GAP	comex	NormalWeekPhaseWithheld	#79	2018-07-15	2018-07-15
GAP	comex	NormalWeekPhaseWithheld	#79	2018-07-22	2018-07-22
GAP	comex	NormalWeekPhaseWithheld	#79	2018-07-29	2018-07-29
GAP	comex	NormalWeekPhaseWithheld	#79	2018-08-05	2018-08-05
GAP	comex	NormalWeekPhaseWithheld	#79	2018-08-12	2018-08-12
GAP	comex	NormalWeekPhaseWithheld	#79	2018-08-19	2018-08-19
GAP	comex	NormalWeekPhaseWithheld	#79	2018-08-26	2018-08-26
GAP	comex	NormalWeekPhaseWithheld	#79	2018-09-02	2018-09-02
GAP	comex	NormalWeekPhaseWithheld	#79	2018-09-09	2018-09-09
GAP	comex	NormalWeekPhaseWithheld	#79	2018-09-16	2018-09-16
GAP	comex	NormalWeekPhaseWithheld	#79	2018-09-23	2018-09-23
GAP	comex	NormalWeekPhaseWithheld	#79	2018-09-30	2018-09-30
GAP	comex	NormalWeekPhaseWithheld	#79	2018-10-07	2018-10-07
GAP	comex	NormalWeekPhaseWithheld	#79	2018-10-14	2018-10-14
GAP	comex	NormalWeekPhaseWithheld	#79	2018-10-21	2018-10-21
GAP	comex	NormalWeekPhaseWithheld	#79	2018-10-28	2018-10-28
GAP	comex	NormalWeekPhaseWithheld	#79	2018-11-04	2018-11-04
GAP	comex	NormalWeekPhaseWithheld	#79	2018-11-11	2018-11-11
GAP	comex	NormalWeekPhaseWithheld	#79	2018-11-18	2018-11-18
GAP	comex	NormalWeekPhaseWithheld	#79	2018-11-25	2018-11-25
GAP	comex	NormalWeekPhaseWithheld	#79	2018-12-02	2018-12-02
GAP	comex	NormalWeekPhaseWithheld	#79	2018-12-09	2018-12-09
GAP	comex	NormalWeekPhaseWithheld	#79	2018-12-16	2018-12-16
GAP	comex	NormalWeekPhaseWithheld	#79	2018-12-23	2018-12-23
GAP	comex	NormalWeekPhaseWithheld	#79	2018-12-30	2018-12-30
GAP	comex	NormalWeekPhaseWithheld	#79	2019-01-06	2019-01-06
GAP	comex	NormalWeekPhaseWithheld	#79	2019-01-13	2019-01-13
GAP	comex	NormalWeekPhaseWithheld	#79	2019-01-20	2019-01-20
GAP	comex	NormalWeekPhaseWithheld	#79	2019-01-27	2019-01-27
GAP	comex	NormalWeekPhaseWithheld	#79	2019-02-03	2019-02-03
GAP	comex	NormalWeekPhaseWithheld	#79	2019-02-10	2019-02-10
GAP	comex	NormalWeekPhaseWithheld	#79	2019-02-17	2019-02-17
GAP	comex	NormalWeekPhaseWithheld	#79	2019-02-24	2019-02-24
GAP	comex	NormalWeekPhaseWithheld	#79	2019-03-03	2019-03-03
GAP	comex	NormalWeekPhaseWithheld	#79	2019-03-10	2019-03-10
GAP	comex	NormalWeekPhaseWithheld	#79	2019-03-17	2019-03-17
GAP	comex	NormalWeekPhaseWithheld	#79	2019-03-24	2019-03-24
GAP	comex	NormalWeekPhaseWithheld	#79	2019-03-31	2019-03-31
GAP	comex	NormalWeekPhaseWithheld	#79	2019-04-07	2019-04-07
GAP	comex	NormalWeekPhaseWithheld	#79	2019-04-14	2019-04-14
GAP	comex	NormalWeekPhaseWithheld	#79	2019-04-21	2019-04-21
GAP	comex	NormalWeekPhaseWithheld	#79	2019-04-28	2019-04-28
GAP	comex	NormalWeekPhaseWithheld	#79	2019-05-05	2019-05-05
GAP	comex	NormalWeekPhaseWithheld	#79	2019-05-12	2019-05-12
GAP	comex	NormalWeekPhaseWithheld	#79	2019-05-19	2019-05-19
GAP	comex	NormalWeekPhaseWithheld	#79	2019-05-26	2019-05-26
GAP	comex	NormalWeekPhaseWithheld	#79	2019-06-02	2019-06-02
GAP	comex	NormalWeekPhaseWithheld	#79	2019-06-09	2019-06-09
GAP	comex	NormalWeekPhaseWithheld	#79	2019-06-16	2019-06-16
GAP	comex	ResolutionEdge	-	2019-06-18	2019-06-18
GAP	comex	WithheldDate	-	2019-06-19	2019-06-19
GAP	comex	ResolutionEdge	-	2019-06-20	2019-06-22
GAP	comex	NormalWeekPhaseWithheld	#79	2019-06-23	2019-06-23
GAP	comex	NormalWeekPhaseWithheld	#79	2019-06-30	2019-06-30
GAP	comex	NormalWeekPhaseWithheld	#79	2019-07-07	2019-07-07
GAP	comex	NormalWeekPhaseWithheld	#79	2019-07-14	2019-07-14
GAP	comex	NormalWeekPhaseWithheld	#79	2019-07-21	2019-07-21
GAP	comex	NormalWeekPhaseWithheld	#79	2019-07-28	2019-07-28
GAP	comex	NormalWeekPhaseWithheld	#79	2019-08-04	2019-08-04
GAP	comex	NormalWeekPhaseWithheld	#79	2019-08-11	2019-08-11
GAP	comex	NormalWeekPhaseWithheld	#79	2019-08-18	2019-08-18
GAP	comex	NormalWeekPhaseWithheld	#79	2019-08-25	2019-08-25
GAP	comex	NormalWeekPhaseWithheld	#79	2019-09-01	2019-09-01
GAP	comex	NormalWeekPhaseWithheld	#79	2019-09-08	2019-09-08
GAP	comex	NormalWeekPhaseWithheld	#79	2019-09-15	2019-09-15
GAP	comex	NormalWeekPhaseWithheld	#79	2019-09-22	2019-09-22
GAP	comex	NormalWeekPhaseWithheld	#79	2019-09-29	2019-09-29
GAP	comex	NormalWeekPhaseWithheld	#79	2019-10-06	2019-10-06
GAP	comex	NormalWeekPhaseWithheld	#79	2019-10-13	2019-10-13
GAP	comex	NormalWeekPhaseWithheld	#79	2019-10-20	2019-10-20
GAP	comex	NormalWeekPhaseWithheld	#79	2019-10-27	2019-10-27
GAP	comex	NormalWeekPhaseWithheld	#79	2019-11-03	2019-11-03
GAP	comex	NormalWeekPhaseWithheld	#79	2019-11-10	2019-11-10
GAP	comex	NormalWeekPhaseWithheld	#79	2019-11-17	2019-11-17
GAP	comex	NormalWeekPhaseWithheld	#79	2019-11-24	2019-11-24
GAP	comex	NormalWeekPhaseWithheld	#79	2019-12-01	2019-12-01
GAP	comex	NormalWeekPhaseWithheld	#79	2019-12-08	2019-12-08
GAP	comex	NormalWeekPhaseWithheld	#79	2019-12-15	2019-12-15
GAP	comex	NormalWeekPhaseWithheld	#79	2019-12-22	2019-12-22
GAP	comex	NormalWeekPhaseWithheld	#79	2019-12-29	2019-12-29
GAP	comex	NormalWeekPhaseWithheld	#79	2020-01-05	2020-01-05
GAP	comex	NormalWeekPhaseWithheld	#79	2020-01-12	2020-01-12
GAP	comex	NormalWeekPhaseWithheld	#79	2020-01-19	2020-01-19
GAP	comex	NormalWeekPhaseWithheld	#79	2020-01-26	2020-01-26
GAP	comex	NormalWeekPhaseWithheld	#79	2020-02-02	2020-02-02
GAP	comex	NormalWeekPhaseWithheld	#79	2020-02-09	2020-02-09
GAP	comex	NormalWeekPhaseWithheld	#79	2020-02-16	2020-02-16
GAP	comex	NormalWeekPhaseWithheld	#79	2020-02-23	2020-02-23
GAP	comex	NormalWeekPhaseWithheld	#79	2020-03-01	2020-03-01
GAP	comex	NormalWeekPhaseWithheld	#79	2020-03-08	2020-03-08
GAP	comex	NormalWeekPhaseWithheld	#79	2020-03-15	2020-03-15
GAP	comex	NormalWeekPhaseWithheld	#79	2020-03-22	2020-03-22
GAP	comex	NormalWeekPhaseWithheld	#79	2020-03-29	2020-03-29
GAP	comex	NormalWeekPhaseWithheld	#79	2020-04-05	2020-04-05
GAP	comex	NormalWeekPhaseWithheld	#79	2020-04-12	2020-04-12
GAP	comex	NormalWeekPhaseWithheld	#79	2020-04-19	2020-04-19
GAP	comex	NormalWeekPhaseWithheld	#79	2020-04-26	2020-04-26
GAP	comex	NormalWeekPhaseWithheld	#79	2020-05-03	2020-05-03
GAP	comex	NormalWeekPhaseWithheld	#79	2020-05-10	2020-05-10
GAP	comex	NormalWeekPhaseWithheld	#79	2020-05-17	2020-05-17
GAP	comex	NormalWeekPhaseWithheld	#79	2020-05-24	2020-05-24
GAP	comex	NormalWeekPhaseWithheld	#79	2020-05-31	2020-05-31
GAP	comex	NormalWeekPhaseWithheld	#79	2020-06-07	2020-06-07
GAP	comex	NormalWeekPhaseWithheld	#79	2020-06-14	2020-06-14
GAP	comex	ResolutionEdge	-	2020-06-18	2020-06-18
GAP	comex	WithheldDate	-	2020-06-19	2020-06-19
GAP	comex	ResolutionEdge	-	2020-06-20	2020-06-20
GAP	comex	NormalWeekPhaseWithheld	#79	2020-06-21	2020-06-21
GAP	comex	NormalWeekPhaseWithheld	#79	2020-06-28	2020-06-28
GAP	comex	NormalWeekPhaseWithheld	#79	2020-07-05	2020-07-05
GAP	comex	NormalWeekPhaseWithheld	#79	2020-07-12	2020-07-12
GAP	comex	NormalWeekPhaseWithheld	#79	2020-07-19	2020-07-19
GAP	comex	NormalWeekPhaseWithheld	#79	2020-07-26	2020-07-26
GAP	comex	NormalWeekPhaseWithheld	#79	2020-08-02	2020-08-02
GAP	comex	NormalWeekPhaseWithheld	#79	2020-08-09	2020-08-09
GAP	comex	NormalWeekPhaseWithheld	#79	2020-08-16	2020-08-16
GAP	comex	NormalWeekPhaseWithheld	#79	2020-08-23	2020-08-23
GAP	comex	NormalWeekPhaseWithheld	#79	2020-08-30	2020-08-30
GAP	comex	NormalWeekPhaseWithheld	#79	2020-09-06	2020-09-06
GAP	comex	NormalWeekPhaseWithheld	#79	2020-09-13	2020-09-13
GAP	comex	NormalWeekPhaseWithheld	#79	2020-09-20	2020-09-20
GAP	comex	NormalWeekPhaseWithheld	#79	2020-09-27	2020-09-27
GAP	comex	NormalWeekPhaseWithheld	#79	2020-10-04	2020-10-04
GAP	comex	NormalWeekPhaseWithheld	#79	2020-10-11	2020-10-11
GAP	comex	NormalWeekPhaseWithheld	#79	2020-10-18	2020-10-18
GAP	comex	NormalWeekPhaseWithheld	#79	2020-10-25	2020-10-25
GAP	comex	NormalWeekPhaseWithheld	#79	2020-11-01	2020-11-01
GAP	comex	NormalWeekPhaseWithheld	#79	2020-11-08	2020-11-08
GAP	comex	NormalWeekPhaseWithheld	#79	2020-11-15	2020-11-15
GAP	comex	NormalWeekPhaseWithheld	#79	2020-11-22	2020-11-22
GAP	comex	NormalWeekPhaseWithheld	#79	2020-11-29	2020-11-29
GAP	comex	NormalWeekPhaseWithheld	#79	2020-12-06	2020-12-06
GAP	comex	NormalWeekPhaseWithheld	#79	2020-12-13	2020-12-13
GAP	comex	NormalWeekPhaseWithheld	#79	2020-12-20	2020-12-20
GAP	comex	NormalWeekPhaseWithheld	#79	2020-12-27	2020-12-27
GAP	comex	NormalWeekPhaseWithheld	#79	2021-01-03	2021-01-03
GAP	comex	NormalWeekPhaseWithheld	#79	2021-01-10	2021-01-10
GAP	comex	NormalWeekPhaseWithheld	#79	2021-01-17	2021-01-17
GAP	comex	NormalWeekPhaseWithheld	#79	2021-01-24	2021-01-24
GAP	comex	NormalWeekPhaseWithheld	#79	2021-01-31	2021-01-31
GAP	comex	NormalWeekPhaseWithheld	#79	2021-02-07	2021-02-07
GAP	comex	NormalWeekPhaseWithheld	#79	2021-02-14	2021-02-14
GAP	comex	NormalWeekPhaseWithheld	#79	2021-02-21	2021-02-21
GAP	comex	NormalWeekPhaseWithheld	#79	2021-02-28	2021-02-28
GAP	comex	NormalWeekPhaseWithheld	#79	2021-03-07	2021-03-07
GAP	comex	NormalWeekPhaseWithheld	#79	2021-03-14	2021-03-14
GAP	comex	NormalWeekPhaseWithheld	#79	2021-03-21	2021-03-21
GAP	comex	NormalWeekPhaseWithheld	#79	2021-03-28	2021-03-28
GAP	comex	NormalWeekPhaseWithheld	#79	2021-04-04	2021-04-04
GAP	comex	NormalWeekPhaseWithheld	#79	2021-04-11	2021-04-11
GAP	comex	NormalWeekPhaseWithheld	#79	2021-04-18	2021-04-18
GAP	comex	NormalWeekPhaseWithheld	#79	2021-04-25	2021-04-25
GAP	comex	NormalWeekPhaseWithheld	#79	2021-05-02	2021-05-02
GAP	comex	NormalWeekPhaseWithheld	#79	2021-05-09	2021-05-09
GAP	comex	NormalWeekPhaseWithheld	#79	2021-05-16	2021-05-16
GAP	comex	NormalWeekPhaseWithheld	#79	2021-05-23	2021-05-23
GAP	comex	NormalWeekPhaseWithheld	#79	2021-05-30	2021-05-30
GAP	comex	NormalWeekPhaseWithheld	#79	2021-06-06	2021-06-06
GAP	comex	NormalWeekPhaseWithheld	#79	2021-06-13	2021-06-13
GAP	comex	ResolutionEdge	-	2021-06-18	2021-06-18
GAP	comex	WithheldDate	-	2021-06-19	2021-06-19
GAP	comex	NormalWeekPhaseWithheld	#79	2021-06-20	2021-06-20
GAP	comex	NormalWeekPhaseWithheld	#79	2021-06-27	2021-06-27
GAP	comex	NormalWeekPhaseWithheld	#79	2021-07-04	2021-07-04
GAP	comex	NormalWeekPhaseWithheld	#79	2021-07-11	2021-07-11
GAP	comex	NormalWeekPhaseWithheld	#79	2021-07-18	2021-07-18
GAP	comex	NormalWeekPhaseWithheld	#79	2021-07-25	2021-07-25
GAP	comex	NormalWeekPhaseWithheld	#79	2021-08-01	2021-08-01
GAP	comex	NormalWeekPhaseWithheld	#79	2021-08-08	2021-08-08
GAP	comex	NormalWeekPhaseWithheld	#79	2021-08-15	2021-08-15
GAP	comex	NormalWeekPhaseWithheld	#79	2021-08-22	2021-08-22
GAP	comex	NormalWeekPhaseWithheld	#79	2021-08-29	2021-08-29
GAP	comex	NormalWeekPhaseWithheld	#79	2021-09-05	2021-09-05
GAP	comex	NormalWeekPhaseWithheld	#79	2021-09-12	2021-09-12
GAP	comex	NormalWeekPhaseWithheld	#79	2021-09-19	2021-09-19
GAP	comex	NormalWeekPhaseWithheld	#79	2021-09-26	2021-09-26
GAP	comex	NormalWeekPhaseWithheld	#79	2021-10-03	2021-10-03
GAP	comex	NormalWeekPhaseWithheld	#79	2021-10-10	2021-10-10
GAP	comex	NormalWeekPhaseWithheld	#79	2021-10-17	2021-10-17
GAP	comex	NormalWeekPhaseWithheld	#79	2021-10-24	2021-10-24
GAP	comex	NormalWeekPhaseWithheld	#79	2021-10-31	2021-10-31
GAP	comex	NormalWeekPhaseWithheld	#79	2021-11-07	2021-11-07
GAP	comex	NormalWeekPhaseWithheld	#79	2021-11-14	2021-11-14
GAP	comex	NormalWeekPhaseWithheld	#79	2021-11-21	2021-11-21
GAP	comex	NormalWeekPhaseWithheld	#79	2021-11-28	2021-11-28
GAP	comex	NormalWeekPhaseWithheld	#79	2021-12-05	2021-12-05
GAP	comex	NormalWeekPhaseWithheld	#79	2021-12-12	2021-12-12
GAP	comex	NormalWeekPhaseWithheld	#79	2021-12-19	2021-12-19
GAP	comex	NormalWeekPhaseWithheld	#79	2021-12-26	2021-12-26
GAP	comex	NormalWeekPhaseWithheld	#79	2022-01-02	2022-01-02
GAP	comex	NormalWeekPhaseWithheld	#79	2022-01-09	2022-01-09
GAP	comex	NormalWeekPhaseWithheld	#79	2022-01-16	2022-01-16
GAP	comex	NormalWeekPhaseWithheld	#79	2022-01-23	2022-01-23
GAP	comex	NormalWeekPhaseWithheld	#79	2022-01-30	2022-01-30
GAP	comex	NormalWeekPhaseWithheld	#79	2022-02-06	2022-02-06
GAP	comex	NormalWeekPhaseWithheld	#79	2022-02-13	2022-02-13
GAP	comex	NormalWeekPhaseWithheld	#79	2022-02-20	2022-02-20
GAP	comex	NormalWeekPhaseWithheld	#79	2022-02-27	2022-02-27
GAP	comex	NormalWeekPhaseWithheld	#79	2022-03-06	2022-03-06
GAP	comex	NormalWeekPhaseWithheld	#79	2022-03-13	2022-03-13
GAP	comex	NormalWeekPhaseWithheld	#79	2022-03-20	2022-03-20
GAP	comex	NormalWeekPhaseWithheld	#79	2022-03-27	2022-03-27
GAP	comex	NormalWeekPhaseWithheld	#79	2022-04-03	2022-04-03
GAP	comex	NormalWeekPhaseWithheld	#79	2022-04-10	2022-04-10
GAP	comex	NormalWeekPhaseWithheld	#79	2022-04-17	2022-04-17
GAP	comex	NormalWeekPhaseWithheld	#79	2022-04-24	2022-04-24
GAP	comex	NormalWeekPhaseWithheld	#79	2022-05-01	2022-05-01
GAP	comex	NormalWeekPhaseWithheld	#79	2022-05-08	2022-05-08
GAP	comex	NormalWeekPhaseWithheld	#79	2022-05-15	2022-05-15
GAP	comex	NormalWeekPhaseWithheld	#79	2022-05-22	2022-05-22
GAP	comex	NormalWeekPhaseWithheld	#79	2022-05-29	2022-05-29
GAP	comex	NormalWeekPhaseWithheld	#79	2022-06-05	2022-06-05
GAP	comex	NormalWeekPhaseWithheld	#79	2022-06-12	2022-06-12
GAP	comex	NormalWeekPhaseWithheld	#79	2022-06-19	2022-06-19
GAP	comex	NormalWeekPhaseWithheld	#79	2022-06-26	2022-06-26
GAP	comex	NormalWeekPhaseWithheld	#79	2022-07-03	2022-07-03
GAP	comex	NormalWeekPhaseWithheld	#79	2022-07-10	2022-07-10
GAP	comex	NormalWeekPhaseWithheld	#79	2022-07-17	2022-07-17
GAP	comex	NormalWeekPhaseWithheld	#79	2022-07-24	2022-07-24
GAP	comex	NormalWeekPhaseWithheld	#79	2022-07-31	2022-07-31
GAP	comex	NormalWeekPhaseWithheld	#79	2022-08-07	2022-08-07
GAP	comex	NormalWeekPhaseWithheld	#79	2022-08-14	2022-08-14
GAP	comex	NormalWeekPhaseWithheld	#79	2022-08-21	2022-08-21
GAP	comex	NormalWeekPhaseWithheld	#79	2022-08-28	2022-08-28
GAP	comex	NormalWeekPhaseWithheld	#79	2022-09-04	2022-09-04
GAP	comex	NormalWeekPhaseWithheld	#79	2022-09-11	2022-09-11
GAP	comex	NormalWeekPhaseWithheld	#79	2022-09-18	2022-09-18
GAP	comex	NormalWeekPhaseWithheld	#79	2022-09-25	2022-09-25
GAP	comex	NormalWeekPhaseWithheld	#79	2022-10-02	2022-10-02
GAP	comex	NormalWeekPhaseWithheld	#79	2022-10-09	2022-10-09
GAP	comex	NormalWeekPhaseWithheld	#79	2022-10-16	2022-10-16
GAP	comex	NormalWeekPhaseWithheld	#79	2022-10-23	2022-10-23
GAP	comex	NormalWeekPhaseWithheld	#79	2022-10-30	2022-10-30
GAP	comex	NormalWeekPhaseWithheld	#79	2022-11-06	2022-11-06
GAP	comex	NormalWeekPhaseWithheld	#79	2022-11-13	2022-11-13
GAP	comex	NormalWeekPhaseWithheld	#79	2022-11-20	2022-11-20
GAP	comex	NormalWeekPhaseWithheld	#79	2022-11-27	2022-11-27
GAP	comex	NormalWeekPhaseWithheld	#79	2022-12-04	2022-12-04
GAP	comex	NormalWeekPhaseWithheld	#79	2022-12-11	2022-12-11
GAP	comex	NormalWeekPhaseWithheld	#79	2022-12-18	2022-12-18
GAP	comex	NormalWeekPhaseWithheld	#79	2023-01-08	2023-01-08
GAP	comex	ResolutionEdge	-	2023-01-13	2023-01-14
GAP	comex	NormalWeekPhaseWithheld	#79	2023-01-15	2023-01-15
GAP	comex	WithheldDate	-	2023-01-16	2023-01-16
GAP	comex	ResolutionEdge	-	2023-01-17	2023-01-17
GAP	comex	NormalWeekPhaseWithheld	#79	2023-01-22	2023-01-22
GAP	comex	NormalWeekPhaseWithheld	#79	2023-01-29	2023-01-29
GAP	comex	NormalWeekPhaseWithheld	#79	2023-02-05	2023-02-05
GAP	comex	NormalWeekPhaseWithheld	#79	2023-02-12	2023-02-12
GAP	comex	ResolutionEdge	-	2023-02-17	2023-02-18
GAP	comex	NormalWeekPhaseWithheld	#79	2023-02-19	2023-02-19
GAP	comex	WithheldDate	-	2023-02-20	2023-02-20
GAP	comex	ResolutionEdge	-	2023-02-21	2023-02-21
GAP	comex	NormalWeekPhaseWithheld	#79	2023-02-26	2023-02-26
GAP	comex	NormalWeekPhaseWithheld	#79	2023-03-05	2023-03-05
GAP	comex	NormalWeekPhaseWithheld	#79	2023-03-12	2023-03-12
GAP	comex	NormalWeekPhaseWithheld	#79	2023-03-19	2023-03-19
GAP	comex	NormalWeekPhaseWithheld	#79	2023-03-26	2023-03-26
GAP	comex	NormalWeekPhaseWithheld	#79	2023-04-02	2023-04-02
GAP	comex	ResolutionEdge	-	2023-04-06	2023-04-06
GAP	comex	WithheldDate	-	2023-04-07	2023-04-07
GAP	comex	ResolutionEdge	-	2023-04-08	2023-04-08
GAP	comex	NormalWeekPhaseWithheld	#79	2023-04-09	2023-04-09
GAP	comex	NormalWeekPhaseWithheld	#79	2023-04-16	2023-04-16
GAP	comex	NormalWeekPhaseWithheld	#79	2023-04-23	2023-04-23
GAP	comex	NormalWeekPhaseWithheld	#79	2023-04-30	2023-04-30
GAP	comex	NormalWeekPhaseWithheld	#79	2023-05-07	2023-05-07
GAP	comex	NormalWeekPhaseWithheld	#79	2023-05-14	2023-05-14
GAP	comex	NormalWeekPhaseWithheld	#79	2023-05-21	2023-05-21
GAP	comex	NormalWeekPhaseWithheld	#79	2023-05-28	2023-05-28
GAP	comex	NormalWeekPhaseWithheld	#79	2023-06-04	2023-06-04
GAP	comex	NormalWeekPhaseWithheld	#79	2023-06-11	2023-06-11
GAP	comex	NormalWeekPhaseWithheld	#79	2023-06-18	2023-06-18
GAP	comex	NormalWeekPhaseWithheld	#79	2023-06-25	2023-06-25
GAP	comex	NormalWeekPhaseWithheld	#79	2023-07-02	2023-07-02
GAP	comex	NormalWeekPhaseWithheld	#79	2023-07-09	2023-07-09
GAP	comex	NormalWeekPhaseWithheld	#79	2023-07-16	2023-07-16
GAP	comex	NormalWeekPhaseWithheld	#79	2023-07-23	2023-07-23
GAP	comex	NormalWeekPhaseWithheld	#79	2023-07-30	2023-07-30
GAP	comex	NormalWeekPhaseWithheld	#79	2023-08-06	2023-08-06
GAP	comex	NormalWeekPhaseWithheld	#79	2023-08-13	2023-08-13
GAP	comex	NormalWeekPhaseWithheld	#79	2023-08-20	2023-08-20
GAP	comex	NormalWeekPhaseWithheld	#79	2023-08-27	2023-08-27
GAP	comex	NormalWeekPhaseWithheld	#79	2023-09-03	2023-09-03
GAP	comex	NormalWeekPhaseWithheld	#79	2023-09-10	2023-09-10
GAP	comex	NormalWeekPhaseWithheld	#79	2023-09-17	2023-09-17
GAP	comex	NormalWeekPhaseWithheld	#79	2023-09-24	2023-09-24
GAP	comex	NormalWeekPhaseWithheld	#79	2023-10-01	2023-10-01
GAP	comex	NormalWeekPhaseWithheld	#79	2023-10-08	2023-10-08
GAP	comex	NormalWeekPhaseWithheld	#79	2023-10-15	2023-10-15
GAP	comex	NormalWeekPhaseWithheld	#79	2023-10-22	2023-10-22
GAP	comex	NormalWeekPhaseWithheld	#79	2023-10-29	2023-10-29
GAP	comex	NormalWeekPhaseWithheld	#79	2023-11-05	2023-11-05
GAP	comex	NormalWeekPhaseWithheld	#79	2023-11-12	2023-11-12
GAP	comex	NormalWeekPhaseWithheld	#79	2023-11-19	2023-11-19
GAP	comex	NormalWeekPhaseWithheld	#79	2023-11-26	2023-11-26
GAP	comex	NormalWeekPhaseWithheld	#79	2023-12-03	2023-12-03
GAP	comex	NormalWeekPhaseWithheld	#79	2023-12-10	2023-12-10
GAP	comex	NormalWeekPhaseWithheld	#79	2023-12-17	2023-12-17
GAP	comex	NormalWeekPhaseWithheld	#79	2024-01-07	2024-01-07
GAP	comex	NormalWeekPhaseWithheld	#79	2024-01-14	2024-01-14
GAP	comex	NormalWeekPhaseWithheld	#79	2024-01-21	2024-01-21
GAP	comex	NormalWeekPhaseWithheld	#79	2024-01-28	2024-01-28
GAP	comex	NormalWeekPhaseWithheld	#79	2024-02-04	2024-02-04
GAP	comex	NormalWeekPhaseWithheld	#79	2024-02-11	2024-02-11
GAP	comex	NormalWeekPhaseWithheld	#79	2024-02-18	2024-02-18
GAP	comex	NormalWeekPhaseWithheld	#79	2024-02-25	2024-02-25
GAP	comex	NormalWeekPhaseWithheld	#79	2024-03-03	2024-03-03
GAP	comex	NormalWeekPhaseWithheld	#79	2024-03-10	2024-03-10
GAP	comex	NormalWeekPhaseWithheld	#79	2024-03-17	2024-03-17
GAP	comex	NormalWeekPhaseWithheld	#79	2024-03-24	2024-03-24
GAP	comex	NormalWeekPhaseWithheld	#79	2024-03-31	2024-03-31
GAP	comex	NormalWeekPhaseWithheld	#79	2024-04-07	2024-04-07
GAP	comex	NormalWeekPhaseWithheld	#79	2024-04-14	2024-04-14
GAP	comex	NormalWeekPhaseWithheld	#79	2024-04-21	2024-04-21
GAP	comex	NormalWeekPhaseWithheld	#79	2024-04-28	2024-04-28
GAP	comex	NormalWeekPhaseWithheld	#79	2024-05-05	2024-05-05
GAP	comex	NormalWeekPhaseWithheld	#79	2024-05-12	2024-05-12
GAP	comex	NormalWeekPhaseWithheld	#79	2024-05-19	2024-05-19
GAP	comex	NormalWeekPhaseWithheld	#79	2024-05-26	2024-05-26
GAP	comex	NormalWeekPhaseWithheld	#79	2024-06-02	2024-06-02
GAP	comex	NormalWeekPhaseWithheld	#79	2024-06-09	2024-06-09
GAP	comex	NormalWeekPhaseWithheld	#79	2024-06-16	2024-06-16
GAP	comex	NormalWeekPhaseWithheld	#79	2024-06-23	2024-06-23
GAP	comex	NormalWeekPhaseWithheld	#79	2024-06-30	2024-06-30
GAP	comex	NormalWeekPhaseWithheld	#79	2024-07-07	2024-07-07
GAP	comex	NormalWeekPhaseWithheld	#79	2024-07-14	2024-07-14
GAP	comex	NormalWeekPhaseWithheld	#79	2024-07-21	2024-07-21
GAP	comex	NormalWeekPhaseWithheld	#79	2024-07-28	2024-07-28
GAP	comex	NormalWeekPhaseWithheld	#79	2024-08-04	2024-08-04
GAP	comex	NormalWeekPhaseWithheld	#79	2024-08-11	2024-08-11
GAP	comex	NormalWeekPhaseWithheld	#79	2024-08-18	2024-08-18
GAP	comex	NormalWeekPhaseWithheld	#79	2024-08-25	2024-08-25
GAP	comex	NormalWeekPhaseWithheld	#79	2024-09-01	2024-09-01
GAP	comex	NormalWeekPhaseWithheld	#79	2024-09-08	2024-09-08
GAP	comex	NormalWeekPhaseWithheld	#79	2024-09-15	2024-09-15
GAP	comex	NormalWeekPhaseWithheld	#79	2024-09-22	2024-09-22
GAP	comex	NormalWeekPhaseWithheld	#79	2024-09-29	2024-09-29
GAP	comex	NormalWeekPhaseWithheld	#79	2024-10-06	2024-10-06
GAP	comex	NormalWeekPhaseWithheld	#79	2024-10-13	2024-10-13
GAP	comex	NormalWeekPhaseWithheld	#79	2024-10-20	2024-10-20
GAP	comex	NormalWeekPhaseWithheld	#79	2024-10-27	2024-10-27
GAP	comex	NormalWeekPhaseWithheld	#79	2024-11-03	2024-11-03
GAP	comex	NormalWeekPhaseWithheld	#79	2024-11-10	2024-11-10
GAP	comex	NormalWeekPhaseWithheld	#79	2024-11-17	2024-11-17
GAP	comex	NormalWeekPhaseWithheld	#79	2024-11-24	2024-11-24
GAP	comex	NormalWeekPhaseWithheld	#79	2024-12-01	2024-12-01
GAP	comex	NormalWeekPhaseWithheld	#79	2024-12-08	2024-12-08
GAP	comex	NormalWeekPhaseWithheld	#79	2024-12-15	2024-12-15
GAP	comex	NormalWeekPhaseWithheld	#79	2024-12-22	2024-12-22
GAP	comex	NormalWeekPhaseWithheld	#79	2024-12-29	2024-12-29
GAP	comex	NormalWeekPhaseWithheld	#79	2025-01-05	2025-01-05
GAP	comex	NormalWeekPhaseWithheld	#79	2025-01-12	2025-01-12
GAP	comex	NormalWeekPhaseWithheld	#79	2025-01-19	2025-01-19
GAP	comex	NormalWeekPhaseWithheld	#79	2025-01-26	2025-01-26
GAP	comex	NormalWeekPhaseWithheld	#79	2025-02-02	2025-02-02
GAP	comex	NormalWeekPhaseWithheld	#79	2025-02-09	2025-02-09
GAP	comex	NormalWeekPhaseWithheld	#79	2025-02-16	2025-02-16
GAP	comex	NormalWeekPhaseWithheld	#79	2025-02-23	2025-02-23
GAP	comex	NormalWeekPhaseWithheld	#79	2025-03-02	2025-03-02
GAP	comex	NormalWeekPhaseWithheld	#79	2025-03-09	2025-03-09
GAP	comex	NormalWeekPhaseWithheld	#79	2025-03-16	2025-03-16
GAP	comex	NormalWeekPhaseWithheld	#79	2025-03-23	2025-03-23
GAP	comex	NormalWeekPhaseWithheld	#79	2025-03-30	2025-03-30
GAP	comex	NormalWeekPhaseWithheld	#79	2025-04-06	2025-04-06
GAP	comex	NormalWeekPhaseWithheld	#79	2025-04-13	2025-04-13
GAP	comex	NormalWeekPhaseWithheld	#79	2025-04-20	2025-04-20
GAP	comex	NormalWeekPhaseWithheld	#79	2025-04-27	2025-04-27
GAP	comex	NormalWeekPhaseWithheld	#79	2025-05-04	2025-05-04
GAP	comex	NormalWeekPhaseWithheld	#79	2025-05-11	2025-05-11
GAP	comex	NormalWeekPhaseWithheld	#79	2025-05-18	2025-05-18
GAP	comex	NormalWeekPhaseWithheld	#79	2025-05-25	2025-05-25
GAP	comex	NormalWeekPhaseWithheld	#79	2025-06-01	2025-06-01
GAP	comex	NormalWeekPhaseWithheld	#79	2025-06-08	2025-06-08
GAP	comex	NormalWeekPhaseWithheld	#79	2025-06-15	2025-06-15
GAP	comex	NormalWeekPhaseWithheld	#79	2025-06-22	2025-06-22
GAP	comex	NormalWeekPhaseWithheld	#79	2025-06-29	2025-06-29
GAP	comex	NormalWeekPhaseWithheld	#79	2025-07-06	2025-07-06
GAP	comex	NormalWeekPhaseWithheld	#79	2025-07-13	2025-07-13
GAP	comex	NormalWeekPhaseWithheld	#79	2025-07-20	2025-07-20
GAP	comex	NormalWeekPhaseWithheld	#79	2025-07-27	2025-07-27
GAP	comex	NormalWeekPhaseWithheld	#79	2025-08-03	2025-08-03
GAP	comex	NormalWeekPhaseWithheld	#79	2025-08-10	2025-08-10
GAP	comex	NormalWeekPhaseWithheld	#79	2025-08-17	2025-08-17
GAP	comex	NormalWeekPhaseWithheld	#79	2025-08-24	2025-08-24
GAP	comex	NormalWeekPhaseWithheld	#79	2025-08-31	2025-08-31
GAP	comex	NormalWeekPhaseWithheld	#79	2025-09-07	2025-09-07
GAP	comex	NormalWeekPhaseWithheld	#79	2025-09-14	2025-09-14
GAP	comex	NormalWeekPhaseWithheld	#79	2025-09-21	2025-09-21
GAP	comex	NormalWeekPhaseWithheld	#79	2025-09-28	2025-09-28
GAP	comex	NormalWeekPhaseWithheld	#79	2025-10-05	2025-10-05
GAP	comex	NormalWeekPhaseWithheld	#79	2025-10-12	2025-10-12
GAP	comex	NormalWeekPhaseWithheld	#79	2025-10-19	2025-10-19
GAP	comex	NormalWeekPhaseWithheld	#79	2025-10-26	2025-10-26
GAP	comex	NormalWeekPhaseWithheld	#79	2025-11-02	2025-11-02
GAP	comex	NormalWeekPhaseWithheld	#79	2025-11-09	2025-11-09
GAP	comex	NormalWeekPhaseWithheld	#79	2025-11-16	2025-11-16
GAP	comex	NormalWeekPhaseWithheld	#79	2025-11-23	2025-11-23
GAP	comex	NormalWeekPhaseWithheld	#79	2025-11-30	2025-11-30
GAP	comex	NormalWeekPhaseWithheld	#79	2025-12-07	2025-12-07
GAP	comex	NormalWeekPhaseWithheld	#79	2025-12-14	2025-12-14
GAP	comex	NormalWeekPhaseWithheld	#79	2025-12-21	2025-12-21
GAP	comex	NormalWeekPhaseWithheld	#79	2025-12-28	2025-12-28
GAP	comex	NormalWeekPhaseWithheld	#79	2026-01-04	2026-01-04
GAP	comex	NormalWeekPhaseWithheld	#79	2026-01-11	2026-01-11
GAP	comex	NormalWeekPhaseWithheld	#79	2026-01-18	2026-01-18
GAP	comex	NormalWeekPhaseWithheld	#79	2026-01-25	2026-01-25
GAP	comex	NormalWeekPhaseWithheld	#79	2026-02-01	2026-02-01
GAP	comex	NormalWeekPhaseWithheld	#79	2026-02-08	2026-02-08
GAP	comex	NormalWeekPhaseWithheld	#79	2026-02-15	2026-02-15
GAP	comex	NormalWeekPhaseWithheld	#79	2026-02-22	2026-02-22
GAP	comex	NormalWeekPhaseWithheld	#79	2026-03-01	2026-03-01
GAP	comex	NormalWeekPhaseWithheld	#79	2026-03-08	2026-03-08
GAP	comex	NormalWeekPhaseWithheld	#79	2026-03-15	2026-03-15
GAP	comex	NormalWeekPhaseWithheld	#79	2026-03-22	2026-03-22
GAP	comex	NormalWeekPhaseWithheld	#79	2026-03-29	2026-03-29
GAP	comex	NormalWeekPhaseWithheld	#79	2026-04-05	2026-04-05
GAP	comex	NormalWeekPhaseWithheld	#79	2026-04-12	2026-04-12
GAP	comex	NormalWeekPhaseWithheld	#79	2026-04-19	2026-04-19
GAP	comex	NormalWeekPhaseWithheld	#79	2026-04-26	2026-04-26
GAP	comex	NormalWeekPhaseWithheld	#79	2026-05-03	2026-05-03
GAP	comex	NormalWeekPhaseWithheld	#79	2026-05-10	2026-05-10
GAP	comex	NormalWeekPhaseWithheld	#79	2026-05-17	2026-05-17
GAP	comex	NormalWeekPhaseWithheld	#79	2026-05-24	2026-05-24
GAP	comex	NormalWeekPhaseWithheld	#79	2026-05-31	2026-05-31
GAP	comex	NormalWeekPhaseWithheld	#79	2026-06-07	2026-06-07
GAP	comex	NormalWeekPhaseWithheld	#79	2026-06-14	2026-06-14
GAP	comex	NormalWeekPhaseWithheld	#79	2026-06-28	2026-06-28
GAP	comex	NormalWeekPhaseWithheld	#79	2026-07-12	2026-07-12
GAP	comex	NormalWeekPhaseWithheld	#79	2026-07-19	2026-07-19
GAP	comex	NormalWeekPhaseWithheld	#79	2026-07-26	2026-07-26
GAP	comex	NormalWeekPhaseWithheld	#79	2026-08-02	2026-08-02
GAP	comex	NormalWeekPhaseWithheld	#79	2026-08-09	2026-08-09
GAP	comex	NormalWeekPhaseWithheld	#79	2026-08-16	2026-08-16
GAP	comex	ResolutionEdge	-	2027-12-31	2027-12-31
GAP	comex	NoHolidayCoverage	-	2028-01-01	open
GAP	nymex	NormalWeekCarried	-	2010-01-01	2012-05-10
GAP	nymex	ResolutionEdge	-	2012-05-11	2012-05-12
GAP	nymex	NormalWeekPhaseWithheld	#79	2012-06-03	2012-06-03
GAP	nymex	NormalWeekPhaseWithheld	#79	2012-06-10	2012-06-10
GAP	nymex	NormalWeekPhaseWithheld	#79	2012-06-17	2012-06-17
GAP	nymex	NormalWeekPhaseWithheld	#79	2012-06-24	2012-06-24
GAP	nymex	NormalWeekPhaseWithheld	#79	2012-07-01	2012-07-01
GAP	nymex	NormalWeekPhaseWithheld	#79	2012-07-08	2012-07-08
GAP	nymex	NormalWeekPhaseWithheld	#79	2012-07-15	2012-07-15
GAP	nymex	NormalWeekPhaseWithheld	#79	2012-07-22	2012-07-22
GAP	nymex	NormalWeekPhaseWithheld	#79	2012-07-29	2012-07-29
GAP	nymex	NormalWeekPhaseWithheld	#79	2012-08-05	2012-08-05
GAP	nymex	NormalWeekPhaseWithheld	#79	2012-08-12	2012-08-12
GAP	nymex	NormalWeekPhaseWithheld	#79	2012-08-19	2012-08-19
GAP	nymex	NormalWeekPhaseWithheld	#79	2012-08-26	2012-08-26
GAP	nymex	NormalWeekPhaseWithheld	#79	2012-09-02	2012-09-02
GAP	nymex	NormalWeekPhaseWithheld	#79	2012-09-09	2012-09-09
GAP	nymex	NormalWeekPhaseWithheld	#79	2012-09-16	2012-09-16
GAP	nymex	NormalWeekPhaseWithheld	#79	2012-09-23	2012-09-23
GAP	nymex	NormalWeekPhaseWithheld	#79	2012-09-30	2012-09-30
GAP	nymex	NormalWeekPhaseWithheld	#79	2012-10-07	2012-10-07
GAP	nymex	NormalWeekPhaseWithheld	#79	2012-10-14	2012-10-14
GAP	nymex	NormalWeekPhaseWithheld	#79	2012-10-21	2012-10-21
GAP	nymex	NormalWeekPhaseWithheld	#79	2012-10-28	2012-10-28
GAP	nymex	NormalWeekPhaseWithheld	#79	2012-11-04	2012-11-04
GAP	nymex	NormalWeekPhaseWithheld	#79	2012-11-11	2012-11-11
GAP	nymex	NormalWeekPhaseWithheld	#79	2012-11-18	2012-11-18
GAP	nymex	NormalWeekPhaseWithheld	#79	2012-11-25	2012-11-25
GAP	nymex	NormalWeekPhaseWithheld	#79	2012-12-02	2012-12-02
GAP	nymex	NormalWeekPhaseWithheld	#79	2012-12-09	2012-12-09
GAP	nymex	NormalWeekPhaseWithheld	#79	2012-12-16	2012-12-16
GAP	nymex	NormalWeekPhaseWithheld	#79	2012-12-23	2012-12-23
GAP	nymex	NormalWeekPhaseWithheld	#79	2012-12-30	2012-12-30
GAP	nymex	NormalWeekPhaseWithheld	#79	2013-01-06	2013-01-06
GAP	nymex	NormalWeekPhaseWithheld	#79	2013-01-13	2013-01-13
GAP	nymex	NormalWeekPhaseWithheld	#79	2013-01-20	2013-01-20
GAP	nymex	NormalWeekPhaseWithheld	#79	2013-01-27	2013-01-27
GAP	nymex	NormalWeekPhaseWithheld	#79	2013-02-03	2013-02-03
GAP	nymex	NormalWeekPhaseWithheld	#79	2013-02-10	2013-02-10
GAP	nymex	NormalWeekPhaseWithheld	#79	2013-02-17	2013-02-17
GAP	nymex	NormalWeekPhaseWithheld	#79	2013-02-24	2013-02-24
GAP	nymex	NormalWeekPhaseWithheld	#79	2013-03-03	2013-03-03
GAP	nymex	NormalWeekPhaseWithheld	#79	2013-03-10	2013-03-10
GAP	nymex	NormalWeekPhaseWithheld	#79	2013-03-17	2013-03-17
GAP	nymex	NormalWeekPhaseWithheld	#79	2013-03-24	2013-03-24
GAP	nymex	NormalWeekPhaseWithheld	#79	2013-03-31	2013-03-31
GAP	nymex	NormalWeekPhaseWithheld	#79	2013-04-07	2013-04-07
GAP	nymex	NormalWeekPhaseWithheld	#79	2013-04-14	2013-04-14
GAP	nymex	NormalWeekPhaseWithheld	#79	2013-04-21	2013-04-21
GAP	nymex	NormalWeekPhaseWithheld	#79	2013-04-28	2013-04-28
GAP	nymex	NormalWeekPhaseWithheld	#79	2013-05-05	2013-05-05
GAP	nymex	NormalWeekPhaseWithheld	#79	2013-05-12	2013-05-12
GAP	nymex	NormalWeekPhaseWithheld	#79	2013-05-19	2013-05-19
GAP	nymex	NormalWeekPhaseWithheld	#79	2013-05-26	2013-05-26
GAP	nymex	NormalWeekPhaseWithheld	#79	2013-06-02	2013-06-02
GAP	nymex	NormalWeekPhaseWithheld	#79	2013-06-09	2013-06-09
GAP	nymex	NormalWeekPhaseWithheld	#79	2013-06-16	2013-06-16
GAP	nymex	NormalWeekPhaseWithheld	#79	2013-06-23	2013-06-23
GAP	nymex	NormalWeekPhaseWithheld	#79	2013-06-30	2013-06-30
GAP	nymex	NormalWeekPhaseWithheld	#79	2013-07-07	2013-07-07
GAP	nymex	NormalWeekPhaseWithheld	#79	2013-07-14	2013-07-14
GAP	nymex	NormalWeekPhaseWithheld	#79	2013-07-21	2013-07-21
GAP	nymex	NormalWeekPhaseWithheld	#79	2013-07-28	2013-07-28
GAP	nymex	NormalWeekPhaseWithheld	#79	2013-08-04	2013-08-04
GAP	nymex	NormalWeekPhaseWithheld	#79	2013-08-11	2013-08-11
GAP	nymex	NormalWeekPhaseWithheld	#79	2013-08-18	2013-08-18
GAP	nymex	NormalWeekPhaseWithheld	#79	2013-08-25	2013-08-25
GAP	nymex	NormalWeekPhaseWithheld	#79	2013-09-01	2013-09-01
GAP	nymex	NormalWeekPhaseWithheld	#79	2013-09-08	2013-09-08
GAP	nymex	NormalWeekPhaseWithheld	#79	2013-09-15	2013-09-15
GAP	nymex	NormalWeekPhaseWithheld	#79	2013-09-22	2013-09-22
GAP	nymex	NormalWeekPhaseWithheld	#79	2013-09-29	2013-09-29
GAP	nymex	NormalWeekPhaseWithheld	#79	2013-10-06	2013-10-06
GAP	nymex	NormalWeekPhaseWithheld	#79	2013-10-13	2013-10-13
GAP	nymex	NormalWeekPhaseWithheld	#79	2013-10-20	2013-10-20
GAP	nymex	NormalWeekPhaseWithheld	#79	2013-10-27	2013-10-27
GAP	nymex	NormalWeekPhaseWithheld	#79	2013-11-03	2013-11-03
GAP	nymex	NormalWeekPhaseWithheld	#79	2013-11-10	2013-11-10
GAP	nymex	NormalWeekPhaseWithheld	#79	2013-11-17	2013-11-17
GAP	nymex	NormalWeekPhaseWithheld	#79	2013-11-24	2013-11-24
GAP	nymex	NormalWeekPhaseWithheld	#79	2013-12-01	2013-12-01
GAP	nymex	NormalWeekPhaseWithheld	#79	2013-12-08	2013-12-08
GAP	nymex	NormalWeekPhaseWithheld	#79	2013-12-15	2013-12-15
GAP	nymex	NormalWeekPhaseWithheld	#79	2013-12-22	2013-12-22
GAP	nymex	NormalWeekPhaseWithheld	#79	2013-12-29	2013-12-29
GAP	nymex	NormalWeekPhaseWithheld	#79	2014-01-05	2014-01-05
GAP	nymex	NormalWeekPhaseWithheld	#79	2014-01-12	2014-01-12
GAP	nymex	NormalWeekPhaseWithheld	#79	2014-01-19	2014-01-19
GAP	nymex	NormalWeekPhaseWithheld	#79	2014-01-26	2014-01-26
GAP	nymex	NormalWeekPhaseWithheld	#79	2014-02-02	2014-02-02
GAP	nymex	NormalWeekPhaseWithheld	#79	2014-02-09	2014-02-09
GAP	nymex	NormalWeekPhaseWithheld	#79	2014-02-16	2014-02-16
GAP	nymex	NormalWeekPhaseWithheld	#79	2014-02-23	2014-02-23
GAP	nymex	NormalWeekPhaseWithheld	#79	2014-03-02	2014-03-02
GAP	nymex	NormalWeekPhaseWithheld	#79	2014-03-09	2014-03-09
GAP	nymex	NormalWeekPhaseWithheld	#79	2014-03-16	2014-03-16
GAP	nymex	NormalWeekPhaseWithheld	#79	2014-03-23	2014-03-23
GAP	nymex	NormalWeekPhaseWithheld	#79	2014-03-30	2014-03-30
GAP	nymex	NormalWeekPhaseWithheld	#79	2014-04-06	2014-04-06
GAP	nymex	NormalWeekPhaseWithheld	#79	2014-04-13	2014-04-13
GAP	nymex	NormalWeekPhaseWithheld	#79	2014-04-20	2014-04-20
GAP	nymex	NormalWeekPhaseWithheld	#79	2014-04-27	2014-04-27
GAP	nymex	NormalWeekPhaseWithheld	#79	2014-05-04	2014-05-04
GAP	nymex	NormalWeekPhaseWithheld	#79	2014-05-11	2014-05-11
GAP	nymex	NormalWeekPhaseWithheld	#79	2014-05-18	2014-05-18
GAP	nymex	NormalWeekPhaseWithheld	#79	2014-05-25	2014-05-25
GAP	nymex	NormalWeekPhaseWithheld	#79	2014-06-01	2014-06-01
GAP	nymex	NormalWeekPhaseWithheld	#79	2014-06-08	2014-06-08
GAP	nymex	NormalWeekPhaseWithheld	#79	2014-06-15	2014-06-15
GAP	nymex	NormalWeekPhaseWithheld	#79	2014-06-22	2014-06-22
GAP	nymex	NormalWeekPhaseWithheld	#79	2014-06-29	2014-06-29
GAP	nymex	NormalWeekPhaseWithheld	#79	2014-07-06	2014-07-06
GAP	nymex	NormalWeekPhaseWithheld	#79	2014-07-13	2014-07-13
GAP	nymex	NormalWeekPhaseWithheld	#79	2014-07-20	2014-07-20
GAP	nymex	NormalWeekPhaseWithheld	#79	2014-07-27	2014-07-27
GAP	nymex	NormalWeekPhaseWithheld	#79	2014-08-03	2014-08-03
GAP	nymex	NormalWeekPhaseWithheld	#79	2014-08-10	2014-08-10
GAP	nymex	NormalWeekPhaseWithheld	#79	2014-08-17	2014-08-17
GAP	nymex	NormalWeekPhaseWithheld	#79	2014-08-24	2014-08-24
GAP	nymex	NormalWeekPhaseWithheld	#79	2014-08-31	2014-08-31
GAP	nymex	NormalWeekPhaseWithheld	#79	2014-09-07	2014-09-07
GAP	nymex	NormalWeekPhaseWithheld	#79	2014-09-14	2014-09-14
GAP	nymex	NormalWeekPhaseWithheld	#79	2014-09-21	2014-09-21
GAP	nymex	NormalWeekPhaseWithheld	#79	2014-09-28	2014-09-28
GAP	nymex	NormalWeekPhaseWithheld	#79	2014-10-05	2014-10-05
GAP	nymex	NormalWeekPhaseWithheld	#79	2014-10-12	2014-10-12
GAP	nymex	NormalWeekPhaseWithheld	#79	2014-10-19	2014-10-19
GAP	nymex	NormalWeekPhaseWithheld	#79	2014-10-26	2014-10-26
GAP	nymex	NormalWeekPhaseWithheld	#79	2014-11-02	2014-11-02
GAP	nymex	NormalWeekPhaseWithheld	#79	2014-11-09	2014-11-09
GAP	nymex	NormalWeekPhaseWithheld	#79	2014-11-16	2014-11-16
GAP	nymex	NormalWeekPhaseWithheld	#79	2014-11-23	2014-11-23
GAP	nymex	NormalWeekPhaseWithheld	#79	2014-11-30	2014-11-30
GAP	nymex	NormalWeekPhaseWithheld	#79	2014-12-07	2014-12-07
GAP	nymex	NormalWeekPhaseWithheld	#79	2014-12-14	2014-12-14
GAP	nymex	NormalWeekPhaseWithheld	#79	2014-12-21	2014-12-21
GAP	nymex	NormalWeekPhaseWithheld	#79	2014-12-28	2014-12-28
GAP	nymex	NormalWeekPhaseWithheld	#79	2015-01-04	2015-01-04
GAP	nymex	NormalWeekPhaseWithheld	#79	2015-01-11	2015-01-11
GAP	nymex	NormalWeekPhaseWithheld	#79	2015-01-18	2015-01-18
GAP	nymex	NormalWeekPhaseWithheld	#79	2015-01-25	2015-01-25
GAP	nymex	NormalWeekPhaseWithheld	#79	2015-02-01	2015-02-01
GAP	nymex	NormalWeekPhaseWithheld	#79	2015-02-08	2015-02-08
GAP	nymex	NormalWeekPhaseWithheld	#79	2015-02-15	2015-02-15
GAP	nymex	NormalWeekPhaseWithheld	#79	2015-02-22	2015-02-22
GAP	nymex	NormalWeekPhaseWithheld	#79	2015-03-01	2015-03-01
GAP	nymex	NormalWeekPhaseWithheld	#79	2015-03-08	2015-03-08
GAP	nymex	NormalWeekPhaseWithheld	#79	2015-03-15	2015-03-15
GAP	nymex	NormalWeekPhaseWithheld	#79	2015-03-22	2015-03-22
GAP	nymex	NormalWeekPhaseWithheld	#79	2015-03-29	2015-03-29
GAP	nymex	NormalWeekPhaseWithheld	#79	2015-04-05	2015-04-05
GAP	nymex	NormalWeekPhaseWithheld	#79	2015-04-12	2015-04-12
GAP	nymex	NormalWeekPhaseWithheld	#79	2015-04-19	2015-04-19
GAP	nymex	NormalWeekPhaseWithheld	#79	2015-04-26	2015-04-26
GAP	nymex	NormalWeekPhaseWithheld	#79	2015-05-03	2015-05-03
GAP	nymex	NormalWeekPhaseWithheld	#79	2015-05-10	2015-05-10
GAP	nymex	NormalWeekPhaseWithheld	#79	2015-05-17	2015-05-17
GAP	nymex	NormalWeekPhaseWithheld	#79	2015-05-24	2015-05-24
GAP	nymex	NormalWeekPhaseWithheld	#79	2015-05-31	2015-05-31
GAP	nymex	NormalWeekPhaseWithheld	#79	2015-06-07	2015-06-07
GAP	nymex	NormalWeekPhaseWithheld	#79	2015-06-14	2015-06-14
GAP	nymex	NormalWeekPhaseWithheld	#79	2015-06-21	2015-06-21
GAP	nymex	NormalWeekPhaseWithheld	#79	2015-06-28	2015-06-28
GAP	nymex	NormalWeekPhaseWithheld	#79	2015-07-05	2015-07-05
GAP	nymex	NormalWeekPhaseWithheld	#79	2015-07-12	2015-07-12
GAP	nymex	NormalWeekPhaseWithheld	#79	2015-07-19	2015-07-19
GAP	nymex	NormalWeekPhaseWithheld	#79	2015-07-26	2015-07-26
GAP	nymex	NormalWeekPhaseWithheld	#79	2015-08-02	2015-08-02
GAP	nymex	NormalWeekPhaseWithheld	#79	2015-08-09	2015-08-09
GAP	nymex	NormalWeekPhaseWithheld	#79	2015-08-16	2015-08-16
GAP	nymex	NormalWeekPhaseWithheld	#79	2015-08-23	2015-08-23
GAP	nymex	NormalWeekPhaseWithheld	#79	2015-08-30	2015-08-30
GAP	nymex	NormalWeekPhaseWithheld	#79	2015-09-06	2015-09-06
GAP	nymex	NormalWeekPhaseWithheld	#79	2015-09-13	2015-09-13
GAP	nymex	NormalWeekPhaseWithheld	#79	2015-09-20	2015-09-20
GAP	nymex	NormalWeekPhaseWithheld	#79	2015-09-27	2015-09-27
GAP	nymex	NormalWeekPhaseWithheld	#79	2015-10-04	2015-10-04
GAP	nymex	NormalWeekPhaseWithheld	#79	2015-10-11	2015-10-11
GAP	nymex	NormalWeekPhaseWithheld	#79	2015-10-18	2015-10-18
GAP	nymex	NormalWeekPhaseWithheld	#79	2015-10-25	2015-10-25
GAP	nymex	NormalWeekPhaseWithheld	#79	2015-11-01	2015-11-01
GAP	nymex	NormalWeekPhaseWithheld	#79	2015-11-08	2015-11-08
GAP	nymex	NormalWeekPhaseWithheld	#79	2015-11-15	2015-11-15
GAP	nymex	NormalWeekPhaseWithheld	#79	2015-11-22	2015-11-22
GAP	nymex	NormalWeekPhaseWithheld	#79	2015-11-29	2015-11-29
GAP	nymex	NormalWeekPhaseWithheld	#79	2015-12-06	2015-12-06
GAP	nymex	NormalWeekPhaseWithheld	#79	2015-12-13	2015-12-13
GAP	nymex	NormalWeekPhaseWithheld	#79	2015-12-20	2015-12-20
GAP	nymex	NormalWeekPhaseWithheld	#79	2015-12-27	2015-12-27
GAP	nymex	NormalWeekPhaseWithheld	#79	2016-01-03	2016-01-03
GAP	nymex	NormalWeekPhaseWithheld	#79	2016-01-10	2016-01-10
GAP	nymex	NormalWeekPhaseWithheld	#79	2016-01-17	2016-01-17
GAP	nymex	NormalWeekPhaseWithheld	#79	2016-01-24	2016-01-24
GAP	nymex	NormalWeekPhaseWithheld	#79	2016-01-31	2016-01-31
GAP	nymex	NormalWeekPhaseWithheld	#79	2016-02-07	2016-02-07
GAP	nymex	NormalWeekPhaseWithheld	#79	2016-02-14	2016-02-14
GAP	nymex	NormalWeekPhaseWithheld	#79	2016-02-21	2016-02-21
GAP	nymex	NormalWeekPhaseWithheld	#79	2016-02-28	2016-02-28
GAP	nymex	NormalWeekPhaseWithheld	#79	2016-03-06	2016-03-06
GAP	nymex	NormalWeekPhaseWithheld	#79	2016-03-13	2016-03-13
GAP	nymex	NormalWeekPhaseWithheld	#79	2016-03-20	2016-03-20
GAP	nymex	NormalWeekPhaseWithheld	#79	2016-03-27	2016-03-27
GAP	nymex	NormalWeekPhaseWithheld	#79	2016-04-03	2016-04-03
GAP	nymex	NormalWeekPhaseWithheld	#79	2016-04-10	2016-04-10
GAP	nymex	NormalWeekPhaseWithheld	#79	2016-04-17	2016-04-17
GAP	nymex	NormalWeekPhaseWithheld	#79	2016-04-24	2016-04-24
GAP	nymex	NormalWeekPhaseWithheld	#79	2016-05-01	2016-05-01
GAP	nymex	NormalWeekPhaseWithheld	#79	2016-05-08	2016-05-08
GAP	nymex	NormalWeekPhaseWithheld	#79	2016-05-15	2016-05-15
GAP	nymex	NormalWeekPhaseWithheld	#79	2016-05-22	2016-05-22
GAP	nymex	NormalWeekPhaseWithheld	#79	2016-05-29	2016-05-29
GAP	nymex	NormalWeekPhaseWithheld	#79	2016-06-05	2016-06-05
GAP	nymex	NormalWeekPhaseWithheld	#79	2016-06-12	2016-06-12
GAP	nymex	NormalWeekPhaseWithheld	#79	2016-06-19	2016-06-19
GAP	nymex	NormalWeekPhaseWithheld	#79	2016-06-26	2016-06-26
GAP	nymex	NormalWeekPhaseWithheld	#79	2016-07-03	2016-07-03
GAP	nymex	NormalWeekPhaseWithheld	#79	2016-07-10	2016-07-10
GAP	nymex	NormalWeekPhaseWithheld	#79	2016-07-17	2016-07-17
GAP	nymex	NormalWeekPhaseWithheld	#79	2016-07-24	2016-07-24
GAP	nymex	NormalWeekPhaseWithheld	#79	2016-07-31	2016-07-31
GAP	nymex	NormalWeekPhaseWithheld	#79	2016-08-07	2016-08-07
GAP	nymex	NormalWeekPhaseWithheld	#79	2016-08-14	2016-08-14
GAP	nymex	NormalWeekPhaseWithheld	#79	2016-08-21	2016-08-21
GAP	nymex	NormalWeekPhaseWithheld	#79	2016-08-28	2016-08-28
GAP	nymex	NormalWeekPhaseWithheld	#79	2016-09-04	2016-09-04
GAP	nymex	NormalWeekPhaseWithheld	#79	2016-09-11	2016-09-11
GAP	nymex	NormalWeekPhaseWithheld	#79	2016-09-18	2016-09-18
GAP	nymex	NormalWeekPhaseWithheld	#79	2016-09-25	2016-09-25
GAP	nymex	NormalWeekPhaseWithheld	#79	2016-10-02	2016-10-02
GAP	nymex	NormalWeekPhaseWithheld	#79	2016-10-09	2016-10-09
GAP	nymex	NormalWeekPhaseWithheld	#79	2016-10-16	2016-10-16
GAP	nymex	NormalWeekPhaseWithheld	#79	2016-10-23	2016-10-23
GAP	nymex	NormalWeekPhaseWithheld	#79	2016-10-30	2016-10-30
GAP	nymex	NormalWeekPhaseWithheld	#79	2016-11-06	2016-11-06
GAP	nymex	NormalWeekPhaseWithheld	#79	2016-11-13	2016-11-13
GAP	nymex	NormalWeekPhaseWithheld	#79	2016-11-20	2016-11-20
GAP	nymex	NormalWeekPhaseWithheld	#79	2016-11-27	2016-11-27
GAP	nymex	NormalWeekPhaseWithheld	#79	2016-12-04	2016-12-04
GAP	nymex	NormalWeekPhaseWithheld	#79	2016-12-11	2016-12-11
GAP	nymex	NormalWeekPhaseWithheld	#79	2016-12-18	2016-12-18
GAP	nymex	NormalWeekPhaseWithheld	#79	2017-01-08	2017-01-08
GAP	nymex	NormalWeekPhaseWithheld	#79	2017-01-15	2017-01-15
GAP	nymex	NormalWeekPhaseWithheld	#79	2017-01-22	2017-01-22
GAP	nymex	NormalWeekPhaseWithheld	#79	2017-01-29	2017-01-29
GAP	nymex	NormalWeekPhaseWithheld	#79	2017-02-05	2017-02-05
GAP	nymex	NormalWeekPhaseWithheld	#79	2017-02-12	2017-02-12
GAP	nymex	NormalWeekPhaseWithheld	#79	2017-02-19	2017-02-19
GAP	nymex	NormalWeekPhaseWithheld	#79	2017-02-26	2017-02-26
GAP	nymex	NormalWeekPhaseWithheld	#79	2017-03-05	2017-03-05
GAP	nymex	NormalWeekPhaseWithheld	#79	2017-03-12	2017-03-12
GAP	nymex	NormalWeekPhaseWithheld	#79	2017-03-19	2017-03-19
GAP	nymex	NormalWeekPhaseWithheld	#79	2017-03-26	2017-03-26
GAP	nymex	NormalWeekPhaseWithheld	#79	2017-04-02	2017-04-02
GAP	nymex	NormalWeekPhaseWithheld	#79	2017-04-09	2017-04-09
GAP	nymex	NormalWeekPhaseWithheld	#79	2017-04-16	2017-04-16
GAP	nymex	NormalWeekPhaseWithheld	#79	2017-04-23	2017-04-23
GAP	nymex	NormalWeekPhaseWithheld	#79	2017-04-30	2017-04-30
GAP	nymex	NormalWeekPhaseWithheld	#79	2017-05-07	2017-05-07
GAP	nymex	NormalWeekPhaseWithheld	#79	2017-05-14	2017-05-14
GAP	nymex	NormalWeekPhaseWithheld	#79	2017-05-21	2017-05-21
GAP	nymex	NormalWeekPhaseWithheld	#79	2017-05-28	2017-05-28
GAP	nymex	NormalWeekPhaseWithheld	#79	2017-06-04	2017-06-04
GAP	nymex	NormalWeekPhaseWithheld	#79	2017-06-11	2017-06-11
GAP	nymex	NormalWeekPhaseWithheld	#79	2017-06-18	2017-06-18
GAP	nymex	NormalWeekPhaseWithheld	#79	2017-06-25	2017-06-25
GAP	nymex	NormalWeekPhaseWithheld	#79	2017-07-02	2017-07-02
GAP	nymex	NormalWeekPhaseWithheld	#79	2017-07-09	2017-07-09
GAP	nymex	NormalWeekPhaseWithheld	#79	2017-07-16	2017-07-16
GAP	nymex	NormalWeekPhaseWithheld	#79	2017-07-23	2017-07-23
GAP	nymex	NormalWeekPhaseWithheld	#79	2017-07-30	2017-07-30
GAP	nymex	NormalWeekPhaseWithheld	#79	2017-08-06	2017-08-06
GAP	nymex	NormalWeekPhaseWithheld	#79	2017-08-13	2017-08-13
GAP	nymex	NormalWeekPhaseWithheld	#79	2017-08-20	2017-08-20
GAP	nymex	NormalWeekPhaseWithheld	#79	2017-08-27	2017-08-27
GAP	nymex	NormalWeekPhaseWithheld	#79	2017-09-03	2017-09-03
GAP	nymex	NormalWeekPhaseWithheld	#79	2017-09-10	2017-09-10
GAP	nymex	NormalWeekPhaseWithheld	#79	2017-09-17	2017-09-17
GAP	nymex	NormalWeekPhaseWithheld	#79	2017-09-24	2017-09-24
GAP	nymex	NormalWeekPhaseWithheld	#79	2017-10-01	2017-10-01
GAP	nymex	NormalWeekPhaseWithheld	#79	2017-10-08	2017-10-08
GAP	nymex	NormalWeekPhaseWithheld	#79	2017-10-15	2017-10-15
GAP	nymex	NormalWeekPhaseWithheld	#79	2017-10-22	2017-10-22
GAP	nymex	NormalWeekPhaseWithheld	#79	2017-10-29	2017-10-29
GAP	nymex	NormalWeekPhaseWithheld	#79	2017-11-05	2017-11-05
GAP	nymex	NormalWeekPhaseWithheld	#79	2017-11-12	2017-11-12
GAP	nymex	NormalWeekPhaseWithheld	#79	2017-11-19	2017-11-19
GAP	nymex	NormalWeekPhaseWithheld	#79	2017-11-26	2017-11-26
GAP	nymex	NormalWeekPhaseWithheld	#79	2017-12-03	2017-12-03
GAP	nymex	NormalWeekPhaseWithheld	#79	2017-12-10	2017-12-10
GAP	nymex	NormalWeekPhaseWithheld	#79	2017-12-17	2017-12-17
GAP	nymex	NormalWeekPhaseWithheld	#79	2018-01-07	2018-01-07
GAP	nymex	NormalWeekPhaseWithheld	#79	2018-01-14	2018-01-14
GAP	nymex	NormalWeekPhaseWithheld	#79	2018-01-21	2018-01-21
GAP	nymex	NormalWeekPhaseWithheld	#79	2018-01-28	2018-01-28
GAP	nymex	NormalWeekPhaseWithheld	#79	2018-02-04	2018-02-04
GAP	nymex	NormalWeekPhaseWithheld	#79	2018-02-11	2018-02-11
GAP	nymex	NormalWeekPhaseWithheld	#79	2018-02-18	2018-02-18
GAP	nymex	NormalWeekPhaseWithheld	#79	2018-02-25	2018-02-25
GAP	nymex	NormalWeekPhaseWithheld	#79	2018-03-04	2018-03-04
GAP	nymex	NormalWeekPhaseWithheld	#79	2018-03-11	2018-03-11
GAP	nymex	NormalWeekPhaseWithheld	#79	2018-03-18	2018-03-18
GAP	nymex	NormalWeekPhaseWithheld	#79	2018-03-25	2018-03-25
GAP	nymex	NormalWeekPhaseWithheld	#79	2018-04-01	2018-04-01
GAP	nymex	NormalWeekPhaseWithheld	#79	2018-04-08	2018-04-08
GAP	nymex	NormalWeekPhaseWithheld	#79	2018-04-15	2018-04-15
GAP	nymex	NormalWeekPhaseWithheld	#79	2018-04-22	2018-04-22
GAP	nymex	NormalWeekPhaseWithheld	#79	2018-04-29	2018-04-29
GAP	nymex	NormalWeekPhaseWithheld	#79	2018-05-06	2018-05-06
GAP	nymex	NormalWeekPhaseWithheld	#79	2018-05-13	2018-05-13
GAP	nymex	NormalWeekPhaseWithheld	#79	2018-05-20	2018-05-20
GAP	nymex	NormalWeekPhaseWithheld	#79	2018-05-27	2018-05-27
GAP	nymex	NormalWeekPhaseWithheld	#79	2018-06-03	2018-06-03
GAP	nymex	NormalWeekPhaseWithheld	#79	2018-06-10	2018-06-10
GAP	nymex	NormalWeekPhaseWithheld	#79	2018-06-17	2018-06-17
GAP	nymex	NormalWeekPhaseWithheld	#79	2018-06-24	2018-06-24
GAP	nymex	NormalWeekPhaseWithheld	#79	2018-07-01	2018-07-01
GAP	nymex	NormalWeekPhaseWithheld	#79	2018-07-08	2018-07-08
GAP	nymex	NormalWeekPhaseWithheld	#79	2018-07-15	2018-07-15
GAP	nymex	NormalWeekPhaseWithheld	#79	2018-07-22	2018-07-22
GAP	nymex	NormalWeekPhaseWithheld	#79	2018-07-29	2018-07-29
GAP	nymex	NormalWeekPhaseWithheld	#79	2018-08-05	2018-08-05
GAP	nymex	NormalWeekPhaseWithheld	#79	2018-08-12	2018-08-12
GAP	nymex	NormalWeekPhaseWithheld	#79	2018-08-19	2018-08-19
GAP	nymex	NormalWeekPhaseWithheld	#79	2018-08-26	2018-08-26
GAP	nymex	NormalWeekPhaseWithheld	#79	2018-09-02	2018-09-02
GAP	nymex	NormalWeekPhaseWithheld	#79	2018-09-09	2018-09-09
GAP	nymex	NormalWeekPhaseWithheld	#79	2018-09-16	2018-09-16
GAP	nymex	NormalWeekPhaseWithheld	#79	2018-09-23	2018-09-23
GAP	nymex	NormalWeekPhaseWithheld	#79	2018-09-30	2018-09-30
GAP	nymex	NormalWeekPhaseWithheld	#79	2018-10-07	2018-10-07
GAP	nymex	NormalWeekPhaseWithheld	#79	2018-10-14	2018-10-14
GAP	nymex	NormalWeekPhaseWithheld	#79	2018-10-21	2018-10-21
GAP	nymex	NormalWeekPhaseWithheld	#79	2018-10-28	2018-10-28
GAP	nymex	NormalWeekPhaseWithheld	#79	2018-11-04	2018-11-04
GAP	nymex	NormalWeekPhaseWithheld	#79	2018-11-11	2018-11-11
GAP	nymex	NormalWeekPhaseWithheld	#79	2018-11-18	2018-11-18
GAP	nymex	NormalWeekPhaseWithheld	#79	2018-11-25	2018-11-25
GAP	nymex	NormalWeekPhaseWithheld	#79	2018-12-02	2018-12-02
GAP	nymex	NormalWeekPhaseWithheld	#79	2018-12-09	2018-12-09
GAP	nymex	NormalWeekPhaseWithheld	#79	2018-12-16	2018-12-16
GAP	nymex	NormalWeekPhaseWithheld	#79	2018-12-23	2018-12-23
GAP	nymex	NormalWeekPhaseWithheld	#79	2018-12-30	2018-12-30
GAP	nymex	NormalWeekPhaseWithheld	#79	2019-01-06	2019-01-06
GAP	nymex	NormalWeekPhaseWithheld	#79	2019-01-13	2019-01-13
GAP	nymex	NormalWeekPhaseWithheld	#79	2019-01-20	2019-01-20
GAP	nymex	NormalWeekPhaseWithheld	#79	2019-01-27	2019-01-27
GAP	nymex	NormalWeekPhaseWithheld	#79	2019-02-03	2019-02-03
GAP	nymex	NormalWeekPhaseWithheld	#79	2019-02-10	2019-02-10
GAP	nymex	NormalWeekPhaseWithheld	#79	2019-02-17	2019-02-17
GAP	nymex	NormalWeekPhaseWithheld	#79	2019-02-24	2019-02-24
GAP	nymex	NormalWeekPhaseWithheld	#79	2019-03-03	2019-03-03
GAP	nymex	NormalWeekPhaseWithheld	#79	2019-03-10	2019-03-10
GAP	nymex	NormalWeekPhaseWithheld	#79	2019-03-17	2019-03-17
GAP	nymex	NormalWeekPhaseWithheld	#79	2019-03-24	2019-03-24
GAP	nymex	NormalWeekPhaseWithheld	#79	2019-03-31	2019-03-31
GAP	nymex	NormalWeekPhaseWithheld	#79	2019-04-07	2019-04-07
GAP	nymex	NormalWeekPhaseWithheld	#79	2019-04-14	2019-04-14
GAP	nymex	NormalWeekPhaseWithheld	#79	2019-04-21	2019-04-21
GAP	nymex	NormalWeekPhaseWithheld	#79	2019-04-28	2019-04-28
GAP	nymex	NormalWeekPhaseWithheld	#79	2019-05-05	2019-05-05
GAP	nymex	NormalWeekPhaseWithheld	#79	2019-05-12	2019-05-12
GAP	nymex	NormalWeekPhaseWithheld	#79	2019-05-19	2019-05-19
GAP	nymex	NormalWeekPhaseWithheld	#79	2019-05-26	2019-05-26
GAP	nymex	NormalWeekPhaseWithheld	#79	2019-06-02	2019-06-02
GAP	nymex	NormalWeekPhaseWithheld	#79	2019-06-09	2019-06-09
GAP	nymex	NormalWeekPhaseWithheld	#79	2019-06-16	2019-06-16
GAP	nymex	ResolutionEdge	-	2019-06-18	2019-06-18
GAP	nymex	WithheldDate	-	2019-06-19	2019-06-19
GAP	nymex	ResolutionEdge	-	2019-06-20	2019-06-22
GAP	nymex	NormalWeekPhaseWithheld	#79	2019-06-23	2019-06-23
GAP	nymex	NormalWeekPhaseWithheld	#79	2019-06-30	2019-06-30
GAP	nymex	NormalWeekPhaseWithheld	#79	2019-07-07	2019-07-07
GAP	nymex	NormalWeekPhaseWithheld	#79	2019-07-14	2019-07-14
GAP	nymex	NormalWeekPhaseWithheld	#79	2019-07-21	2019-07-21
GAP	nymex	NormalWeekPhaseWithheld	#79	2019-07-28	2019-07-28
GAP	nymex	NormalWeekPhaseWithheld	#79	2019-08-04	2019-08-04
GAP	nymex	NormalWeekPhaseWithheld	#79	2019-08-11	2019-08-11
GAP	nymex	NormalWeekPhaseWithheld	#79	2019-08-18	2019-08-18
GAP	nymex	NormalWeekPhaseWithheld	#79	2019-08-25	2019-08-25
GAP	nymex	NormalWeekPhaseWithheld	#79	2019-09-01	2019-09-01
GAP	nymex	NormalWeekPhaseWithheld	#79	2019-09-08	2019-09-08
GAP	nymex	NormalWeekPhaseWithheld	#79	2019-09-15	2019-09-15
GAP	nymex	NormalWeekPhaseWithheld	#79	2019-09-22	2019-09-22
GAP	nymex	NormalWeekPhaseWithheld	#79	2019-09-29	2019-09-29
GAP	nymex	NormalWeekPhaseWithheld	#79	2019-10-06	2019-10-06
GAP	nymex	NormalWeekPhaseWithheld	#79	2019-10-13	2019-10-13
GAP	nymex	NormalWeekPhaseWithheld	#79	2019-10-20	2019-10-20
GAP	nymex	NormalWeekPhaseWithheld	#79	2019-10-27	2019-10-27
GAP	nymex	NormalWeekPhaseWithheld	#79	2019-11-03	2019-11-03
GAP	nymex	NormalWeekPhaseWithheld	#79	2019-11-10	2019-11-10
GAP	nymex	NormalWeekPhaseWithheld	#79	2019-11-17	2019-11-17
GAP	nymex	NormalWeekPhaseWithheld	#79	2019-11-24	2019-11-24
GAP	nymex	NormalWeekPhaseWithheld	#79	2019-12-01	2019-12-01
GAP	nymex	NormalWeekPhaseWithheld	#79	2019-12-08	2019-12-08
GAP	nymex	NormalWeekPhaseWithheld	#79	2019-12-15	2019-12-15
GAP	nymex	NormalWeekPhaseWithheld	#79	2019-12-22	2019-12-22
GAP	nymex	NormalWeekPhaseWithheld	#79	2019-12-29	2019-12-29
GAP	nymex	NormalWeekPhaseWithheld	#79	2020-01-05	2020-01-05
GAP	nymex	NormalWeekPhaseWithheld	#79	2020-01-12	2020-01-12
GAP	nymex	NormalWeekPhaseWithheld	#79	2020-01-19	2020-01-19
GAP	nymex	NormalWeekPhaseWithheld	#79	2020-01-26	2020-01-26
GAP	nymex	NormalWeekPhaseWithheld	#79	2020-02-02	2020-02-02
GAP	nymex	NormalWeekPhaseWithheld	#79	2020-02-09	2020-02-09
GAP	nymex	NormalWeekPhaseWithheld	#79	2020-02-16	2020-02-16
GAP	nymex	NormalWeekPhaseWithheld	#79	2020-02-23	2020-02-23
GAP	nymex	NormalWeekPhaseWithheld	#79	2020-03-01	2020-03-01
GAP	nymex	NormalWeekPhaseWithheld	#79	2020-03-08	2020-03-08
GAP	nymex	NormalWeekPhaseWithheld	#79	2020-03-15	2020-03-15
GAP	nymex	NormalWeekPhaseWithheld	#79	2020-03-22	2020-03-22
GAP	nymex	NormalWeekPhaseWithheld	#79	2020-03-29	2020-03-29
GAP	nymex	NormalWeekPhaseWithheld	#79	2020-04-05	2020-04-05
GAP	nymex	NormalWeekPhaseWithheld	#79	2020-04-12	2020-04-12
GAP	nymex	NormalWeekPhaseWithheld	#79	2020-04-19	2020-04-19
GAP	nymex	NormalWeekPhaseWithheld	#79	2020-04-26	2020-04-26
GAP	nymex	NormalWeekPhaseWithheld	#79	2020-05-03	2020-05-03
GAP	nymex	NormalWeekPhaseWithheld	#79	2020-05-10	2020-05-10
GAP	nymex	NormalWeekPhaseWithheld	#79	2020-05-17	2020-05-17
GAP	nymex	NormalWeekPhaseWithheld	#79	2020-05-24	2020-05-24
GAP	nymex	NormalWeekPhaseWithheld	#79	2020-05-31	2020-05-31
GAP	nymex	NormalWeekPhaseWithheld	#79	2020-06-07	2020-06-07
GAP	nymex	NormalWeekPhaseWithheld	#79	2020-06-14	2020-06-14
GAP	nymex	ResolutionEdge	-	2020-06-18	2020-06-18
GAP	nymex	WithheldDate	-	2020-06-19	2020-06-19
GAP	nymex	ResolutionEdge	-	2020-06-20	2020-06-20
GAP	nymex	NormalWeekPhaseWithheld	#79	2020-06-21	2020-06-21
GAP	nymex	NormalWeekPhaseWithheld	#79	2020-06-28	2020-06-28
GAP	nymex	NormalWeekPhaseWithheld	#79	2020-07-05	2020-07-05
GAP	nymex	NormalWeekPhaseWithheld	#79	2020-07-12	2020-07-12
GAP	nymex	NormalWeekPhaseWithheld	#79	2020-07-19	2020-07-19
GAP	nymex	NormalWeekPhaseWithheld	#79	2020-07-26	2020-07-26
GAP	nymex	NormalWeekPhaseWithheld	#79	2020-08-02	2020-08-02
GAP	nymex	NormalWeekPhaseWithheld	#79	2020-08-09	2020-08-09
GAP	nymex	NormalWeekPhaseWithheld	#79	2020-08-16	2020-08-16
GAP	nymex	NormalWeekPhaseWithheld	#79	2020-08-23	2020-08-23
GAP	nymex	NormalWeekPhaseWithheld	#79	2020-08-30	2020-08-30
GAP	nymex	NormalWeekPhaseWithheld	#79	2020-09-06	2020-09-06
GAP	nymex	NormalWeekPhaseWithheld	#79	2020-09-13	2020-09-13
GAP	nymex	NormalWeekPhaseWithheld	#79	2020-09-20	2020-09-20
GAP	nymex	NormalWeekPhaseWithheld	#79	2020-09-27	2020-09-27
GAP	nymex	NormalWeekPhaseWithheld	#79	2020-10-04	2020-10-04
GAP	nymex	NormalWeekPhaseWithheld	#79	2020-10-11	2020-10-11
GAP	nymex	NormalWeekPhaseWithheld	#79	2020-10-18	2020-10-18
GAP	nymex	NormalWeekPhaseWithheld	#79	2020-10-25	2020-10-25
GAP	nymex	NormalWeekPhaseWithheld	#79	2020-11-01	2020-11-01
GAP	nymex	NormalWeekPhaseWithheld	#79	2020-11-08	2020-11-08
GAP	nymex	NormalWeekPhaseWithheld	#79	2020-11-15	2020-11-15
GAP	nymex	NormalWeekPhaseWithheld	#79	2020-11-22	2020-11-22
GAP	nymex	NormalWeekPhaseWithheld	#79	2020-11-29	2020-11-29
GAP	nymex	NormalWeekPhaseWithheld	#79	2020-12-06	2020-12-06
GAP	nymex	NormalWeekPhaseWithheld	#79	2020-12-13	2020-12-13
GAP	nymex	NormalWeekPhaseWithheld	#79	2020-12-20	2020-12-20
GAP	nymex	NormalWeekPhaseWithheld	#79	2020-12-27	2020-12-27
GAP	nymex	NormalWeekPhaseWithheld	#79	2021-01-03	2021-01-03
GAP	nymex	NormalWeekPhaseWithheld	#79	2021-01-10	2021-01-10
GAP	nymex	NormalWeekPhaseWithheld	#79	2021-01-17	2021-01-17
GAP	nymex	NormalWeekPhaseWithheld	#79	2021-01-24	2021-01-24
GAP	nymex	NormalWeekPhaseWithheld	#79	2021-01-31	2021-01-31
GAP	nymex	NormalWeekPhaseWithheld	#79	2021-02-07	2021-02-07
GAP	nymex	NormalWeekPhaseWithheld	#79	2021-02-14	2021-02-14
GAP	nymex	NormalWeekPhaseWithheld	#79	2021-02-21	2021-02-21
GAP	nymex	NormalWeekPhaseWithheld	#79	2021-02-28	2021-02-28
GAP	nymex	NormalWeekPhaseWithheld	#79	2021-03-07	2021-03-07
GAP	nymex	NormalWeekPhaseWithheld	#79	2021-03-14	2021-03-14
GAP	nymex	NormalWeekPhaseWithheld	#79	2021-03-21	2021-03-21
GAP	nymex	NormalWeekPhaseWithheld	#79	2021-03-28	2021-03-28
GAP	nymex	NormalWeekPhaseWithheld	#79	2021-04-04	2021-04-04
GAP	nymex	NormalWeekPhaseWithheld	#79	2021-04-11	2021-04-11
GAP	nymex	NormalWeekPhaseWithheld	#79	2021-04-18	2021-04-18
GAP	nymex	NormalWeekPhaseWithheld	#79	2021-04-25	2021-04-25
GAP	nymex	NormalWeekPhaseWithheld	#79	2021-05-02	2021-05-02
GAP	nymex	NormalWeekPhaseWithheld	#79	2021-05-09	2021-05-09
GAP	nymex	NormalWeekPhaseWithheld	#79	2021-05-16	2021-05-16
GAP	nymex	NormalWeekPhaseWithheld	#79	2021-05-23	2021-05-23
GAP	nymex	NormalWeekPhaseWithheld	#79	2021-05-30	2021-05-30
GAP	nymex	NormalWeekPhaseWithheld	#79	2021-06-06	2021-06-06
GAP	nymex	NormalWeekPhaseWithheld	#79	2021-06-13	2021-06-13
GAP	nymex	ResolutionEdge	-	2021-06-18	2021-06-18
GAP	nymex	WithheldDate	-	2021-06-19	2021-06-19
GAP	nymex	NormalWeekPhaseWithheld	#79	2021-06-20	2021-06-20
GAP	nymex	NormalWeekPhaseWithheld	#79	2021-06-27	2021-06-27
GAP	nymex	NormalWeekPhaseWithheld	#79	2021-07-04	2021-07-04
GAP	nymex	NormalWeekPhaseWithheld	#79	2021-07-11	2021-07-11
GAP	nymex	NormalWeekPhaseWithheld	#79	2021-07-18	2021-07-18
GAP	nymex	NormalWeekPhaseWithheld	#79	2021-07-25	2021-07-25
GAP	nymex	NormalWeekPhaseWithheld	#79	2021-08-01	2021-08-01
GAP	nymex	NormalWeekPhaseWithheld	#79	2021-08-08	2021-08-08
GAP	nymex	NormalWeekPhaseWithheld	#79	2021-08-15	2021-08-15
GAP	nymex	NormalWeekPhaseWithheld	#79	2021-08-22	2021-08-22
GAP	nymex	NormalWeekPhaseWithheld	#79	2021-08-29	2021-08-29
GAP	nymex	NormalWeekPhaseWithheld	#79	2021-09-05	2021-09-05
GAP	nymex	NormalWeekPhaseWithheld	#79	2021-09-12	2021-09-12
GAP	nymex	NormalWeekPhaseWithheld	#79	2021-09-19	2021-09-19
GAP	nymex	NormalWeekPhaseWithheld	#79	2021-09-26	2021-09-26
GAP	nymex	NormalWeekPhaseWithheld	#79	2021-10-03	2021-10-03
GAP	nymex	NormalWeekPhaseWithheld	#79	2021-10-10	2021-10-10
GAP	nymex	NormalWeekPhaseWithheld	#79	2021-10-17	2021-10-17
GAP	nymex	NormalWeekPhaseWithheld	#79	2021-10-24	2021-10-24
GAP	nymex	NormalWeekPhaseWithheld	#79	2021-10-31	2021-10-31
GAP	nymex	NormalWeekPhaseWithheld	#79	2021-11-07	2021-11-07
GAP	nymex	NormalWeekPhaseWithheld	#79	2021-11-14	2021-11-14
GAP	nymex	NormalWeekPhaseWithheld	#79	2021-11-21	2021-11-21
GAP	nymex	NormalWeekPhaseWithheld	#79	2021-11-28	2021-11-28
GAP	nymex	NormalWeekPhaseWithheld	#79	2021-12-05	2021-12-05
GAP	nymex	NormalWeekPhaseWithheld	#79	2021-12-12	2021-12-12
GAP	nymex	NormalWeekPhaseWithheld	#79	2021-12-19	2021-12-19
GAP	nymex	NormalWeekPhaseWithheld	#79	2021-12-26	2021-12-26
GAP	nymex	NormalWeekPhaseWithheld	#79	2022-01-02	2022-01-02
GAP	nymex	NormalWeekPhaseWithheld	#79	2022-01-09	2022-01-09
GAP	nymex	NormalWeekPhaseWithheld	#79	2022-01-16	2022-01-16
GAP	nymex	NormalWeekPhaseWithheld	#79	2022-01-23	2022-01-23
GAP	nymex	NormalWeekPhaseWithheld	#79	2022-01-30	2022-01-30
GAP	nymex	NormalWeekPhaseWithheld	#79	2022-02-06	2022-02-06
GAP	nymex	NormalWeekPhaseWithheld	#79	2022-02-13	2022-02-13
GAP	nymex	NormalWeekPhaseWithheld	#79	2022-02-20	2022-02-20
GAP	nymex	NormalWeekPhaseWithheld	#79	2022-02-27	2022-02-27
GAP	nymex	NormalWeekPhaseWithheld	#79	2022-03-06	2022-03-06
GAP	nymex	NormalWeekPhaseWithheld	#79	2022-03-13	2022-03-13
GAP	nymex	NormalWeekPhaseWithheld	#79	2022-03-20	2022-03-20
GAP	nymex	NormalWeekPhaseWithheld	#79	2022-03-27	2022-03-27
GAP	nymex	NormalWeekPhaseWithheld	#79	2022-04-03	2022-04-03
GAP	nymex	NormalWeekPhaseWithheld	#79	2022-04-10	2022-04-10
GAP	nymex	NormalWeekPhaseWithheld	#79	2022-04-17	2022-04-17
GAP	nymex	NormalWeekPhaseWithheld	#79	2022-04-24	2022-04-24
GAP	nymex	NormalWeekPhaseWithheld	#79	2022-05-01	2022-05-01
GAP	nymex	NormalWeekPhaseWithheld	#79	2022-05-08	2022-05-08
GAP	nymex	NormalWeekPhaseWithheld	#79	2022-05-15	2022-05-15
GAP	nymex	NormalWeekPhaseWithheld	#79	2022-05-22	2022-05-22
GAP	nymex	NormalWeekPhaseWithheld	#79	2022-05-29	2022-05-29
GAP	nymex	NormalWeekPhaseWithheld	#79	2022-06-05	2022-06-05
GAP	nymex	NormalWeekPhaseWithheld	#79	2022-06-12	2022-06-12
GAP	nymex	NormalWeekPhaseWithheld	#79	2022-06-19	2022-06-19
GAP	nymex	NormalWeekPhaseWithheld	#79	2022-06-26	2022-06-26
GAP	nymex	NormalWeekPhaseWithheld	#79	2022-07-03	2022-07-03
GAP	nymex	NormalWeekPhaseWithheld	#79	2022-07-10	2022-07-10
GAP	nymex	NormalWeekPhaseWithheld	#79	2022-07-17	2022-07-17
GAP	nymex	NormalWeekPhaseWithheld	#79	2022-07-24	2022-07-24
GAP	nymex	NormalWeekPhaseWithheld	#79	2022-07-31	2022-07-31
GAP	nymex	NormalWeekPhaseWithheld	#79	2022-08-07	2022-08-07
GAP	nymex	NormalWeekPhaseWithheld	#79	2022-08-14	2022-08-14
GAP	nymex	NormalWeekPhaseWithheld	#79	2022-08-21	2022-08-21
GAP	nymex	NormalWeekPhaseWithheld	#79	2022-08-28	2022-08-28
GAP	nymex	NormalWeekPhaseWithheld	#79	2022-09-04	2022-09-04
GAP	nymex	NormalWeekPhaseWithheld	#79	2022-09-11	2022-09-11
GAP	nymex	NormalWeekPhaseWithheld	#79	2022-09-18	2022-09-18
GAP	nymex	NormalWeekPhaseWithheld	#79	2022-09-25	2022-09-25
GAP	nymex	NormalWeekPhaseWithheld	#79	2022-10-02	2022-10-02
GAP	nymex	NormalWeekPhaseWithheld	#79	2022-10-09	2022-10-09
GAP	nymex	NormalWeekPhaseWithheld	#79	2022-10-16	2022-10-16
GAP	nymex	NormalWeekPhaseWithheld	#79	2022-10-23	2022-10-23
GAP	nymex	NormalWeekPhaseWithheld	#79	2022-10-30	2022-10-30
GAP	nymex	NormalWeekPhaseWithheld	#79	2022-11-06	2022-11-06
GAP	nymex	NormalWeekPhaseWithheld	#79	2022-11-13	2022-11-13
GAP	nymex	NormalWeekPhaseWithheld	#79	2022-11-20	2022-11-20
GAP	nymex	NormalWeekPhaseWithheld	#79	2022-11-27	2022-11-27
GAP	nymex	NormalWeekPhaseWithheld	#79	2022-12-04	2022-12-04
GAP	nymex	NormalWeekPhaseWithheld	#79	2022-12-11	2022-12-11
GAP	nymex	NormalWeekPhaseWithheld	#79	2022-12-18	2022-12-18
GAP	nymex	NormalWeekPhaseWithheld	#79	2023-01-08	2023-01-08
GAP	nymex	ResolutionEdge	-	2023-01-13	2023-01-14
GAP	nymex	NormalWeekPhaseWithheld	#79	2023-01-15	2023-01-15
GAP	nymex	WithheldDate	-	2023-01-16	2023-01-16
GAP	nymex	ResolutionEdge	-	2023-01-17	2023-01-17
GAP	nymex	NormalWeekPhaseWithheld	#79	2023-01-22	2023-01-22
GAP	nymex	NormalWeekPhaseWithheld	#79	2023-01-29	2023-01-29
GAP	nymex	NormalWeekPhaseWithheld	#79	2023-02-05	2023-02-05
GAP	nymex	NormalWeekPhaseWithheld	#79	2023-02-12	2023-02-12
GAP	nymex	ResolutionEdge	-	2023-02-17	2023-02-18
GAP	nymex	NormalWeekPhaseWithheld	#79	2023-02-19	2023-02-19
GAP	nymex	WithheldDate	-	2023-02-20	2023-02-20
GAP	nymex	ResolutionEdge	-	2023-02-21	2023-02-21
GAP	nymex	NormalWeekPhaseWithheld	#79	2023-02-26	2023-02-26
GAP	nymex	NormalWeekPhaseWithheld	#79	2023-03-05	2023-03-05
GAP	nymex	NormalWeekPhaseWithheld	#79	2023-03-12	2023-03-12
GAP	nymex	NormalWeekPhaseWithheld	#79	2023-03-19	2023-03-19
GAP	nymex	NormalWeekPhaseWithheld	#79	2023-03-26	2023-03-26
GAP	nymex	NormalWeekPhaseWithheld	#79	2023-04-02	2023-04-02
GAP	nymex	ResolutionEdge	-	2023-04-06	2023-04-06
GAP	nymex	WithheldDate	-	2023-04-07	2023-04-07
GAP	nymex	ResolutionEdge	-	2023-04-08	2023-04-08
GAP	nymex	NormalWeekPhaseWithheld	#79	2023-04-09	2023-04-09
GAP	nymex	NormalWeekPhaseWithheld	#79	2023-04-16	2023-04-16
GAP	nymex	NormalWeekPhaseWithheld	#79	2023-04-23	2023-04-23
GAP	nymex	NormalWeekPhaseWithheld	#79	2023-04-30	2023-04-30
GAP	nymex	NormalWeekPhaseWithheld	#79	2023-05-07	2023-05-07
GAP	nymex	NormalWeekPhaseWithheld	#79	2023-05-14	2023-05-14
GAP	nymex	NormalWeekPhaseWithheld	#79	2023-05-21	2023-05-21
GAP	nymex	NormalWeekPhaseWithheld	#79	2023-05-28	2023-05-28
GAP	nymex	NormalWeekPhaseWithheld	#79	2023-06-04	2023-06-04
GAP	nymex	NormalWeekPhaseWithheld	#79	2023-06-11	2023-06-11
GAP	nymex	NormalWeekPhaseWithheld	#79	2023-06-18	2023-06-18
GAP	nymex	NormalWeekPhaseWithheld	#79	2023-06-25	2023-06-25
GAP	nymex	NormalWeekPhaseWithheld	#79	2023-07-02	2023-07-02
GAP	nymex	NormalWeekPhaseWithheld	#79	2023-07-09	2023-07-09
GAP	nymex	NormalWeekPhaseWithheld	#79	2023-07-16	2023-07-16
GAP	nymex	NormalWeekPhaseWithheld	#79	2023-07-23	2023-07-23
GAP	nymex	NormalWeekPhaseWithheld	#79	2023-07-30	2023-07-30
GAP	nymex	NormalWeekPhaseWithheld	#79	2023-08-06	2023-08-06
GAP	nymex	NormalWeekPhaseWithheld	#79	2023-08-13	2023-08-13
GAP	nymex	NormalWeekPhaseWithheld	#79	2023-08-20	2023-08-20
GAP	nymex	NormalWeekPhaseWithheld	#79	2023-08-27	2023-08-27
GAP	nymex	NormalWeekPhaseWithheld	#79	2023-09-03	2023-09-03
GAP	nymex	NormalWeekPhaseWithheld	#79	2023-09-10	2023-09-10
GAP	nymex	NormalWeekPhaseWithheld	#79	2023-09-17	2023-09-17
GAP	nymex	NormalWeekPhaseWithheld	#79	2023-09-24	2023-09-24
GAP	nymex	NormalWeekPhaseWithheld	#79	2023-10-01	2023-10-01
GAP	nymex	NormalWeekPhaseWithheld	#79	2023-10-08	2023-10-08
GAP	nymex	NormalWeekPhaseWithheld	#79	2023-10-15	2023-10-15
GAP	nymex	NormalWeekPhaseWithheld	#79	2023-10-22	2023-10-22
GAP	nymex	NormalWeekPhaseWithheld	#79	2023-10-29	2023-10-29
GAP	nymex	NormalWeekPhaseWithheld	#79	2023-11-05	2023-11-05
GAP	nymex	NormalWeekPhaseWithheld	#79	2023-11-12	2023-11-12
GAP	nymex	NormalWeekPhaseWithheld	#79	2023-11-19	2023-11-19
GAP	nymex	NormalWeekPhaseWithheld	#79	2023-11-26	2023-11-26
GAP	nymex	NormalWeekPhaseWithheld	#79	2023-12-03	2023-12-03
GAP	nymex	NormalWeekPhaseWithheld	#79	2023-12-10	2023-12-10
GAP	nymex	NormalWeekPhaseWithheld	#79	2023-12-17	2023-12-17
GAP	nymex	NormalWeekPhaseWithheld	#79	2024-01-07	2024-01-07
GAP	nymex	NormalWeekPhaseWithheld	#79	2024-01-14	2024-01-14
GAP	nymex	NormalWeekPhaseWithheld	#79	2024-01-21	2024-01-21
GAP	nymex	NormalWeekPhaseWithheld	#79	2024-01-28	2024-01-28
GAP	nymex	NormalWeekPhaseWithheld	#79	2024-02-04	2024-02-04
GAP	nymex	NormalWeekPhaseWithheld	#79	2024-02-11	2024-02-11
GAP	nymex	NormalWeekPhaseWithheld	#79	2024-02-18	2024-02-18
GAP	nymex	NormalWeekPhaseWithheld	#79	2024-02-25	2024-02-25
GAP	nymex	NormalWeekPhaseWithheld	#79	2024-03-03	2024-03-03
GAP	nymex	NormalWeekPhaseWithheld	#79	2024-03-10	2024-03-10
GAP	nymex	NormalWeekPhaseWithheld	#79	2024-03-17	2024-03-17
GAP	nymex	NormalWeekPhaseWithheld	#79	2024-03-24	2024-03-24
GAP	nymex	NormalWeekPhaseWithheld	#79	2024-03-31	2024-03-31
GAP	nymex	NormalWeekPhaseWithheld	#79	2024-04-07	2024-04-07
GAP	nymex	NormalWeekPhaseWithheld	#79	2024-04-14	2024-04-14
GAP	nymex	NormalWeekPhaseWithheld	#79	2024-04-21	2024-04-21
GAP	nymex	NormalWeekPhaseWithheld	#79	2024-04-28	2024-04-28
GAP	nymex	NormalWeekPhaseWithheld	#79	2024-05-05	2024-05-05
GAP	nymex	NormalWeekPhaseWithheld	#79	2024-05-12	2024-05-12
GAP	nymex	NormalWeekPhaseWithheld	#79	2024-05-19	2024-05-19
GAP	nymex	NormalWeekPhaseWithheld	#79	2024-05-26	2024-05-26
GAP	nymex	NormalWeekPhaseWithheld	#79	2024-06-02	2024-06-02
GAP	nymex	NormalWeekPhaseWithheld	#79	2024-06-09	2024-06-09
GAP	nymex	NormalWeekPhaseWithheld	#79	2024-06-16	2024-06-16
GAP	nymex	NormalWeekPhaseWithheld	#79	2024-06-23	2024-06-23
GAP	nymex	NormalWeekPhaseWithheld	#79	2024-06-30	2024-06-30
GAP	nymex	NormalWeekPhaseWithheld	#79	2024-07-07	2024-07-07
GAP	nymex	NormalWeekPhaseWithheld	#79	2024-07-14	2024-07-14
GAP	nymex	NormalWeekPhaseWithheld	#79	2024-07-21	2024-07-21
GAP	nymex	NormalWeekPhaseWithheld	#79	2024-07-28	2024-07-28
GAP	nymex	NormalWeekPhaseWithheld	#79	2024-08-04	2024-08-04
GAP	nymex	NormalWeekPhaseWithheld	#79	2024-08-11	2024-08-11
GAP	nymex	NormalWeekPhaseWithheld	#79	2024-08-18	2024-08-18
GAP	nymex	NormalWeekPhaseWithheld	#79	2024-08-25	2024-08-25
GAP	nymex	NormalWeekPhaseWithheld	#79	2024-09-01	2024-09-01
GAP	nymex	NormalWeekPhaseWithheld	#79	2024-09-08	2024-09-08
GAP	nymex	NormalWeekPhaseWithheld	#79	2024-09-15	2024-09-15
GAP	nymex	NormalWeekPhaseWithheld	#79	2024-09-22	2024-09-22
GAP	nymex	NormalWeekPhaseWithheld	#79	2024-09-29	2024-09-29
GAP	nymex	NormalWeekPhaseWithheld	#79	2024-10-06	2024-10-06
GAP	nymex	NormalWeekPhaseWithheld	#79	2024-10-13	2024-10-13
GAP	nymex	NormalWeekPhaseWithheld	#79	2024-10-20	2024-10-20
GAP	nymex	NormalWeekPhaseWithheld	#79	2024-10-27	2024-10-27
GAP	nymex	NormalWeekPhaseWithheld	#79	2024-11-03	2024-11-03
GAP	nymex	NormalWeekPhaseWithheld	#79	2024-11-10	2024-11-10
GAP	nymex	NormalWeekPhaseWithheld	#79	2024-11-17	2024-11-17
GAP	nymex	NormalWeekPhaseWithheld	#79	2024-11-24	2024-11-24
GAP	nymex	NormalWeekPhaseWithheld	#79	2024-12-01	2024-12-01
GAP	nymex	NormalWeekPhaseWithheld	#79	2024-12-08	2024-12-08
GAP	nymex	NormalWeekPhaseWithheld	#79	2024-12-15	2024-12-15
GAP	nymex	NormalWeekPhaseWithheld	#79	2024-12-22	2024-12-22
GAP	nymex	NormalWeekPhaseWithheld	#79	2024-12-29	2024-12-29
GAP	nymex	NormalWeekPhaseWithheld	#79	2025-01-05	2025-01-05
GAP	nymex	NormalWeekPhaseWithheld	#79	2025-01-12	2025-01-12
GAP	nymex	NormalWeekPhaseWithheld	#79	2025-01-19	2025-01-19
GAP	nymex	NormalWeekPhaseWithheld	#79	2025-01-26	2025-01-26
GAP	nymex	NormalWeekPhaseWithheld	#79	2025-02-02	2025-02-02
GAP	nymex	NormalWeekPhaseWithheld	#79	2025-02-09	2025-02-09
GAP	nymex	NormalWeekPhaseWithheld	#79	2025-02-16	2025-02-16
GAP	nymex	NormalWeekPhaseWithheld	#79	2025-02-23	2025-02-23
GAP	nymex	NormalWeekPhaseWithheld	#79	2025-03-02	2025-03-02
GAP	nymex	NormalWeekPhaseWithheld	#79	2025-03-09	2025-03-09
GAP	nymex	NormalWeekPhaseWithheld	#79	2025-03-16	2025-03-16
GAP	nymex	NormalWeekPhaseWithheld	#79	2025-03-23	2025-03-23
GAP	nymex	NormalWeekPhaseWithheld	#79	2025-03-30	2025-03-30
GAP	nymex	NormalWeekPhaseWithheld	#79	2025-04-06	2025-04-06
GAP	nymex	NormalWeekPhaseWithheld	#79	2025-04-13	2025-04-13
GAP	nymex	NormalWeekPhaseWithheld	#79	2025-04-20	2025-04-20
GAP	nymex	NormalWeekPhaseWithheld	#79	2025-04-27	2025-04-27
GAP	nymex	NormalWeekPhaseWithheld	#79	2025-05-04	2025-05-04
GAP	nymex	NormalWeekPhaseWithheld	#79	2025-05-11	2025-05-11
GAP	nymex	NormalWeekPhaseWithheld	#79	2025-05-18	2025-05-18
GAP	nymex	NormalWeekPhaseWithheld	#79	2025-05-25	2025-05-25
GAP	nymex	NormalWeekPhaseWithheld	#79	2025-06-01	2025-06-01
GAP	nymex	NormalWeekPhaseWithheld	#79	2025-06-08	2025-06-08
GAP	nymex	NormalWeekPhaseWithheld	#79	2025-06-15	2025-06-15
GAP	nymex	NormalWeekPhaseWithheld	#79	2025-06-22	2025-06-22
GAP	nymex	NormalWeekPhaseWithheld	#79	2025-06-29	2025-06-29
GAP	nymex	NormalWeekPhaseWithheld	#79	2025-07-06	2025-07-06
GAP	nymex	NormalWeekPhaseWithheld	#79	2025-07-13	2025-07-13
GAP	nymex	NormalWeekPhaseWithheld	#79	2025-07-20	2025-07-20
GAP	nymex	NormalWeekPhaseWithheld	#79	2025-07-27	2025-07-27
GAP	nymex	NormalWeekPhaseWithheld	#79	2025-08-03	2025-08-03
GAP	nymex	NormalWeekPhaseWithheld	#79	2025-08-10	2025-08-10
GAP	nymex	NormalWeekPhaseWithheld	#79	2025-08-17	2025-08-17
GAP	nymex	NormalWeekPhaseWithheld	#79	2025-08-24	2025-08-24
GAP	nymex	NormalWeekPhaseWithheld	#79	2025-08-31	2025-08-31
GAP	nymex	NormalWeekPhaseWithheld	#79	2025-09-07	2025-09-07
GAP	nymex	NormalWeekPhaseWithheld	#79	2025-09-14	2025-09-14
GAP	nymex	NormalWeekPhaseWithheld	#79	2025-09-21	2025-09-21
GAP	nymex	NormalWeekPhaseWithheld	#79	2025-09-28	2025-09-28
GAP	nymex	NormalWeekPhaseWithheld	#79	2025-10-05	2025-10-05
GAP	nymex	NormalWeekPhaseWithheld	#79	2025-10-12	2025-10-12
GAP	nymex	NormalWeekPhaseWithheld	#79	2025-10-19	2025-10-19
GAP	nymex	NormalWeekPhaseWithheld	#79	2025-10-26	2025-10-26
GAP	nymex	NormalWeekPhaseWithheld	#79	2025-11-02	2025-11-02
GAP	nymex	NormalWeekPhaseWithheld	#79	2025-11-09	2025-11-09
GAP	nymex	NormalWeekPhaseWithheld	#79	2025-11-16	2025-11-16
GAP	nymex	NormalWeekPhaseWithheld	#79	2025-11-23	2025-11-23
GAP	nymex	NormalWeekPhaseWithheld	#79	2025-11-30	2025-11-30
GAP	nymex	NormalWeekPhaseWithheld	#79	2025-12-07	2025-12-07
GAP	nymex	NormalWeekPhaseWithheld	#79	2025-12-14	2025-12-14
GAP	nymex	NormalWeekPhaseWithheld	#79	2025-12-21	2025-12-21
GAP	nymex	NormalWeekPhaseWithheld	#79	2025-12-28	2025-12-28
GAP	nymex	NormalWeekPhaseWithheld	#79	2026-01-04	2026-01-04
GAP	nymex	NormalWeekPhaseWithheld	#79	2026-01-11	2026-01-11
GAP	nymex	NormalWeekPhaseWithheld	#79	2026-01-18	2026-01-18
GAP	nymex	NormalWeekPhaseWithheld	#79	2026-01-25	2026-01-25
GAP	nymex	NormalWeekPhaseWithheld	#79	2026-02-01	2026-02-01
GAP	nymex	NormalWeekPhaseWithheld	#79	2026-02-08	2026-02-08
GAP	nymex	NormalWeekPhaseWithheld	#79	2026-02-15	2026-02-15
GAP	nymex	NormalWeekPhaseWithheld	#79	2026-02-22	2026-02-22
GAP	nymex	NormalWeekPhaseWithheld	#79	2026-03-01	2026-03-01
GAP	nymex	NormalWeekPhaseWithheld	#79	2026-03-08	2026-03-08
GAP	nymex	NormalWeekPhaseWithheld	#79	2026-03-15	2026-03-15
GAP	nymex	NormalWeekPhaseWithheld	#79	2026-03-22	2026-03-22
GAP	nymex	NormalWeekPhaseWithheld	#79	2026-03-29	2026-03-29
GAP	nymex	NormalWeekPhaseWithheld	#79	2026-04-05	2026-04-05
GAP	nymex	NormalWeekPhaseWithheld	#79	2026-04-12	2026-04-12
GAP	nymex	NormalWeekPhaseWithheld	#79	2026-04-19	2026-04-19
GAP	nymex	NormalWeekPhaseWithheld	#79	2026-04-26	2026-04-26
GAP	nymex	NormalWeekPhaseWithheld	#79	2026-05-03	2026-05-03
GAP	nymex	NormalWeekPhaseWithheld	#79	2026-05-10	2026-05-10
GAP	nymex	NormalWeekPhaseWithheld	#79	2026-05-17	2026-05-17
GAP	nymex	NormalWeekPhaseWithheld	#79	2026-05-24	2026-05-24
GAP	nymex	NormalWeekPhaseWithheld	#79	2026-05-31	2026-05-31
GAP	nymex	NormalWeekPhaseWithheld	#79	2026-06-07	2026-06-07
GAP	nymex	NormalWeekPhaseWithheld	#79	2026-06-14	2026-06-14
GAP	nymex	NormalWeekPhaseWithheld	#79	2026-06-28	2026-06-28
GAP	nymex	NormalWeekPhaseWithheld	#79	2026-07-12	2026-07-12
GAP	nymex	NormalWeekPhaseWithheld	#79	2026-07-19	2026-07-19
GAP	nymex	NormalWeekPhaseWithheld	#79	2026-07-26	2026-07-26
GAP	nymex	NormalWeekPhaseWithheld	#79	2026-08-02	2026-08-02
GAP	nymex	NormalWeekPhaseWithheld	#79	2026-08-09	2026-08-09
GAP	nymex	NormalWeekPhaseWithheld	#79	2026-08-16	2026-08-16
GAP	nymex	ResolutionEdge	-	2027-12-31	2027-12-31
GAP	nymex	NoHolidayCoverage	-	2028-01-01	open
GAP	cfe	NoHolidayCoverage	-	2010-01-01	2017-04-09
GAP	cfe	ResolutionEdge	-	2017-04-10	2017-04-10
GAP	cfe	ResolutionEdge	-	2017-07-01	2017-07-02
GAP	cfe	WithheldDate	-	2017-07-03	2017-07-03
GAP	cfe	ResolutionEdge	-	2017-07-04	2017-07-04
GAP	cfe	ResolutionEdge	-	2026-12-31	2026-12-31
GAP	cfe	NoHolidayCoverage	-	2027-01-01	open
GAP	coinbase_derivatives	NoHolidayCoverage	-	2010-01-01	2021-06-27
GAP	coinbase_derivatives	ResolutionEdge	-	2021-06-28	2021-06-28
GAP	coinbase_derivatives	ResolutionEdge	-	2022-11-23	2022-11-23
GAP	coinbase_derivatives	WithheldDate	-	2022-11-24	2022-11-24
GAP	coinbase_derivatives	WithheldDate	-	2022-11-25	2022-11-25
GAP	coinbase_derivatives	ResolutionEdge	-	2022-11-26	2022-11-26
GAP	coinbase_derivatives	ResolutionEdge	-	2026-09-07	2026-09-07
GAP	coinbase_derivatives	NoHolidayCoverage	-	2026-09-08	open
GAP	small_exchange	NoHolidayTable	-	2010-01-01	open
GAP	eurex	UnpublishedClosureDates	#157	2010-01-01	2010-01-03
GAP	eurex	UnpublishedClosureDates	#157	2010-01-04	2026-12-30
GAP	eurex	UnpublishedClosureDates	#157	2026-12-31	2026-12-31
GAP	eurex	NoHolidayCoverage	-	2027-01-01	open
GAP	eex	NoHolidayTable	-	2010-01-01	open
GAP	iceus	NoHolidayCoverage	-	2010-01-01	2024-12-31
GAP	iceus	ResolutionEdge	-	2025-01-01	2025-01-01
GAP	iceus	ResolutionEdge	-	2025-01-08	2025-01-08
GAP	iceus	WithheldDate	-	2025-01-09	2025-01-09
GAP	iceus	ResolutionEdge	-	2025-01-10	2025-01-11
GAP	iceus	ResolutionEdge	-	2025-01-17	2025-01-19
GAP	iceus	WithheldDate	-	2025-01-20	2025-01-20
GAP	iceus	ResolutionEdge	-	2025-01-21	2025-01-21
GAP	iceus	ResolutionEdge	-	2025-02-14	2025-02-16
GAP	iceus	WithheldDate	-	2025-02-17	2025-02-17
GAP	iceus	ResolutionEdge	-	2025-02-18	2025-02-18
GAP	iceus	ResolutionEdge	-	2025-04-18	2025-04-20
GAP	iceus	WithheldDate	-	2025-04-21	2025-04-21
GAP	iceus	ResolutionEdge	-	2025-04-22	2025-04-22
GAP	iceus	ResolutionEdge	-	2025-05-02	2025-05-04
GAP	iceus	WithheldDate	-	2025-05-05	2025-05-05
GAP	iceus	ResolutionEdge	-	2025-05-06	2025-05-06
GAP	iceus	ResolutionEdge	-	2025-05-23	2025-05-25
GAP	iceus	WithheldDate	-	2025-05-26	2025-05-26
GAP	iceus	ResolutionEdge	-	2025-05-27	2025-05-27
GAP	iceus	ResolutionEdge	-	2025-06-18	2025-06-18
GAP	iceus	WithheldDate	-	2025-06-19	2025-06-19
GAP	iceus	ResolutionEdge	-	2025-06-20	2025-06-21
GAP	iceus	ResolutionEdge	-	2025-07-02	2025-07-02
GAP	iceus	WithheldDate	-	2025-07-03	2025-07-03
GAP	iceus	WithheldDate	-	2025-07-04	2025-07-04
GAP	iceus	ResolutionEdge	-	2025-07-05	2025-07-05
GAP	iceus	ResolutionEdge	-	2025-08-22	2025-08-24
GAP	iceus	WithheldDate	-	2025-08-25	2025-08-25
GAP	iceus	ResolutionEdge	-	2025-08-26	2025-08-26
GAP	iceus	ResolutionEdge	-	2025-08-29	2025-08-31
GAP	iceus	WithheldDate	-	2025-09-01	2025-09-01
GAP	iceus	ResolutionEdge	-	2025-09-02	2025-09-02
GAP	iceus	ResolutionEdge	-	2025-11-26	2025-11-26
GAP	iceus	WithheldDate	-	2025-11-27	2025-11-27
GAP	iceus	WithheldDate	-	2025-11-28	2025-11-28
GAP	iceus	ResolutionEdge	-	2025-11-29	2025-11-29
GAP	iceus	ResolutionEdge	-	2025-12-23	2025-12-23
GAP	iceus	WithheldDate	-	2025-12-24	2025-12-24
GAP	iceus	ResolutionEdge	-	2025-12-25	2025-12-25
GAP	iceus	WithheldDate	-	2025-12-26	2025-12-26
GAP	iceus	ResolutionEdge	-	2025-12-27	2025-12-27
GAP	iceus	ResolutionEdge	-	2026-01-16	2026-01-18
GAP	iceus	WithheldDate	-	2026-01-19	2026-01-19
GAP	iceus	ResolutionEdge	-	2026-01-20	2026-01-20
GAP	iceus	ResolutionEdge	-	2026-02-13	2026-02-15
GAP	iceus	WithheldDate	-	2026-02-16	2026-02-16
GAP	iceus	ResolutionEdge	-	2026-02-17	2026-02-17
GAP	iceus	ResolutionEdge	-	2026-04-02	2026-04-02
GAP	iceus	WithheldDate	-	2026-04-03	2026-04-03
GAP	iceus	ResolutionEdge	-	2026-04-04	2026-04-04
GAP	iceus	ResolutionEdge	-	2026-04-05	2026-04-05
GAP	iceus	WithheldDate	-	2026-04-06	2026-04-06
GAP	iceus	ResolutionEdge	-	2026-04-07	2026-04-07
GAP	iceus	ResolutionEdge	-	2026-05-22	2026-05-24
GAP	iceus	WithheldDate	-	2026-05-25	2026-05-25
GAP	iceus	ResolutionEdge	-	2026-05-26	2026-05-26
GAP	iceus	ResolutionEdge	-	2026-06-18	2026-06-18
GAP	iceus	WithheldDate	-	2026-06-19	2026-06-19
GAP	iceus	ResolutionEdge	-	2026-06-20	2026-06-20
GAP	iceus	ResolutionEdge	-	2026-07-02	2026-07-02
GAP	iceus	WithheldDate	-	2026-07-03	2026-07-03
GAP	iceus	ResolutionEdge	-	2026-07-04	2026-07-04
GAP	iceus	ResolutionEdge	-	2026-07-05	2026-07-05
GAP	iceus	WithheldDate	-	2026-07-06	2026-07-06
GAP	iceus	ResolutionEdge	-	2026-07-07	2026-07-07
GAP	iceus	ResolutionEdge	-	2026-09-04	2026-09-06
GAP	iceus	WithheldDate	-	2026-09-07	2026-09-07
GAP	iceus	ResolutionEdge	-	2026-09-08	2026-09-08
GAP	iceus	ResolutionEdge	-	2026-10-23	2026-10-25
GAP	iceus	WithheldDate	-	2026-10-26	2026-10-26
GAP	iceus	WithheldDate	-	2026-10-27	2026-10-27
GAP	iceus	WithheldDate	-	2026-10-28	2026-10-28
GAP	iceus	WithheldDate	-	2026-10-29	2026-10-29
GAP	iceus	WithheldDate	-	2026-10-30	2026-10-30
GAP	iceus	ResolutionEdge	-	2026-10-31	2026-10-31
GAP	iceus	ResolutionEdge	-	2026-11-25	2026-11-25
GAP	iceus	WithheldDate	-	2026-11-26	2026-11-26
GAP	iceus	WithheldDate	-	2026-11-27	2026-11-27
GAP	iceus	ResolutionEdge	-	2026-11-28	2026-11-28
GAP	iceus	ResolutionEdge	-	2026-12-25	2026-12-27
GAP	iceus	WithheldDate	-	2026-12-28	2026-12-28
GAP	iceus	ResolutionEdge	-	2026-12-29	2026-12-29
GAP	iceus	ResolutionEdge	-	2027-01-15	2027-01-17
GAP	iceus	WithheldDate	-	2027-01-18	2027-01-18
GAP	iceus	ResolutionEdge	-	2027-01-19	2027-01-19
GAP	iceus	ResolutionEdge	-	2027-02-12	2027-02-14
GAP	iceus	WithheldDate	-	2027-02-15	2027-02-15
GAP	iceus	ResolutionEdge	-	2027-02-16	2027-02-16
GAP	iceus	ResolutionEdge	-	2027-03-25	2027-03-25
GAP	iceus	WithheldDate	-	2027-03-26	2027-03-26
GAP	iceus	ResolutionEdge	-	2027-03-27	2027-03-27
GAP	iceus	ResolutionEdge	-	2027-05-28	2027-05-30
GAP	iceus	WithheldDate	-	2027-05-31	2027-05-31
GAP	iceus	ResolutionEdge	-	2027-06-01	2027-06-01
GAP	iceus	ResolutionEdge	-	2027-06-17	2027-06-17
GAP	iceus	WithheldDate	-	2027-06-18	2027-06-18
GAP	iceus	ResolutionEdge	-	2027-06-19	2027-06-19
GAP	iceus	ResolutionEdge	-	2027-07-02	2027-07-04
GAP	iceus	WithheldDate	-	2027-07-05	2027-07-05
GAP	iceus	ResolutionEdge	-	2027-07-06	2027-07-06
GAP	iceus	ResolutionEdge	-	2027-09-03	2027-09-05
GAP	iceus	WithheldDate	-	2027-09-06	2027-09-06
GAP	iceus	ResolutionEdge	-	2027-09-07	2027-09-07
GAP	iceus	ResolutionEdge	-	2027-11-24	2027-11-24
GAP	iceus	WithheldDate	-	2027-11-25	2027-11-25
GAP	iceus	ResolutionEdge	-	2027-11-26	2027-11-27
GAP	iceus	ResolutionEdge	-	2027-12-24	2027-12-26
GAP	iceus	WithheldDate	-	2027-12-27	2027-12-27
GAP	iceus	ResolutionEdge	-	2027-12-28	2027-12-28
GAP	iceus	ResolutionEdge	-	2028-01-03	2028-01-03
GAP	iceus	NoHolidayCoverage	-	2028-01-04	open
GAP	iceeu	NoHolidayTable	-	2010-01-01	open
GAP	ice_europe_commodities	NoHolidayTable	-	2010-01-01	open
GAP	ice_europe_financials	NoHolidayTable	-	2010-01-01	open
GAP	ice_endex	NoHolidayTable	-	2010-01-01	open
GAP	ice_abu_dhabi	NoHolidayTable	-	2010-01-01	open
GAP	ice_canada	NoHolidayTable	-	2010-01-01	open
GAP	sgx	NoHolidayTable	-	2010-01-01	open
GAP	asx	NormalWeekCarried	-	2010-01-01	2013-09-15
GAP	asx	ResolutionEdge	-	2013-09-16	2013-09-16
GAP	asx	ResolutionEdge	-	2027-12-31	2027-12-31
GAP	asx	NoHolidayCoverage	-	2028-01-01	open
GAP	tmx_australia	NoHolidayTable	-	2010-01-01	open
GAP	nzx	NormalWeekCarried	-	2010-01-01	2010-01-04
GAP	nzx	ResolutionEdge	-	2010-01-05	2010-01-05
GAP	nzx	ResolutionEdge	-	2026-12-31	2027-01-04
GAP	nzx	NoHolidayCoverage	-	2027-01-05	open
GAP	tse	ResolutionEdge	-	2027-12-31	2027-12-31
GAP	tse	NoHolidayCoverage	-	2028-01-01	open
GAP	nse_india	ResolutionEdge	-	2010-11-04	2010-11-04
GAP	nse_india	WithheldDate	-	2010-11-05	2010-11-05
GAP	nse_india	ResolutionEdge	-	2010-11-06	2010-11-07
GAP	nse_india	ResolutionEdge	-	2011-10-25	2011-10-25
GAP	nse_india	WithheldDate	-	2011-10-26	2011-10-26
GAP	nse_india	ResolutionEdge	-	2011-10-27	2011-10-27
GAP	nse_india	ResolutionEdge	-	2011-12-31	2011-12-31
GAP	nse_india	NoHolidayCoverage	-	2012-01-01	2012-12-31
GAP	nse_india	ResolutionEdge	-	2013-01-01	2013-01-01
GAP	nse_india	ResolutionEdge	-	2013-11-02	2013-11-02
GAP	nse_india	WithheldDate	-	2013-11-03	2013-11-03
GAP	nse_india	ResolutionEdge	-	2013-11-04	2013-11-04
GAP	nse_india	ResolutionEdge	-	2014-10-22	2014-10-22
GAP	nse_india	WithheldDate	-	2014-10-23	2014-10-23
GAP	nse_india	ResolutionEdge	-	2014-10-24	2014-10-26
GAP	nse_india	ResolutionEdge	-	2015-11-10	2015-11-10
GAP	nse_india	WithheldDate	-	2015-11-11	2015-11-11
GAP	nse_india	ResolutionEdge	-	2015-11-12	2015-11-12
GAP	nse_india	ResolutionEdge	-	2016-10-29	2016-10-29
GAP	nse_india	WithheldDate	-	2016-10-30	2016-10-30
GAP	nse_india	ResolutionEdge	-	2016-10-31	2016-10-31
GAP	nse_india	ResolutionEdge	-	2017-10-18	2017-10-18
GAP	nse_india	WithheldDate	-	2017-10-19	2017-10-19
GAP	nse_india	ResolutionEdge	-	2017-10-20	2017-10-22
GAP	nse_india	ResolutionEdge	-	2017-12-30	2017-12-31
GAP	nse_india	NoHolidayCoverage	-	2018-01-01	2018-12-31
GAP	nse_india	ResolutionEdge	-	2019-01-01	2019-01-01
GAP	nse_india	ResolutionEdge	-	2019-10-26	2019-10-26
GAP	nse_india	WithheldDate	-	2019-10-27	2019-10-27
GAP	nse_india	ResolutionEdge	-	2019-10-28	2019-10-28
GAP	nse_india	ResolutionEdge	-	2020-11-13	2020-11-13
GAP	nse_india	WithheldDate	-	2020-11-14	2020-11-14
GAP	nse_india	ResolutionEdge	-	2020-11-15	2020-11-16
GAP	nse_india	ResolutionEdge	-	2022-10-22	2022-10-23
GAP	nse_india	WithheldDate	-	2022-10-24	2022-10-24
GAP	nse_india	ResolutionEdge	-	2022-10-25	2022-10-26
GAP	nse_india	ResolutionEdge	-	2023-11-11	2023-11-11
GAP	nse_india	WithheldDate	-	2023-11-12	2023-11-12
GAP	nse_india	ResolutionEdge	-	2023-11-13	2023-11-14
GAP	nse_india	ResolutionEdge	-	2024-10-31	2024-10-31
GAP	nse_india	WithheldDate	-	2024-11-01	2024-11-01
GAP	nse_india	ResolutionEdge	-	2024-11-02	2024-11-03
GAP	nse_india	ResolutionEdge	-	2025-10-18	2025-10-20
GAP	nse_india	WithheldDate	-	2025-10-21	2025-10-21
GAP	nse_india	ResolutionEdge	-	2025-10-22	2025-10-22
GAP	nse_india	ResolutionEdge	-	2026-11-07	2026-11-07
GAP	nse_india	WithheldDate	-	2026-11-08	2026-11-08
GAP	nse_india	ResolutionEdge	-	2026-11-09	2026-11-10
GAP	nse_india	ResolutionEdge	-	2026-12-31	2026-12-31
GAP	nse_india	NoHolidayCoverage	-	2027-01-01	open
GAP	bse_india	NoHolidayTable	-	2010-01-01	open
GAP	hkex	ResolutionEdge	-	2027-12-31	2027-12-31
GAP	hkex	NoHolidayCoverage	-	2028-01-01	open
GAP	sgx_securities	NormalWeekCarried	-	2010-01-01	2011-07-31
GAP	sgx_securities	NoHolidayCoverage	-	2011-08-01	2013-12-31
GAP	sgx_securities	ResolutionEdge	-	2014-01-01	2014-01-01
GAP	sgx_securities	ResolutionEdge	-	2019-12-31	2019-12-31
GAP	sgx_securities	ResolutionEdge	-	2020-01-01	2020-01-01
GAP	sgx_securities	NoHolidayCoverage	-	2020-01-02	2024-12-31
GAP	sgx_securities	ResolutionEdge	-	2025-01-01	2025-01-01
GAP	sgx_securities	ResolutionEdge	-	2026-12-31	2026-12-31
GAP	sgx_securities	NoHolidayCoverage	-	2027-01-01	open
GAP	bursa_malaysia	NoHolidayTable	-	2010-01-01	open
GAP	set_thailand	NormalWeekCarried	-	2010-01-01	2024-03-24
GAP	set_thailand	NoHolidayTable	-	2024-03-25	open
GAP	idx	NormalWeekCarried	-	2010-01-01	2010-08-30
GAP	idx	NoHolidayTable	-	2010-08-31	open
GAP	pse	NormalWeekCarried	-	2010-01-01	2011-09-30
GAP	pse	NoHolidayTable	-	2011-10-01	open
GAP	hose	NoHolidayTable	-	2010-01-01	open
GAP	sse	NoHolidayCoverage	-	2010-01-01	2010-12-31
GAP	sse	ResolutionEdge	-	2011-01-01	2011-01-03
GAP	sse	ResolutionEdge	-	2026-12-31	2026-12-31
GAP	sse	NoHolidayCoverage	-	2027-01-01	open
GAP	szse	NormalWeekCarried	-	2010-01-01	2016-05-08
GAP	szse	NoHolidayTable	-	2016-05-09	open
GAP	krx	NormalWeekCarried	-	2010-01-01	2016-07-31
GAP	krx	NoHolidayTable	-	2016-08-01	open
GAP	twse	NoHolidayTable	-	2010-01-01	open
GAP	lse	ResolutionEdge	-	2025-04-17	2025-04-17
GAP	lse	WithheldDate	-	2025-04-18	2025-04-18
GAP	lse	ResolutionEdge	-	2025-04-19	2025-04-20
GAP	lse	WithheldDate	-	2025-04-21	2025-04-21
GAP	lse	ResolutionEdge	-	2025-04-22	2025-04-22
GAP	lse	ResolutionEdge	-	2025-05-03	2025-05-04
GAP	lse	WithheldDate	-	2025-05-05	2025-05-05
GAP	lse	ResolutionEdge	-	2025-05-06	2025-05-06
GAP	lse	ResolutionEdge	-	2025-05-24	2025-05-25
GAP	lse	WithheldDate	-	2025-05-26	2025-05-26
GAP	lse	ResolutionEdge	-	2025-05-27	2025-05-27
GAP	lse	ResolutionEdge	-	2025-08-23	2025-08-24
GAP	lse	WithheldDate	-	2025-08-25	2025-08-25
GAP	lse	ResolutionEdge	-	2025-08-26	2025-08-26
GAP	lse	ResolutionEdge	-	2027-12-31	2027-12-31
GAP	lse	NoHolidayCoverage	-	2028-01-01	open
GAP	xetra	ResolutionEdge	-	2027-12-31	2027-12-31
GAP	xetra	NoHolidayCoverage	-	2028-01-01	open
GAP	six	NoHolidayCoverage	-	2010-01-01	2011-12-31
GAP	six	ResolutionEdge	-	2012-01-01	2012-01-02
GAP	six	ResolutionEdge	-	2017-12-30	2017-12-31
GAP	six	NoHolidayCoverage	-	2018-01-01	2019-12-31
GAP	six	ResolutionEdge	-	2020-01-01	2020-01-02
GAP	six	ResolutionEdge	-	2027-12-31	2027-12-31
GAP	six	NoHolidayCoverage	-	2028-01-01	open
GAP	euronext_paris	NormalWeekCarried	-	2010-01-01	2010-12-23
GAP	euronext_paris	ResolutionEdge	-	2010-12-24	2010-12-26
GAP	euronext_paris	ResolutionEdge	-	2026-12-23	2026-12-23
GAP	euronext_paris	WithheldDate	-	2026-12-24	2026-12-24
GAP	euronext_paris	ResolutionEdge	-	2026-12-25	2026-12-27
GAP	euronext_paris	ResolutionEdge	-	2026-12-30	2026-12-30
GAP	euronext_paris	WithheldDate	-	2026-12-31	2026-12-31
GAP	euronext_paris	NoHolidayCoverage	-	2027-01-01	open
GAP	euronext_amsterdam	NormalWeekCarried	-	2010-01-01	2010-12-23
GAP	euronext_amsterdam	NoHolidayTable	-	2010-12-24	open
GAP	euronext_brussels	NormalWeekCarried	-	2010-01-01	2010-12-23
GAP	euronext_brussels	NoHolidayTable	-	2010-12-24	open
GAP	euronext_lisbon	NormalWeekCarried	-	2010-01-01	2010-12-23
GAP	euronext_lisbon	NoHolidayTable	-	2010-12-24	open
GAP	euronext_dublin	NoHolidayTable	-	2010-01-01	open
GAP	euronext_milan	NoHolidayTable	-	2010-01-01	open
GAP	bme	NoHolidayTable	-	2010-01-01	open
GAP	nasdaq_stockholm	NoHolidayTable	-	2010-01-01	open
GAP	nasdaq_helsinki	NoHolidayTable	-	2010-01-01	open
GAP	nasdaq_copenhagen	NoHolidayTable	-	2010-01-01	open
GAP	vienna	NoHolidayTable	-	2010-01-01	open
GAP	borsa_istanbul	NormalWeekCarried	-	2010-01-01	2010-03-24
GAP	borsa_istanbul	NoHolidayCoverage	-	2010-03-25	2012-03-01
GAP	borsa_istanbul	ResolutionEdge	-	2012-03-02	2012-03-04
GAP	borsa_istanbul	ResolutionEdge	-	2026-12-31	2026-12-31
GAP	borsa_istanbul	NoHolidayCoverage	-	2027-01-01	open
GAP	tsx	ResolutionEdge	-	2026-12-31	2026-12-31
GAP	tsx	NoHolidayCoverage	-	2027-01-01	open
GAP	jse	NormalWeekCarried	-	2010-01-01	2012-05-24
GAP	jse	NoHolidayTable	-	2012-05-25	open
GAP	tadawul	NormalWeekCarried	-	2010-01-01	2010-01-11
GAP	tadawul	NoHolidayCoverage	-	2010-01-12	2020-12-31
GAP	tadawul	ResolutionEdge	-	2021-01-01	2021-01-02
GAP	tadawul	ResolutionEdge	-	2027-12-31	2027-12-31
GAP	tadawul	NoHolidayCoverage	-	2028-01-01	open
GAP	b3	NoHolidayCoverage	-	2010-01-01	2010-12-31
GAP	b3	ResolutionEdge	-	2011-01-01	2011-01-02
GAP	b3	ResolutionEdge	-	2026-12-31	2026-12-31
GAP	b3	NoHolidayCoverage	-	2027-01-01	open
GAP	bmv	NormalWeekCarried	-	2010-01-01	2010-02-17
GAP	bmv	NoHolidayTable	-	2010-02-18	open
GAP	globex_equity_index	NormalWeekPhaseWithheld	#79	2012-06-03	2012-06-03
GAP	globex_equity_index	NormalWeekPhaseWithheld	#79	2012-06-10	2012-06-10
GAP	globex_equity_index	NormalWeekPhaseWithheld	#79	2012-06-17	2012-06-17
GAP	globex_equity_index	NormalWeekPhaseWithheld	#79	2012-06-24	2012-06-24
GAP	globex_equity_index	NormalWeekPhaseWithheld	#79	2012-07-01	2012-07-01
GAP	globex_equity_index	NormalWeekPhaseWithheld	#79	2012-07-08	2012-07-08
GAP	globex_equity_index	NormalWeekPhaseWithheld	#79	2012-07-15	2012-07-15
GAP	globex_equity_index	NormalWeekPhaseWithheld	#79	2012-07-22	2012-07-22
GAP	globex_equity_index	NormalWeekPhaseWithheld	#79	2012-07-29	2012-07-29
GAP	globex_equity_index	NormalWeekPhaseWithheld	#79	2012-08-05	2012-08-05
GAP	globex_equity_index	NormalWeekPhaseWithheld	#79	2012-08-12	2012-08-12
GAP	globex_equity_index	NormalWeekPhaseWithheld	#79	2012-08-19	2012-08-19
GAP	globex_equity_index	NormalWeekPhaseWithheld	#79	2012-08-26	2012-08-26
GAP	globex_equity_index	NormalWeekPhaseWithheld	#79	2012-09-02	2012-09-02
GAP	globex_equity_index	NormalWeekPhaseWithheld	#79	2012-09-09	2012-09-09
GAP	globex_equity_index	NormalWeekPhaseWithheld	#79	2012-09-16	2012-09-16
GAP	globex_equity_index	NormalWeekPhaseWithheld	#79	2012-09-23	2012-09-23
GAP	globex_equity_index	NormalWeekPhaseWithheld	#79	2012-09-30	2012-09-30
GAP	globex_equity_index	NormalWeekPhaseWithheld	#79	2012-10-07	2012-10-07
GAP	globex_equity_index	NormalWeekPhaseWithheld	#79	2012-10-14	2012-10-14
GAP	globex_equity_index	NormalWeekPhaseWithheld	#79	2012-10-21	2012-10-21
GAP	globex_equity_index	NormalWeekPhaseWithheld	#79	2012-10-28	2012-10-28
GAP	globex_equity_index	NormalWeekPhaseWithheld	#79	2012-11-04	2012-11-04
GAP	globex_equity_index	NormalWeekPhaseWithheld	#79	2012-11-11	2012-11-11
GAP	globex_equity_index	NormalWeekPhaseWithheld	#79	2012-11-18	2012-11-18
GAP	globex_equity_index	NormalWeekPhaseWithheld	#79	2012-11-25	2012-11-25
GAP	globex_equity_index	NormalWeekPhaseWithheld	#79	2012-12-02	2012-12-02
GAP	globex_equity_index	NormalWeekPhaseWithheld	#79	2012-12-09	2012-12-09
GAP	globex_equity_index	NormalWeekPhaseWithheld	#79	2012-12-16	2012-12-16
GAP	globex_equity_index	NormalWeekPhaseWithheld	#79	2012-12-23	2012-12-23
GAP	globex_equity_index	NormalWeekPhaseWithheld	#79	2012-12-30	2012-12-30
GAP	globex_equity_index	NormalWeekPhaseWithheld	#79	2013-01-06	2013-01-06
GAP	globex_equity_index	NormalWeekPhaseWithheld	#79	2013-01-13	2013-01-13
GAP	globex_equity_index	NormalWeekPhaseWithheld	#79	2013-01-20	2013-01-20
GAP	globex_equity_index	NormalWeekPhaseWithheld	#79	2013-01-27	2013-01-27
GAP	globex_equity_index	NormalWeekPhaseWithheld	#79	2013-02-03	2013-02-03
GAP	globex_equity_index	NormalWeekPhaseWithheld	#79	2013-02-10	2013-02-10
GAP	globex_equity_index	NormalWeekPhaseWithheld	#79	2013-02-17	2013-02-17
GAP	globex_equity_index	NormalWeekPhaseWithheld	#79	2013-02-24	2013-02-24
GAP	globex_equity_index	NormalWeekPhaseWithheld	#79	2013-03-03	2013-03-03
GAP	globex_equity_index	NormalWeekPhaseWithheld	#79	2013-03-10	2013-03-10
GAP	globex_equity_index	NormalWeekPhaseWithheld	#79	2013-03-17	2013-03-17
GAP	globex_equity_index	NormalWeekPhaseWithheld	#79	2013-03-24	2013-03-24
GAP	globex_equity_index	NormalWeekPhaseWithheld	#79	2013-03-31	2013-03-31
GAP	globex_equity_index	NormalWeekPhaseWithheld	#79	2013-04-07	2013-04-07
GAP	globex_equity_index	NormalWeekPhaseWithheld	#79	2013-04-14	2013-04-14
GAP	globex_equity_index	NormalWeekPhaseWithheld	#79	2013-04-21	2013-04-21
GAP	globex_equity_index	NormalWeekPhaseWithheld	#79	2013-04-28	2013-04-28
GAP	globex_equity_index	NormalWeekPhaseWithheld	#79	2013-05-05	2013-05-05
GAP	globex_equity_index	NormalWeekPhaseWithheld	#79	2013-05-12	2013-05-12
GAP	globex_equity_index	NormalWeekPhaseWithheld	#79	2013-05-19	2013-05-19
GAP	globex_equity_index	NormalWeekPhaseWithheld	#79	2013-05-26	2013-05-26
GAP	globex_equity_index	NormalWeekPhaseWithheld	#79	2013-06-02	2013-06-02
GAP	globex_equity_index	NormalWeekPhaseWithheld	#79	2013-06-09	2013-06-09
GAP	globex_equity_index	NormalWeekPhaseWithheld	#79	2013-06-16	2013-06-16
GAP	globex_equity_index	NormalWeekPhaseWithheld	#79	2013-06-23	2013-06-23
GAP	globex_equity_index	NormalWeekPhaseWithheld	#79	2013-06-30	2013-06-30
GAP	globex_equity_index	NormalWeekPhaseWithheld	#79	2013-07-07	2013-07-07
GAP	globex_equity_index	NormalWeekPhaseWithheld	#79	2013-07-14	2013-07-14
GAP	globex_equity_index	NormalWeekPhaseWithheld	#79	2013-07-21	2013-07-21
GAP	globex_equity_index	NormalWeekPhaseWithheld	#79	2013-07-28	2013-07-28
GAP	globex_equity_index	NormalWeekPhaseWithheld	#79	2013-08-04	2013-08-04
GAP	globex_equity_index	NormalWeekPhaseWithheld	#79	2013-08-11	2013-08-11
GAP	globex_equity_index	NormalWeekPhaseWithheld	#79	2013-08-18	2013-08-18
GAP	globex_equity_index	NormalWeekPhaseWithheld	#79	2013-08-25	2013-08-25
GAP	globex_equity_index	NormalWeekPhaseWithheld	#79	2013-09-01	2013-09-01
GAP	globex_equity_index	NormalWeekPhaseWithheld	#79	2013-09-08	2013-09-08
GAP	globex_equity_index	NormalWeekPhaseWithheld	#79	2013-09-15	2013-09-15
GAP	globex_equity_index	NormalWeekPhaseWithheld	#79	2013-09-22	2013-09-22
GAP	globex_equity_index	NormalWeekPhaseWithheld	#79	2013-09-29	2013-09-29
GAP	globex_equity_index	NormalWeekPhaseWithheld	#79	2013-10-06	2013-10-06
GAP	globex_equity_index	NormalWeekPhaseWithheld	#79	2013-10-13	2013-10-13
GAP	globex_equity_index	NormalWeekPhaseWithheld	#79	2013-10-20	2013-10-20
GAP	globex_equity_index	NormalWeekPhaseWithheld	#79	2013-10-27	2013-10-27
GAP	globex_equity_index	NormalWeekPhaseWithheld	#79	2013-11-03	2013-11-03
GAP	globex_equity_index	NormalWeekPhaseWithheld	#79	2013-11-10	2013-11-10
GAP	globex_equity_index	NormalWeekPhaseWithheld	#79	2013-11-17	2013-11-17
GAP	globex_equity_index	NormalWeekPhaseWithheld	#79	2013-11-24	2013-11-24
GAP	globex_equity_index	NormalWeekPhaseWithheld	#79	2013-12-01	2013-12-01
GAP	globex_equity_index	NormalWeekPhaseWithheld	#79	2013-12-08	2013-12-08
GAP	globex_equity_index	NormalWeekPhaseWithheld	#79	2013-12-15	2013-12-15
GAP	globex_equity_index	NormalWeekPhaseWithheld	#79	2013-12-22	2013-12-22
GAP	globex_equity_index	NormalWeekPhaseWithheld	#79	2013-12-29	2013-12-29
GAP	globex_equity_index	NormalWeekPhaseWithheld	#79	2014-01-05	2014-01-05
GAP	globex_equity_index	NormalWeekPhaseWithheld	#79	2014-01-12	2014-01-12
GAP	globex_equity_index	NormalWeekPhaseWithheld	#79	2014-01-19	2014-01-19
GAP	globex_equity_index	NormalWeekPhaseWithheld	#79	2014-01-26	2014-01-26
GAP	globex_equity_index	NormalWeekPhaseWithheld	#79	2014-02-02	2014-02-02
GAP	globex_equity_index	NormalWeekPhaseWithheld	#79	2014-02-09	2014-02-09
GAP	globex_equity_index	NormalWeekPhaseWithheld	#79	2014-02-16	2014-02-16
GAP	globex_equity_index	NormalWeekPhaseWithheld	#79	2014-02-23	2014-02-23
GAP	globex_equity_index	NormalWeekPhaseWithheld	#79	2014-03-02	2014-03-02
GAP	globex_equity_index	NormalWeekPhaseWithheld	#79	2014-03-09	2014-03-09
GAP	globex_equity_index	NormalWeekPhaseWithheld	#79	2014-03-16	2014-03-16
GAP	globex_equity_index	NormalWeekPhaseWithheld	#79	2014-03-23	2014-03-23
GAP	globex_equity_index	NormalWeekPhaseWithheld	#79	2014-03-30	2014-03-30
GAP	globex_equity_index	NormalWeekPhaseWithheld	#79	2014-04-06	2014-04-06
GAP	globex_equity_index	NormalWeekPhaseWithheld	#79	2014-04-13	2014-04-13
GAP	globex_equity_index	NormalWeekPhaseWithheld	#79	2014-04-20	2014-04-20
GAP	globex_equity_index	NormalWeekPhaseWithheld	#79	2014-04-27	2014-04-27
GAP	globex_equity_index	NormalWeekPhaseWithheld	#79	2014-05-04	2014-05-04
GAP	globex_equity_index	NormalWeekPhaseWithheld	#79	2014-05-11	2014-05-11
GAP	globex_equity_index	NormalWeekPhaseWithheld	#79	2014-05-18	2014-05-18
GAP	globex_equity_index	NormalWeekPhaseWithheld	#79	2014-05-25	2014-05-25
GAP	globex_equity_index	NormalWeekPhaseWithheld	#79	2014-06-01	2014-06-01
GAP	globex_equity_index	NormalWeekPhaseWithheld	#79	2014-06-08	2014-06-08
GAP	globex_equity_index	NormalWeekPhaseWithheld	#79	2014-06-15	2014-06-15
GAP	globex_equity_index	NormalWeekPhaseWithheld	#79	2014-06-22	2014-06-22
GAP	globex_equity_index	NormalWeekPhaseWithheld	#79	2014-06-29	2014-06-29
GAP	globex_equity_index	NormalWeekPhaseWithheld	#79	2014-07-06	2014-07-06
GAP	globex_equity_index	NormalWeekPhaseWithheld	#79	2014-07-13	2014-07-13
GAP	globex_equity_index	NormalWeekPhaseWithheld	#79	2014-07-20	2014-07-20
GAP	globex_equity_index	NormalWeekPhaseWithheld	#79	2014-07-27	2014-07-27
GAP	globex_equity_index	NormalWeekPhaseWithheld	#79	2014-08-03	2014-08-03
GAP	globex_equity_index	NormalWeekPhaseWithheld	#79	2014-08-10	2014-08-10
GAP	globex_equity_index	NormalWeekPhaseWithheld	#79	2014-08-17	2014-08-17
GAP	globex_equity_index	NormalWeekPhaseWithheld	#79	2014-08-24	2014-08-24
GAP	globex_equity_index	NormalWeekPhaseWithheld	#79	2014-08-31	2014-08-31
GAP	globex_equity_index	NormalWeekPhaseWithheld	#79	2014-09-07	2014-09-07
GAP	globex_equity_index	NormalWeekPhaseWithheld	#79	2014-09-14	2014-09-14
GAP	globex_equity_index	NormalWeekPhaseWithheld	#79	2014-09-21	2014-09-21
GAP	globex_equity_index	NormalWeekPhaseWithheld	#79	2014-09-28	2014-09-28
GAP	globex_equity_index	NormalWeekPhaseWithheld	#79	2014-10-05	2014-10-05
GAP	globex_equity_index	NormalWeekPhaseWithheld	#79	2014-10-12	2014-10-12
GAP	globex_equity_index	NormalWeekPhaseWithheld	#79	2014-10-19	2014-10-19
GAP	globex_equity_index	NormalWeekPhaseWithheld	#79	2014-10-26	2014-10-26
GAP	globex_equity_index	NormalWeekPhaseWithheld	#79	2014-11-02	2014-11-02
GAP	globex_equity_index	NormalWeekPhaseWithheld	#79	2014-11-09	2014-11-09
GAP	globex_equity_index	NormalWeekPhaseWithheld	#79	2014-11-16	2014-11-16
GAP	globex_equity_index	NormalWeekPhaseWithheld	#79	2014-11-23	2014-11-23
GAP	globex_equity_index	NormalWeekPhaseWithheld	#79	2014-11-30	2014-11-30
GAP	globex_equity_index	NormalWeekPhaseWithheld	#79	2014-12-07	2014-12-07
GAP	globex_equity_index	NormalWeekPhaseWithheld	#79	2014-12-14	2014-12-14
GAP	globex_equity_index	NormalWeekPhaseWithheld	#79	2014-12-21	2014-12-21
GAP	globex_equity_index	NormalWeekPhaseWithheld	#79	2014-12-28	2014-12-28
GAP	globex_equity_index	NormalWeekPhaseWithheld	#79	2015-01-04	2015-01-04
GAP	globex_equity_index	NormalWeekPhaseWithheld	#79	2015-01-11	2015-01-11
GAP	globex_equity_index	NormalWeekPhaseWithheld	#79	2015-01-18	2015-01-18
GAP	globex_equity_index	NormalWeekPhaseWithheld	#79	2015-01-25	2015-01-25
GAP	globex_equity_index	NormalWeekPhaseWithheld	#79	2015-02-01	2015-02-01
GAP	globex_equity_index	NormalWeekPhaseWithheld	#79	2015-02-08	2015-02-08
GAP	globex_equity_index	NormalWeekPhaseWithheld	#79	2015-02-15	2015-02-15
GAP	globex_equity_index	NormalWeekPhaseWithheld	#79	2015-02-22	2015-02-22
GAP	globex_equity_index	NormalWeekPhaseWithheld	#79	2015-03-01	2015-03-01
GAP	globex_equity_index	NormalWeekPhaseWithheld	#79	2015-03-08	2015-03-08
GAP	globex_equity_index	NormalWeekPhaseWithheld	#79	2015-03-15	2015-03-15
GAP	globex_equity_index	NormalWeekPhaseWithheld	#79	2015-03-22	2015-03-22
GAP	globex_equity_index	NormalWeekPhaseWithheld	#79	2015-03-29	2015-03-29
GAP	globex_equity_index	NormalWeekPhaseWithheld	#79	2015-04-05	2015-04-05
GAP	globex_equity_index	NormalWeekPhaseWithheld	#79	2015-04-12	2015-04-12
GAP	globex_equity_index	NormalWeekPhaseWithheld	#79	2015-04-19	2015-04-19
GAP	globex_equity_index	NormalWeekPhaseWithheld	#79	2015-04-26	2015-04-26
GAP	globex_equity_index	NormalWeekPhaseWithheld	#79	2015-05-03	2015-05-03
GAP	globex_equity_index	NormalWeekPhaseWithheld	#79	2015-05-10	2015-05-10
GAP	globex_equity_index	NormalWeekPhaseWithheld	#79	2015-05-17	2015-05-17
GAP	globex_equity_index	NormalWeekPhaseWithheld	#79	2015-05-24	2015-05-24
GAP	globex_equity_index	NormalWeekPhaseWithheld	#79	2015-05-31	2015-05-31
GAP	globex_equity_index	NormalWeekPhaseWithheld	#79	2015-06-07	2015-06-07
GAP	globex_equity_index	NormalWeekPhaseWithheld	#79	2015-06-14	2015-06-14
GAP	globex_equity_index	NormalWeekPhaseWithheld	#79	2015-06-21	2015-06-21
GAP	globex_equity_index	NormalWeekPhaseWithheld	#79	2015-06-28	2015-06-28
GAP	globex_equity_index	NormalWeekPhaseWithheld	#79	2015-07-05	2015-07-05
GAP	globex_equity_index	NormalWeekPhaseWithheld	#79	2015-07-12	2015-07-12
GAP	globex_equity_index	NormalWeekPhaseWithheld	#79	2015-07-19	2015-07-19
GAP	globex_equity_index	NormalWeekPhaseWithheld	#79	2015-07-26	2015-07-26
GAP	globex_equity_index	NormalWeekPhaseWithheld	#79	2015-08-02	2015-08-02
GAP	globex_equity_index	NormalWeekPhaseWithheld	#79	2015-08-09	2015-08-09
GAP	globex_equity_index	NormalWeekPhaseWithheld	#79	2015-08-16	2015-08-16
GAP	globex_equity_index	NormalWeekPhaseWithheld	#79	2015-08-23	2015-08-23
GAP	globex_equity_index	NormalWeekPhaseWithheld	#79	2015-08-30	2015-08-30
GAP	globex_equity_index	NormalWeekPhaseWithheld	#79	2015-09-06	2015-09-06
GAP	globex_equity_index	NormalWeekPhaseWithheld	#79	2015-09-13	2015-09-13
GAP	globex_equity_index	NormalWeekPhaseWithheld	#79	2015-09-20	2015-09-20
GAP	globex_equity_index	NormalWeekPhaseWithheld	#79	2015-09-27	2015-09-27
GAP	globex_equity_index	NormalWeekPhaseWithheld	#79	2015-10-04	2015-10-04
GAP	globex_equity_index	NormalWeekPhaseWithheld	#79	2015-10-11	2015-10-11
GAP	globex_equity_index	NormalWeekPhaseWithheld	#79	2015-10-18	2015-10-18
GAP	globex_equity_index	NormalWeekPhaseWithheld	#79	2015-10-25	2015-10-25
GAP	globex_equity_index	NormalWeekPhaseWithheld	#79	2015-11-01	2015-11-01
GAP	globex_equity_index	NormalWeekPhaseWithheld	#79	2015-11-08	2015-11-08
GAP	globex_equity_index	NormalWeekPhaseWithheld	#79	2015-11-15	2015-11-15
GAP	globex_equity_index	NormalWeekPhaseWithheld	#79	2015-11-22	2015-11-22
GAP	globex_equity_index	NormalWeekPhaseWithheld	#79	2015-11-29	2015-11-29
GAP	globex_equity_index	NormalWeekPhaseWithheld	#79	2015-12-06	2015-12-06
GAP	globex_equity_index	NormalWeekPhaseWithheld	#79	2015-12-13	2015-12-13
GAP	globex_equity_index	NormalWeekPhaseWithheld	#79	2015-12-20	2015-12-20
GAP	globex_equity_index	NormalWeekPhaseWithheld	#79	2015-12-27	2015-12-27
GAP	globex_equity_index	NormalWeekPhaseWithheld	#79	2016-01-03	2016-01-03
GAP	globex_equity_index	NormalWeekPhaseWithheld	#79	2016-01-10	2016-01-10
GAP	globex_equity_index	NormalWeekPhaseWithheld	#79	2016-01-17	2016-01-17
GAP	globex_equity_index	NormalWeekPhaseWithheld	#79	2016-01-24	2016-01-24
GAP	globex_equity_index	NormalWeekPhaseWithheld	#79	2016-01-31	2016-01-31
GAP	globex_equity_index	NormalWeekPhaseWithheld	#79	2016-02-07	2016-02-07
GAP	globex_equity_index	NormalWeekPhaseWithheld	#79	2016-02-14	2016-02-14
GAP	globex_equity_index	NormalWeekPhaseWithheld	#79	2016-02-21	2016-02-21
GAP	globex_equity_index	NormalWeekPhaseWithheld	#79	2016-02-28	2016-02-28
GAP	globex_equity_index	NormalWeekPhaseWithheld	#79	2016-03-06	2016-03-06
GAP	globex_equity_index	NormalWeekPhaseWithheld	#79	2016-03-13	2016-03-13
GAP	globex_equity_index	NormalWeekPhaseWithheld	#79	2016-03-20	2016-03-20
GAP	globex_equity_index	NormalWeekPhaseWithheld	#79	2016-03-27	2016-03-27
GAP	globex_equity_index	NormalWeekPhaseWithheld	#79	2016-04-03	2016-04-03
GAP	globex_equity_index	NormalWeekPhaseWithheld	#79	2016-04-10	2016-04-10
GAP	globex_equity_index	NormalWeekPhaseWithheld	#79	2016-04-17	2016-04-17
GAP	globex_equity_index	NormalWeekPhaseWithheld	#79	2016-04-24	2016-04-24
GAP	globex_equity_index	NormalWeekPhaseWithheld	#79	2016-05-01	2016-05-01
GAP	globex_equity_index	NormalWeekPhaseWithheld	#79	2016-05-08	2016-05-08
GAP	globex_equity_index	NormalWeekPhaseWithheld	#79	2016-05-15	2016-05-15
GAP	globex_equity_index	NormalWeekPhaseWithheld	#79	2016-05-22	2016-05-22
GAP	globex_equity_index	NormalWeekPhaseWithheld	#79	2016-05-29	2016-05-29
GAP	globex_equity_index	NormalWeekPhaseWithheld	#79	2016-06-05	2016-06-05
GAP	globex_equity_index	NormalWeekPhaseWithheld	#79	2016-06-12	2016-06-12
GAP	globex_equity_index	NormalWeekPhaseWithheld	#79	2016-06-19	2016-06-19
GAP	globex_equity_index	NormalWeekPhaseWithheld	#79	2016-06-26	2016-06-26
GAP	globex_equity_index	NormalWeekPhaseWithheld	#79	2016-07-03	2016-07-03
GAP	globex_equity_index	NormalWeekPhaseWithheld	#79	2016-07-10	2016-07-10
GAP	globex_equity_index	NormalWeekPhaseWithheld	#79	2016-07-17	2016-07-17
GAP	globex_equity_index	NormalWeekPhaseWithheld	#79	2016-07-24	2016-07-24
GAP	globex_equity_index	NormalWeekPhaseWithheld	#79	2016-07-31	2016-07-31
GAP	globex_equity_index	NormalWeekPhaseWithheld	#79	2016-08-07	2016-08-07
GAP	globex_equity_index	NormalWeekPhaseWithheld	#79	2016-08-14	2016-08-14
GAP	globex_equity_index	NormalWeekPhaseWithheld	#79	2016-08-21	2016-08-21
GAP	globex_equity_index	NormalWeekPhaseWithheld	#79	2016-08-28	2016-08-28
GAP	globex_equity_index	NormalWeekPhaseWithheld	#79	2016-09-04	2016-09-04
GAP	globex_equity_index	NormalWeekPhaseWithheld	#79	2016-09-11	2016-09-11
GAP	globex_equity_index	NormalWeekPhaseWithheld	#79	2016-09-18	2016-09-18
GAP	globex_equity_index	NormalWeekPhaseWithheld	#79	2016-09-25	2016-09-25
GAP	globex_equity_index	NormalWeekPhaseWithheld	#79	2016-10-02	2016-10-02
GAP	globex_equity_index	NormalWeekPhaseWithheld	#79	2016-10-09	2016-10-09
GAP	globex_equity_index	NormalWeekPhaseWithheld	#79	2016-10-16	2016-10-16
GAP	globex_equity_index	NormalWeekPhaseWithheld	#79	2016-10-23	2016-10-23
GAP	globex_equity_index	NormalWeekPhaseWithheld	#79	2016-10-30	2016-10-30
GAP	globex_equity_index	NormalWeekPhaseWithheld	#79	2016-11-06	2016-11-06
GAP	globex_equity_index	NormalWeekPhaseWithheld	#79	2016-11-13	2016-11-13
GAP	globex_equity_index	NormalWeekPhaseWithheld	#79	2016-11-20	2016-11-20
GAP	globex_equity_index	NormalWeekPhaseWithheld	#79	2016-11-27	2016-11-27
GAP	globex_equity_index	NormalWeekPhaseWithheld	#79	2016-12-04	2016-12-04
GAP	globex_equity_index	NormalWeekPhaseWithheld	#79	2016-12-11	2016-12-11
GAP	globex_equity_index	NormalWeekPhaseWithheld	#79	2016-12-18	2016-12-18
GAP	globex_equity_index	NormalWeekPhaseWithheld	#79	2017-01-08	2017-01-08
GAP	globex_equity_index	NormalWeekPhaseWithheld	#79	2017-01-15	2017-01-15
GAP	globex_equity_index	NormalWeekPhaseWithheld	#79	2017-01-22	2017-01-22
GAP	globex_equity_index	NormalWeekPhaseWithheld	#79	2017-01-29	2017-01-29
GAP	globex_equity_index	NormalWeekPhaseWithheld	#79	2017-02-05	2017-02-05
GAP	globex_equity_index	NormalWeekPhaseWithheld	#79	2017-02-12	2017-02-12
GAP	globex_equity_index	NormalWeekPhaseWithheld	#79	2017-02-19	2017-02-19
GAP	globex_equity_index	NormalWeekPhaseWithheld	#79	2017-02-26	2017-02-26
GAP	globex_equity_index	NormalWeekPhaseWithheld	#79	2017-03-05	2017-03-05
GAP	globex_equity_index	NormalWeekPhaseWithheld	#79	2017-03-12	2017-03-12
GAP	globex_equity_index	NormalWeekPhaseWithheld	#79	2017-03-19	2017-03-19
GAP	globex_equity_index	NormalWeekPhaseWithheld	#79	2017-03-26	2017-03-26
GAP	globex_equity_index	NormalWeekPhaseWithheld	#79	2017-04-02	2017-04-02
GAP	globex_equity_index	NormalWeekPhaseWithheld	#79	2017-04-09	2017-04-09
GAP	globex_equity_index	NormalWeekPhaseWithheld	#79	2017-04-16	2017-04-16
GAP	globex_equity_index	NormalWeekPhaseWithheld	#79	2017-04-23	2017-04-23
GAP	globex_equity_index	NormalWeekPhaseWithheld	#79	2017-04-30	2017-04-30
GAP	globex_equity_index	NormalWeekPhaseWithheld	#79	2017-05-07	2017-05-07
GAP	globex_equity_index	NormalWeekPhaseWithheld	#79	2017-05-14	2017-05-14
GAP	globex_equity_index	NormalWeekPhaseWithheld	#79	2017-05-21	2017-05-21
GAP	globex_equity_index	NormalWeekPhaseWithheld	#79	2017-05-28	2017-05-28
GAP	globex_equity_index	NormalWeekPhaseWithheld	#79	2017-06-04	2017-06-04
GAP	globex_equity_index	NormalWeekPhaseWithheld	#79	2017-06-11	2017-06-11
GAP	globex_equity_index	NormalWeekPhaseWithheld	#79	2017-06-18	2017-06-18
GAP	globex_equity_index	NormalWeekPhaseWithheld	#79	2017-06-25	2017-06-25
GAP	globex_equity_index	NormalWeekPhaseWithheld	#79	2017-07-02	2017-07-02
GAP	globex_equity_index	NormalWeekPhaseWithheld	#79	2017-07-09	2017-07-09
GAP	globex_equity_index	NormalWeekPhaseWithheld	#79	2017-07-16	2017-07-16
GAP	globex_equity_index	NormalWeekPhaseWithheld	#79	2017-07-23	2017-07-23
GAP	globex_equity_index	NormalWeekPhaseWithheld	#79	2017-07-30	2017-07-30
GAP	globex_equity_index	NormalWeekPhaseWithheld	#79	2017-08-06	2017-08-06
GAP	globex_equity_index	NormalWeekPhaseWithheld	#79	2017-08-13	2017-08-13
GAP	globex_equity_index	NormalWeekPhaseWithheld	#79	2017-08-20	2017-08-20
GAP	globex_equity_index	NormalWeekPhaseWithheld	#79	2017-08-27	2017-08-27
GAP	globex_equity_index	NormalWeekPhaseWithheld	#79	2017-09-03	2017-09-03
GAP	globex_equity_index	NormalWeekPhaseWithheld	#79	2017-09-10	2017-09-10
GAP	globex_equity_index	NormalWeekPhaseWithheld	#79	2017-09-17	2017-09-17
GAP	globex_equity_index	NormalWeekPhaseWithheld	#79	2017-09-24	2017-09-24
GAP	globex_equity_index	NormalWeekPhaseWithheld	#79	2017-10-01	2017-10-01
GAP	globex_equity_index	NormalWeekPhaseWithheld	#79	2017-10-08	2017-10-08
GAP	globex_equity_index	NormalWeekPhaseWithheld	#79	2017-10-15	2017-10-15
GAP	globex_equity_index	NormalWeekPhaseWithheld	#79	2017-10-22	2017-10-22
GAP	globex_equity_index	NormalWeekPhaseWithheld	#79	2017-10-29	2017-10-29
GAP	globex_equity_index	NormalWeekPhaseWithheld	#79	2017-11-05	2017-11-05
GAP	globex_equity_index	NormalWeekPhaseWithheld	#79	2017-11-12	2017-11-12
GAP	globex_equity_index	NormalWeekPhaseWithheld	#79	2017-11-19	2017-11-19
GAP	globex_equity_index	NormalWeekPhaseWithheld	#79	2017-11-26	2017-11-26
GAP	globex_equity_index	NormalWeekPhaseWithheld	#79	2017-12-03	2017-12-03
GAP	globex_equity_index	NormalWeekPhaseWithheld	#79	2017-12-10	2017-12-10
GAP	globex_equity_index	NormalWeekPhaseWithheld	#79	2017-12-17	2017-12-17
GAP	globex_equity_index	NormalWeekPhaseWithheld	#79	2018-01-07	2018-01-07
GAP	globex_equity_index	NormalWeekPhaseWithheld	#79	2018-01-14	2018-01-14
GAP	globex_equity_index	NormalWeekPhaseWithheld	#79	2018-01-21	2018-01-21
GAP	globex_equity_index	NormalWeekPhaseWithheld	#79	2018-01-28	2018-01-28
GAP	globex_equity_index	NormalWeekPhaseWithheld	#79	2018-02-04	2018-02-04
GAP	globex_equity_index	NormalWeekPhaseWithheld	#79	2018-02-11	2018-02-11
GAP	globex_equity_index	NormalWeekPhaseWithheld	#79	2018-02-18	2018-02-18
GAP	globex_equity_index	NormalWeekPhaseWithheld	#79	2018-02-25	2018-02-25
GAP	globex_equity_index	NormalWeekPhaseWithheld	#79	2018-03-04	2018-03-04
GAP	globex_equity_index	NormalWeekPhaseWithheld	#79	2018-03-11	2018-03-11
GAP	globex_equity_index	NormalWeekPhaseWithheld	#79	2018-03-18	2018-03-18
GAP	globex_equity_index	NormalWeekPhaseWithheld	#79	2018-03-25	2018-03-25
GAP	globex_equity_index	NormalWeekPhaseWithheld	#79	2018-04-01	2018-04-01
GAP	globex_equity_index	NormalWeekPhaseWithheld	#79	2018-04-08	2018-04-08
GAP	globex_equity_index	NormalWeekPhaseWithheld	#79	2018-04-15	2018-04-15
GAP	globex_equity_index	NormalWeekPhaseWithheld	#79	2018-04-22	2018-04-22
GAP	globex_equity_index	NormalWeekPhaseWithheld	#79	2018-04-29	2018-04-29
GAP	globex_equity_index	NormalWeekPhaseWithheld	#79	2018-05-06	2018-05-06
GAP	globex_equity_index	NormalWeekPhaseWithheld	#79	2018-05-13	2018-05-13
GAP	globex_equity_index	NormalWeekPhaseWithheld	#79	2018-05-20	2018-05-20
GAP	globex_equity_index	NormalWeekPhaseWithheld	#79	2018-05-27	2018-05-27
GAP	globex_equity_index	NormalWeekPhaseWithheld	#79	2018-06-03	2018-06-03
GAP	globex_equity_index	NormalWeekPhaseWithheld	#79	2018-06-10	2018-06-10
GAP	globex_equity_index	NormalWeekPhaseWithheld	#79	2018-06-17	2018-06-17
GAP	globex_equity_index	NormalWeekPhaseWithheld	#79	2018-06-24	2018-06-24
GAP	globex_equity_index	NormalWeekPhaseWithheld	#79	2018-07-01	2018-07-01
GAP	globex_equity_index	NormalWeekPhaseWithheld	#79	2018-07-08	2018-07-08
GAP	globex_equity_index	NormalWeekPhaseWithheld	#79	2018-07-15	2018-07-15
GAP	globex_equity_index	NormalWeekPhaseWithheld	#79	2018-07-22	2018-07-22
GAP	globex_equity_index	NormalWeekPhaseWithheld	#79	2018-07-29	2018-07-29
GAP	globex_equity_index	NormalWeekPhaseWithheld	#79	2018-08-05	2018-08-05
GAP	globex_equity_index	NormalWeekPhaseWithheld	#79	2018-08-12	2018-08-12
GAP	globex_equity_index	NormalWeekPhaseWithheld	#79	2018-08-19	2018-08-19
GAP	globex_equity_index	NormalWeekPhaseWithheld	#79	2018-08-26	2018-08-26
GAP	globex_equity_index	NormalWeekPhaseWithheld	#79	2018-09-02	2018-09-02
GAP	globex_equity_index	NormalWeekPhaseWithheld	#79	2018-09-09	2018-09-09
GAP	globex_equity_index	NormalWeekPhaseWithheld	#79	2018-09-16	2018-09-16
GAP	globex_equity_index	NormalWeekPhaseWithheld	#79	2018-09-23	2018-09-23
GAP	globex_equity_index	NormalWeekPhaseWithheld	#79	2018-09-30	2018-09-30
GAP	globex_equity_index	NormalWeekPhaseWithheld	#79	2018-10-07	2018-10-07
GAP	globex_equity_index	NormalWeekPhaseWithheld	#79	2018-10-14	2018-10-14
GAP	globex_equity_index	NormalWeekPhaseWithheld	#79	2018-10-21	2018-10-21
GAP	globex_equity_index	NormalWeekPhaseWithheld	#79	2018-10-28	2018-10-28
GAP	globex_equity_index	NormalWeekPhaseWithheld	#79	2018-11-04	2018-11-04
GAP	globex_equity_index	NormalWeekPhaseWithheld	#79	2018-11-11	2018-11-11
GAP	globex_equity_index	NormalWeekPhaseWithheld	#79	2018-11-18	2018-11-18
GAP	globex_equity_index	NormalWeekPhaseWithheld	#79	2018-11-25	2018-11-25
GAP	globex_equity_index	NormalWeekPhaseWithheld	#79	2018-12-02	2018-12-02
GAP	globex_equity_index	NormalWeekPhaseWithheld	#79	2018-12-09	2018-12-09
GAP	globex_equity_index	NormalWeekPhaseWithheld	#79	2018-12-16	2018-12-16
GAP	globex_equity_index	NormalWeekPhaseWithheld	#79	2018-12-23	2018-12-23
GAP	globex_equity_index	NormalWeekPhaseWithheld	#79	2018-12-30	2018-12-30
GAP	globex_equity_index	NormalWeekPhaseWithheld	#79	2019-01-06	2019-01-06
GAP	globex_equity_index	NormalWeekPhaseWithheld	#79	2019-01-13	2019-01-13
GAP	globex_equity_index	NormalWeekPhaseWithheld	#79	2019-01-20	2019-01-20
GAP	globex_equity_index	NormalWeekPhaseWithheld	#79	2019-01-27	2019-01-27
GAP	globex_equity_index	NormalWeekPhaseWithheld	#79	2019-02-03	2019-02-03
GAP	globex_equity_index	NormalWeekPhaseWithheld	#79	2019-02-10	2019-02-10
GAP	globex_equity_index	NormalWeekPhaseWithheld	#79	2019-02-17	2019-02-17
GAP	globex_equity_index	NormalWeekPhaseWithheld	#79	2019-02-24	2019-02-24
GAP	globex_equity_index	NormalWeekPhaseWithheld	#79	2019-03-03	2019-03-03
GAP	globex_equity_index	NormalWeekPhaseWithheld	#79	2019-03-10	2019-03-10
GAP	globex_equity_index	NormalWeekPhaseWithheld	#79	2019-03-17	2019-03-17
GAP	globex_equity_index	NormalWeekPhaseWithheld	#79	2019-03-24	2019-03-24
GAP	globex_equity_index	NormalWeekPhaseWithheld	#79	2019-03-31	2019-03-31
GAP	globex_equity_index	NormalWeekPhaseWithheld	#79	2019-04-07	2019-04-07
GAP	globex_equity_index	NormalWeekPhaseWithheld	#79	2019-04-14	2019-04-14
GAP	globex_equity_index	NormalWeekPhaseWithheld	#79	2019-04-21	2019-04-21
GAP	globex_equity_index	NormalWeekPhaseWithheld	#79	2019-04-28	2019-04-28
GAP	globex_equity_index	NormalWeekPhaseWithheld	#79	2019-05-05	2019-05-05
GAP	globex_equity_index	NormalWeekPhaseWithheld	#79	2019-05-12	2019-05-12
GAP	globex_equity_index	NormalWeekPhaseWithheld	#79	2019-05-19	2019-05-19
GAP	globex_equity_index	NormalWeekPhaseWithheld	#79	2019-05-26	2019-05-26
GAP	globex_equity_index	NormalWeekPhaseWithheld	#79	2019-06-02	2019-06-02
GAP	globex_equity_index	NormalWeekPhaseWithheld	#79	2019-06-09	2019-06-09
GAP	globex_equity_index	NormalWeekPhaseWithheld	#79	2019-06-16	2019-06-16
GAP	globex_equity_index	ResolutionEdge	-	2019-06-18	2019-06-18
GAP	globex_equity_index	WithheldDate	-	2019-06-19	2019-06-19
GAP	globex_equity_index	ResolutionEdge	-	2019-06-20	2019-06-20
GAP	globex_equity_index	NormalWeekPhaseWithheld	#79	2019-06-23	2019-06-23
GAP	globex_equity_index	NormalWeekPhaseWithheld	#79	2019-06-30	2019-06-30
GAP	globex_equity_index	NormalWeekPhaseWithheld	#79	2019-07-07	2019-07-07
GAP	globex_equity_index	NormalWeekPhaseWithheld	#79	2019-07-14	2019-07-14
GAP	globex_equity_index	NormalWeekPhaseWithheld	#79	2019-07-21	2019-07-21
GAP	globex_equity_index	NormalWeekPhaseWithheld	#79	2019-07-28	2019-07-28
GAP	globex_equity_index	NormalWeekPhaseWithheld	#79	2019-08-04	2019-08-04
GAP	globex_equity_index	NormalWeekPhaseWithheld	#79	2019-08-11	2019-08-11
GAP	globex_equity_index	NormalWeekPhaseWithheld	#79	2019-08-18	2019-08-18
GAP	globex_equity_index	NormalWeekPhaseWithheld	#79	2019-08-25	2019-08-25
GAP	globex_equity_index	NormalWeekPhaseWithheld	#79	2019-09-01	2019-09-01
GAP	globex_equity_index	NormalWeekPhaseWithheld	#79	2019-09-08	2019-09-08
GAP	globex_equity_index	NormalWeekPhaseWithheld	#79	2019-09-15	2019-09-15
GAP	globex_equity_index	NormalWeekPhaseWithheld	#79	2019-09-22	2019-09-22
GAP	globex_equity_index	NormalWeekPhaseWithheld	#79	2019-09-29	2019-09-29
GAP	globex_equity_index	NormalWeekPhaseWithheld	#79	2019-10-06	2019-10-06
GAP	globex_equity_index	NormalWeekPhaseWithheld	#79	2019-10-13	2019-10-13
GAP	globex_equity_index	NormalWeekPhaseWithheld	#79	2019-10-20	2019-10-20
GAP	globex_equity_index	NormalWeekPhaseWithheld	#79	2019-10-27	2019-10-27
GAP	globex_equity_index	NormalWeekPhaseWithheld	#79	2019-11-03	2019-11-03
GAP	globex_equity_index	NormalWeekPhaseWithheld	#79	2019-11-10	2019-11-10
GAP	globex_equity_index	NormalWeekPhaseWithheld	#79	2019-11-17	2019-11-17
GAP	globex_equity_index	NormalWeekPhaseWithheld	#79	2019-11-24	2019-11-24
GAP	globex_equity_index	NormalWeekPhaseWithheld	#79	2019-12-01	2019-12-01
GAP	globex_equity_index	NormalWeekPhaseWithheld	#79	2019-12-08	2019-12-08
GAP	globex_equity_index	NormalWeekPhaseWithheld	#79	2019-12-15	2019-12-15
GAP	globex_equity_index	NormalWeekPhaseWithheld	#79	2019-12-22	2019-12-22
GAP	globex_equity_index	NormalWeekPhaseWithheld	#79	2019-12-29	2019-12-29
GAP	globex_equity_index	NormalWeekPhaseWithheld	#79	2020-01-05	2020-01-05
GAP	globex_equity_index	NormalWeekPhaseWithheld	#79	2020-01-12	2020-01-12
GAP	globex_equity_index	NormalWeekPhaseWithheld	#79	2020-01-19	2020-01-19
GAP	globex_equity_index	NormalWeekPhaseWithheld	#79	2020-01-26	2020-01-26
GAP	globex_equity_index	NormalWeekPhaseWithheld	#79	2020-02-02	2020-02-02
GAP	globex_equity_index	NormalWeekPhaseWithheld	#79	2020-02-09	2020-02-09
GAP	globex_equity_index	NormalWeekPhaseWithheld	#79	2020-02-16	2020-02-16
GAP	globex_equity_index	NormalWeekPhaseWithheld	#79	2020-02-23	2020-02-23
GAP	globex_equity_index	NormalWeekPhaseWithheld	#79	2020-03-01	2020-03-01
GAP	globex_equity_index	NormalWeekPhaseWithheld	#79	2020-03-08	2020-03-08
GAP	globex_equity_index	NormalWeekPhaseWithheld	#79	2020-03-15	2020-03-15
GAP	globex_equity_index	NormalWeekPhaseWithheld	#79	2020-03-22	2020-03-22
GAP	globex_equity_index	NormalWeekPhaseWithheld	#79	2020-03-29	2020-03-29
GAP	globex_equity_index	NormalWeekPhaseWithheld	#79	2020-04-05	2020-04-05
GAP	globex_equity_index	NormalWeekPhaseWithheld	#79	2020-04-12	2020-04-12
GAP	globex_equity_index	NormalWeekPhaseWithheld	#79	2020-04-19	2020-04-19
GAP	globex_equity_index	NormalWeekPhaseWithheld	#79	2020-04-26	2020-04-26
GAP	globex_equity_index	NormalWeekPhaseWithheld	#79	2020-05-03	2020-05-03
GAP	globex_equity_index	NormalWeekPhaseWithheld	#79	2020-05-10	2020-05-10
GAP	globex_equity_index	NormalWeekPhaseWithheld	#79	2020-05-17	2020-05-17
GAP	globex_equity_index	NormalWeekPhaseWithheld	#79	2020-05-24	2020-05-24
GAP	globex_equity_index	NormalWeekPhaseWithheld	#79	2020-05-31	2020-05-31
GAP	globex_equity_index	NormalWeekPhaseWithheld	#79	2020-06-07	2020-06-07
GAP	globex_equity_index	NormalWeekPhaseWithheld	#79	2020-06-14	2020-06-14
GAP	globex_equity_index	ResolutionEdge	-	2020-06-18	2020-06-18
GAP	globex_equity_index	WithheldDate	-	2020-06-19	2020-06-19
GAP	globex_equity_index	ResolutionEdge	-	2020-06-20	2020-06-20
GAP	globex_equity_index	NormalWeekPhaseWithheld	#79	2020-06-21	2020-06-21
GAP	globex_equity_index	NormalWeekPhaseWithheld	#79	2020-06-28	2020-06-28
GAP	globex_equity_index	NormalWeekPhaseWithheld	#79	2020-07-05	2020-07-05
GAP	globex_equity_index	NormalWeekPhaseWithheld	#79	2020-07-12	2020-07-12
GAP	globex_equity_index	NormalWeekPhaseWithheld	#79	2020-07-19	2020-07-19
GAP	globex_equity_index	NormalWeekPhaseWithheld	#79	2020-07-26	2020-07-26
GAP	globex_equity_index	NormalWeekPhaseWithheld	#79	2020-08-02	2020-08-02
GAP	globex_equity_index	NormalWeekPhaseWithheld	#79	2020-08-09	2020-08-09
GAP	globex_equity_index	NormalWeekPhaseWithheld	#79	2020-08-16	2020-08-16
GAP	globex_equity_index	NormalWeekPhaseWithheld	#79	2020-08-23	2020-08-23
GAP	globex_equity_index	NormalWeekPhaseWithheld	#79	2020-08-30	2020-08-30
GAP	globex_equity_index	NormalWeekPhaseWithheld	#79	2020-09-06	2020-09-06
GAP	globex_equity_index	NormalWeekPhaseWithheld	#79	2020-09-13	2020-09-13
GAP	globex_equity_index	NormalWeekPhaseWithheld	#79	2020-09-20	2020-09-20
GAP	globex_equity_index	NormalWeekPhaseWithheld	#79	2020-09-27	2020-09-27
GAP	globex_equity_index	NormalWeekPhaseWithheld	#79	2020-10-04	2020-10-04
GAP	globex_equity_index	NormalWeekPhaseWithheld	#79	2020-10-11	2020-10-11
GAP	globex_equity_index	NormalWeekPhaseWithheld	#79	2020-10-18	2020-10-18
GAP	globex_equity_index	NormalWeekPhaseWithheld	#79	2020-10-25	2020-10-25
GAP	globex_equity_index	NormalWeekPhaseWithheld	#79	2020-11-01	2020-11-01
GAP	globex_equity_index	NormalWeekPhaseWithheld	#79	2020-11-08	2020-11-08
GAP	globex_equity_index	NormalWeekPhaseWithheld	#79	2020-11-15	2020-11-15
GAP	globex_equity_index	NormalWeekPhaseWithheld	#79	2020-11-22	2020-11-22
GAP	globex_equity_index	NormalWeekPhaseWithheld	#79	2020-11-29	2020-11-29
GAP	globex_equity_index	NormalWeekPhaseWithheld	#79	2020-12-06	2020-12-06
GAP	globex_equity_index	NormalWeekPhaseWithheld	#79	2020-12-13	2020-12-13
GAP	globex_equity_index	NormalWeekPhaseWithheld	#79	2020-12-20	2020-12-20
GAP	globex_equity_index	NormalWeekPhaseWithheld	#79	2020-12-27	2020-12-27
GAP	globex_equity_index	NormalWeekPhaseWithheld	#79	2021-01-03	2021-01-03
GAP	globex_equity_index	NormalWeekPhaseWithheld	#79	2021-01-10	2021-01-10
GAP	globex_equity_index	NormalWeekPhaseWithheld	#79	2021-01-17	2021-01-17
GAP	globex_equity_index	NormalWeekPhaseWithheld	#79	2021-01-24	2021-01-24
GAP	globex_equity_index	NormalWeekPhaseWithheld	#79	2021-01-31	2021-01-31
GAP	globex_equity_index	NormalWeekPhaseWithheld	#79	2021-02-07	2021-02-07
GAP	globex_equity_index	NormalWeekPhaseWithheld	#79	2021-02-14	2021-02-14
GAP	globex_equity_index	NormalWeekPhaseWithheld	#79	2021-02-21	2021-02-21
GAP	globex_equity_index	NormalWeekPhaseWithheld	#79	2021-02-28	2021-02-28
GAP	globex_equity_index	NormalWeekPhaseWithheld	#79	2021-03-07	2021-03-07
GAP	globex_equity_index	NormalWeekPhaseWithheld	#79	2021-03-14	2021-03-14
GAP	globex_equity_index	NormalWeekPhaseWithheld	#79	2021-03-21	2021-03-21
GAP	globex_equity_index	NormalWeekPhaseWithheld	#79	2021-03-28	2021-03-28
GAP	globex_equity_index	NormalWeekPhaseWithheld	#79	2021-04-04	2021-04-04
GAP	globex_equity_index	NormalWeekPhaseWithheld	#79	2021-04-11	2021-04-11
GAP	globex_equity_index	NormalWeekPhaseWithheld	#79	2021-04-18	2021-04-18
GAP	globex_equity_index	NormalWeekPhaseWithheld	#79	2021-04-25	2021-04-25
GAP	globex_equity_index	NormalWeekPhaseWithheld	#79	2021-05-02	2021-05-02
GAP	globex_equity_index	NormalWeekPhaseWithheld	#79	2021-05-09	2021-05-09
GAP	globex_equity_index	NormalWeekPhaseWithheld	#79	2021-05-16	2021-05-16
GAP	globex_equity_index	NormalWeekPhaseWithheld	#79	2021-05-23	2021-05-23
GAP	globex_equity_index	NormalWeekPhaseWithheld	#79	2021-05-30	2021-05-30
GAP	globex_equity_index	NormalWeekPhaseWithheld	#79	2021-06-06	2021-06-06
GAP	globex_equity_index	NormalWeekPhaseWithheld	#79	2021-06-13	2021-06-13
GAP	globex_equity_index	ResolutionEdge	-	2021-06-18	2021-06-18
GAP	globex_equity_index	WithheldDate	-	2021-06-19	2021-06-19
GAP	globex_equity_index	NormalWeekPhaseWithheld	#79	2021-06-20	2021-06-20
GAP	globex_equity_index	NormalWeekPhaseWithheld	#79	2021-06-27	2021-06-27
GAP	globex_equity_index	NormalWeekPhaseWithheld	#79	2021-07-04	2021-07-04
GAP	globex_equity_index	NormalWeekPhaseWithheld	#79	2021-07-11	2021-07-11
GAP	globex_equity_index	NormalWeekPhaseWithheld	#79	2021-07-18	2021-07-18
GAP	globex_equity_index	NormalWeekPhaseWithheld	#79	2021-07-25	2021-07-25
GAP	globex_equity_index	NormalWeekPhaseWithheld	#79	2021-08-01	2021-08-01
GAP	globex_equity_index	NormalWeekPhaseWithheld	#79	2021-08-08	2021-08-08
GAP	globex_equity_index	NormalWeekPhaseWithheld	#79	2021-08-15	2021-08-15
GAP	globex_equity_index	NormalWeekPhaseWithheld	#79	2021-08-22	2021-08-22
GAP	globex_equity_index	NormalWeekPhaseWithheld	#79	2021-08-29	2021-08-29
GAP	globex_equity_index	NormalWeekPhaseWithheld	#79	2021-09-05	2021-09-05
GAP	globex_equity_index	NormalWeekPhaseWithheld	#79	2021-09-12	2021-09-12
GAP	globex_equity_index	NormalWeekPhaseWithheld	#79	2021-09-19	2021-09-19
GAP	globex_equity_index	NormalWeekPhaseWithheld	#79	2021-09-26	2021-09-26
GAP	globex_equity_index	NormalWeekPhaseWithheld	#79	2021-10-03	2021-10-03
GAP	globex_equity_index	NormalWeekPhaseWithheld	#79	2021-10-10	2021-10-10
GAP	globex_equity_index	NormalWeekPhaseWithheld	#79	2021-10-17	2021-10-17
GAP	globex_equity_index	NormalWeekPhaseWithheld	#79	2021-10-24	2021-10-24
GAP	globex_equity_index	NormalWeekPhaseWithheld	#79	2021-10-31	2021-10-31
GAP	globex_equity_index	NormalWeekPhaseWithheld	#79	2021-11-07	2021-11-07
GAP	globex_equity_index	NormalWeekPhaseWithheld	#79	2021-11-14	2021-11-14
GAP	globex_equity_index	NormalWeekPhaseWithheld	#79	2021-11-21	2021-11-21
GAP	globex_equity_index	NormalWeekPhaseWithheld	#79	2021-11-28	2021-11-28
GAP	globex_equity_index	NormalWeekPhaseWithheld	#79	2021-12-05	2021-12-05
GAP	globex_equity_index	NormalWeekPhaseWithheld	#79	2021-12-12	2021-12-12
GAP	globex_equity_index	NormalWeekPhaseWithheld	#79	2021-12-19	2021-12-19
GAP	globex_equity_index	NormalWeekPhaseWithheld	#79	2021-12-26	2021-12-26
GAP	globex_equity_index	NormalWeekPhaseWithheld	#79	2022-01-02	2022-01-02
GAP	globex_equity_index	NormalWeekPhaseWithheld	#79	2022-01-09	2022-01-09
GAP	globex_equity_index	NormalWeekPhaseWithheld	#79	2022-01-16	2022-01-16
GAP	globex_equity_index	NormalWeekPhaseWithheld	#79	2022-01-23	2022-01-23
GAP	globex_equity_index	NormalWeekPhaseWithheld	#79	2022-01-30	2022-01-30
GAP	globex_equity_index	NormalWeekPhaseWithheld	#79	2022-02-06	2022-02-06
GAP	globex_equity_index	NormalWeekPhaseWithheld	#79	2022-02-13	2022-02-13
GAP	globex_equity_index	NormalWeekPhaseWithheld	#79	2022-02-20	2022-02-20
GAP	globex_equity_index	NormalWeekPhaseWithheld	#79	2022-02-27	2022-02-27
GAP	globex_equity_index	NormalWeekPhaseWithheld	#79	2022-03-06	2022-03-06
GAP	globex_equity_index	NormalWeekPhaseWithheld	#79	2022-03-13	2022-03-13
GAP	globex_equity_index	NormalWeekPhaseWithheld	#79	2022-03-20	2022-03-20
GAP	globex_equity_index	NormalWeekPhaseWithheld	#79	2022-03-27	2022-03-27
GAP	globex_equity_index	NormalWeekPhaseWithheld	#79	2022-04-03	2022-04-03
GAP	globex_equity_index	NormalWeekPhaseWithheld	#79	2022-04-10	2022-04-10
GAP	globex_equity_index	NormalWeekPhaseWithheld	#79	2022-04-17	2022-04-17
GAP	globex_equity_index	NormalWeekPhaseWithheld	#79	2022-04-24	2022-04-24
GAP	globex_equity_index	NormalWeekPhaseWithheld	#79	2022-05-01	2022-05-01
GAP	globex_equity_index	NormalWeekPhaseWithheld	#79	2022-05-08	2022-05-08
GAP	globex_equity_index	NormalWeekPhaseWithheld	#79	2022-05-15	2022-05-15
GAP	globex_equity_index	NormalWeekPhaseWithheld	#79	2022-05-22	2022-05-22
GAP	globex_equity_index	NormalWeekPhaseWithheld	#79	2022-05-29	2022-05-29
GAP	globex_equity_index	NormalWeekPhaseWithheld	#79	2022-06-05	2022-06-05
GAP	globex_equity_index	NormalWeekPhaseWithheld	#79	2022-06-12	2022-06-12
GAP	globex_equity_index	NormalWeekPhaseWithheld	#79	2022-06-19	2022-06-19
GAP	globex_equity_index	NormalWeekPhaseWithheld	#79	2022-06-26	2022-06-26
GAP	globex_equity_index	NormalWeekPhaseWithheld	#79	2022-07-03	2022-07-03
GAP	globex_equity_index	NormalWeekPhaseWithheld	#79	2022-07-10	2022-07-10
GAP	globex_equity_index	NormalWeekPhaseWithheld	#79	2022-07-17	2022-07-17
GAP	globex_equity_index	NormalWeekPhaseWithheld	#79	2022-07-24	2022-07-24
GAP	globex_equity_index	NormalWeekPhaseWithheld	#79	2022-07-31	2022-07-31
GAP	globex_equity_index	NormalWeekPhaseWithheld	#79	2022-08-07	2022-08-07
GAP	globex_equity_index	NormalWeekPhaseWithheld	#79	2022-08-14	2022-08-14
GAP	globex_equity_index	NormalWeekPhaseWithheld	#79	2022-08-21	2022-08-21
GAP	globex_equity_index	NormalWeekPhaseWithheld	#79	2022-08-28	2022-08-28
GAP	globex_equity_index	NormalWeekPhaseWithheld	#79	2022-09-04	2022-09-04
GAP	globex_equity_index	NormalWeekPhaseWithheld	#79	2022-09-11	2022-09-11
GAP	globex_equity_index	NormalWeekPhaseWithheld	#79	2022-09-18	2022-09-18
GAP	globex_equity_index	NormalWeekPhaseWithheld	#79	2022-09-25	2022-09-25
GAP	globex_equity_index	NormalWeekPhaseWithheld	#79	2022-10-02	2022-10-02
GAP	globex_equity_index	NormalWeekPhaseWithheld	#79	2022-10-09	2022-10-09
GAP	globex_equity_index	NormalWeekPhaseWithheld	#79	2022-10-16	2022-10-16
GAP	globex_equity_index	NormalWeekPhaseWithheld	#79	2022-10-23	2022-10-23
GAP	globex_equity_index	NormalWeekPhaseWithheld	#79	2022-10-30	2022-10-30
GAP	globex_equity_index	NormalWeekPhaseWithheld	#79	2022-11-06	2022-11-06
GAP	globex_equity_index	NormalWeekPhaseWithheld	#79	2022-11-13	2022-11-13
GAP	globex_equity_index	NormalWeekPhaseWithheld	#79	2022-11-20	2022-11-20
GAP	globex_equity_index	NormalWeekPhaseWithheld	#79	2022-11-27	2022-11-27
GAP	globex_equity_index	NormalWeekPhaseWithheld	#79	2022-12-04	2022-12-04
GAP	globex_equity_index	NormalWeekPhaseWithheld	#79	2022-12-11	2022-12-11
GAP	globex_equity_index	NormalWeekPhaseWithheld	#79	2022-12-18	2022-12-18
GAP	globex_equity_index	NormalWeekPhaseWithheld	#79	2023-01-08	2023-01-08
GAP	globex_equity_index	ResolutionEdge	-	2023-01-14	2023-01-14
GAP	globex_equity_index	NormalWeekPhaseWithheld	#79	2023-01-15	2023-01-15
GAP	globex_equity_index	WithheldDate	-	2023-01-16	2023-01-16
GAP	globex_equity_index	ResolutionEdge	-	2023-01-17	2023-01-17
GAP	globex_equity_index	NormalWeekPhaseWithheld	#79	2023-01-22	2023-01-22
GAP	globex_equity_index	NormalWeekPhaseWithheld	#79	2023-01-29	2023-01-29
GAP	globex_equity_index	NormalWeekPhaseWithheld	#79	2023-02-05	2023-02-05
GAP	globex_equity_index	NormalWeekPhaseWithheld	#79	2023-02-12	2023-02-12
GAP	globex_equity_index	ResolutionEdge	-	2023-02-18	2023-02-18
GAP	globex_equity_index	NormalWeekPhaseWithheld	#79	2023-02-19	2023-02-19
GAP	globex_equity_index	WithheldDate	-	2023-02-20	2023-02-20
GAP	globex_equity_index	ResolutionEdge	-	2023-02-21	2023-02-21
GAP	globex_equity_index	NormalWeekPhaseWithheld	#79	2023-02-26	2023-02-26
GAP	globex_equity_index	NormalWeekPhaseWithheld	#79	2023-03-05	2023-03-05
GAP	globex_equity_index	NormalWeekPhaseWithheld	#79	2023-03-12	2023-03-12
GAP	globex_equity_index	NormalWeekPhaseWithheld	#79	2023-03-19	2023-03-19
GAP	globex_equity_index	NormalWeekPhaseWithheld	#79	2023-03-26	2023-03-26
GAP	globex_equity_index	NormalWeekPhaseWithheld	#79	2023-04-02	2023-04-02
GAP	globex_equity_index	ResolutionEdge	-	2023-04-06	2023-04-06
GAP	globex_equity_index	WithheldDate	-	2023-04-07	2023-04-07
GAP	globex_equity_index	ResolutionEdge	-	2023-04-08	2023-04-08
GAP	globex_equity_index	NormalWeekPhaseWithheld	#79	2023-04-09	2023-04-09
GAP	globex_equity_index	NormalWeekPhaseWithheld	#79	2023-04-16	2023-04-16
GAP	globex_equity_index	NormalWeekPhaseWithheld	#79	2023-04-23	2023-04-23
GAP	globex_equity_index	NormalWeekPhaseWithheld	#79	2023-04-30	2023-04-30
GAP	globex_equity_index	NormalWeekPhaseWithheld	#79	2023-05-07	2023-05-07
GAP	globex_equity_index	NormalWeekPhaseWithheld	#79	2023-05-14	2023-05-14
GAP	globex_equity_index	NormalWeekPhaseWithheld	#79	2023-05-21	2023-05-21
GAP	globex_equity_index	NormalWeekPhaseWithheld	#79	2023-05-28	2023-05-28
GAP	globex_equity_index	NormalWeekPhaseWithheld	#79	2023-06-04	2023-06-04
GAP	globex_equity_index	NormalWeekPhaseWithheld	#79	2023-06-11	2023-06-11
GAP	globex_equity_index	NormalWeekPhaseWithheld	#79	2023-06-18	2023-06-18
GAP	globex_equity_index	NormalWeekPhaseWithheld	#79	2023-06-25	2023-06-25
GAP	globex_equity_index	NormalWeekPhaseWithheld	#79	2023-07-02	2023-07-02
GAP	globex_equity_index	NormalWeekPhaseWithheld	#79	2023-07-09	2023-07-09
GAP	globex_equity_index	NormalWeekPhaseWithheld	#79	2023-07-16	2023-07-16
GAP	globex_equity_index	NormalWeekPhaseWithheld	#79	2023-07-23	2023-07-23
GAP	globex_equity_index	NormalWeekPhaseWithheld	#79	2023-07-30	2023-07-30
GAP	globex_equity_index	NormalWeekPhaseWithheld	#79	2023-08-06	2023-08-06
GAP	globex_equity_index	NormalWeekPhaseWithheld	#79	2023-08-13	2023-08-13
GAP	globex_equity_index	NormalWeekPhaseWithheld	#79	2023-08-20	2023-08-20
GAP	globex_equity_index	NormalWeekPhaseWithheld	#79	2023-08-27	2023-08-27
GAP	globex_equity_index	NormalWeekPhaseWithheld	#79	2023-09-03	2023-09-03
GAP	globex_equity_index	NormalWeekPhaseWithheld	#79	2023-09-10	2023-09-10
GAP	globex_equity_index	NormalWeekPhaseWithheld	#79	2023-09-17	2023-09-17
GAP	globex_equity_index	NormalWeekPhaseWithheld	#79	2023-09-24	2023-09-24
GAP	globex_equity_index	NormalWeekPhaseWithheld	#79	2023-10-01	2023-10-01
GAP	globex_equity_index	NormalWeekPhaseWithheld	#79	2023-10-08	2023-10-08
GAP	globex_equity_index	NormalWeekPhaseWithheld	#79	2023-10-15	2023-10-15
GAP	globex_equity_index	NormalWeekPhaseWithheld	#79	2023-10-22	2023-10-22
GAP	globex_equity_index	NormalWeekPhaseWithheld	#79	2023-10-29	2023-10-29
GAP	globex_equity_index	NormalWeekPhaseWithheld	#79	2023-11-05	2023-11-05
GAP	globex_equity_index	NormalWeekPhaseWithheld	#79	2023-11-12	2023-11-12
GAP	globex_equity_index	NormalWeekPhaseWithheld	#79	2023-11-19	2023-11-19
GAP	globex_equity_index	NormalWeekPhaseWithheld	#79	2023-11-26	2023-11-26
GAP	globex_equity_index	NormalWeekPhaseWithheld	#79	2023-12-03	2023-12-03
GAP	globex_equity_index	NormalWeekPhaseWithheld	#79	2023-12-10	2023-12-10
GAP	globex_equity_index	NormalWeekPhaseWithheld	#79	2023-12-17	2023-12-17
GAP	globex_equity_index	NormalWeekPhaseWithheld	#79	2024-01-07	2024-01-07
GAP	globex_equity_index	NormalWeekPhaseWithheld	#79	2024-01-14	2024-01-14
GAP	globex_equity_index	NormalWeekPhaseWithheld	#79	2024-01-21	2024-01-21
GAP	globex_equity_index	NormalWeekPhaseWithheld	#79	2024-01-28	2024-01-28
GAP	globex_equity_index	NormalWeekPhaseWithheld	#79	2024-02-04	2024-02-04
GAP	globex_equity_index	NormalWeekPhaseWithheld	#79	2024-02-11	2024-02-11
GAP	globex_equity_index	NormalWeekPhaseWithheld	#79	2024-02-18	2024-02-18
GAP	globex_equity_index	NormalWeekPhaseWithheld	#79	2024-02-25	2024-02-25
GAP	globex_equity_index	NormalWeekPhaseWithheld	#79	2024-03-03	2024-03-03
GAP	globex_equity_index	NormalWeekPhaseWithheld	#79	2024-03-10	2024-03-10
GAP	globex_equity_index	NormalWeekPhaseWithheld	#79	2024-03-17	2024-03-17
GAP	globex_equity_index	NormalWeekPhaseWithheld	#79	2024-03-24	2024-03-24
GAP	globex_equity_index	NormalWeekPhaseWithheld	#79	2024-03-31	2024-03-31
GAP	globex_equity_index	NormalWeekPhaseWithheld	#79	2024-04-07	2024-04-07
GAP	globex_equity_index	NormalWeekPhaseWithheld	#79	2024-04-14	2024-04-14
GAP	globex_equity_index	NormalWeekPhaseWithheld	#79	2024-04-21	2024-04-21
GAP	globex_equity_index	NormalWeekPhaseWithheld	#79	2024-04-28	2024-04-28
GAP	globex_equity_index	NormalWeekPhaseWithheld	#79	2024-05-05	2024-05-05
GAP	globex_equity_index	NormalWeekPhaseWithheld	#79	2024-05-12	2024-05-12
GAP	globex_equity_index	NormalWeekPhaseWithheld	#79	2024-05-19	2024-05-19
GAP	globex_equity_index	NormalWeekPhaseWithheld	#79	2024-05-26	2024-05-26
GAP	globex_equity_index	NormalWeekPhaseWithheld	#79	2024-06-02	2024-06-02
GAP	globex_equity_index	NormalWeekPhaseWithheld	#79	2024-06-09	2024-06-09
GAP	globex_equity_index	NormalWeekPhaseWithheld	#79	2024-06-16	2024-06-16
GAP	globex_equity_index	NormalWeekPhaseWithheld	#79	2024-06-23	2024-06-23
GAP	globex_equity_index	NormalWeekPhaseWithheld	#79	2024-06-30	2024-06-30
GAP	globex_equity_index	NormalWeekPhaseWithheld	#79	2024-07-07	2024-07-07
GAP	globex_equity_index	NormalWeekPhaseWithheld	#79	2024-07-14	2024-07-14
GAP	globex_equity_index	NormalWeekPhaseWithheld	#79	2024-07-21	2024-07-21
GAP	globex_equity_index	NormalWeekPhaseWithheld	#79	2024-07-28	2024-07-28
GAP	globex_equity_index	NormalWeekPhaseWithheld	#79	2024-08-04	2024-08-04
GAP	globex_equity_index	NormalWeekPhaseWithheld	#79	2024-08-11	2024-08-11
GAP	globex_equity_index	NormalWeekPhaseWithheld	#79	2024-08-18	2024-08-18
GAP	globex_equity_index	NormalWeekPhaseWithheld	#79	2024-08-25	2024-08-25
GAP	globex_equity_index	NormalWeekPhaseWithheld	#79	2024-09-01	2024-09-01
GAP	globex_equity_index	NormalWeekPhaseWithheld	#79	2024-09-08	2024-09-08
GAP	globex_equity_index	NormalWeekPhaseWithheld	#79	2024-09-15	2024-09-15
GAP	globex_equity_index	NormalWeekPhaseWithheld	#79	2024-09-22	2024-09-22
GAP	globex_equity_index	NormalWeekPhaseWithheld	#79	2024-09-29	2024-09-29
GAP	globex_equity_index	NormalWeekPhaseWithheld	#79	2024-10-06	2024-10-06
GAP	globex_equity_index	NormalWeekPhaseWithheld	#79	2024-10-13	2024-10-13
GAP	globex_equity_index	NormalWeekPhaseWithheld	#79	2024-10-20	2024-10-20
GAP	globex_equity_index	NormalWeekPhaseWithheld	#79	2024-10-27	2024-10-27
GAP	globex_equity_index	NormalWeekPhaseWithheld	#79	2024-11-03	2024-11-03
GAP	globex_equity_index	NormalWeekPhaseWithheld	#79	2024-11-10	2024-11-10
GAP	globex_equity_index	NormalWeekPhaseWithheld	#79	2024-11-17	2024-11-17
GAP	globex_equity_index	NormalWeekPhaseWithheld	#79	2024-11-24	2024-11-24
GAP	globex_equity_index	NormalWeekPhaseWithheld	#79	2024-12-01	2024-12-01
GAP	globex_equity_index	NormalWeekPhaseWithheld	#79	2024-12-08	2024-12-08
GAP	globex_equity_index	NormalWeekPhaseWithheld	#79	2024-12-15	2024-12-15
GAP	globex_equity_index	NormalWeekPhaseWithheld	#79	2024-12-22	2024-12-22
GAP	globex_equity_index	NormalWeekPhaseWithheld	#79	2024-12-29	2024-12-29
GAP	globex_equity_index	NormalWeekPhaseWithheld	#79	2025-01-05	2025-01-05
GAP	globex_equity_index	NormalWeekPhaseWithheld	#79	2025-01-12	2025-01-12
GAP	globex_equity_index	NormalWeekPhaseWithheld	#79	2025-01-19	2025-01-19
GAP	globex_equity_index	NormalWeekPhaseWithheld	#79	2025-01-26	2025-01-26
GAP	globex_equity_index	NormalWeekPhaseWithheld	#79	2025-02-02	2025-02-02
GAP	globex_equity_index	NormalWeekPhaseWithheld	#79	2025-02-09	2025-02-09
GAP	globex_equity_index	NormalWeekPhaseWithheld	#79	2025-02-16	2025-02-16
GAP	globex_equity_index	NormalWeekPhaseWithheld	#79	2025-02-23	2025-02-23
GAP	globex_equity_index	NormalWeekPhaseWithheld	#79	2025-03-02	2025-03-02
GAP	globex_equity_index	NormalWeekPhaseWithheld	#79	2025-03-09	2025-03-09
GAP	globex_equity_index	NormalWeekPhaseWithheld	#79	2025-03-16	2025-03-16
GAP	globex_equity_index	NormalWeekPhaseWithheld	#79	2025-03-23	2025-03-23
GAP	globex_equity_index	NormalWeekPhaseWithheld	#79	2025-03-30	2025-03-30
GAP	globex_equity_index	NormalWeekPhaseWithheld	#79	2025-04-06	2025-04-06
GAP	globex_equity_index	NormalWeekPhaseWithheld	#79	2025-04-13	2025-04-13
GAP	globex_equity_index	NormalWeekPhaseWithheld	#79	2025-04-20	2025-04-20
GAP	globex_equity_index	NormalWeekPhaseWithheld	#79	2025-04-27	2025-04-27
GAP	globex_equity_index	NormalWeekPhaseWithheld	#79	2025-05-04	2025-05-04
GAP	globex_equity_index	NormalWeekPhaseWithheld	#79	2025-05-11	2025-05-11
GAP	globex_equity_index	NormalWeekPhaseWithheld	#79	2025-05-18	2025-05-18
GAP	globex_equity_index	NormalWeekPhaseWithheld	#79	2025-05-25	2025-05-25
GAP	globex_equity_index	NormalWeekPhaseWithheld	#79	2025-06-01	2025-06-01
GAP	globex_equity_index	NormalWeekPhaseWithheld	#79	2025-06-08	2025-06-08
GAP	globex_equity_index	NormalWeekPhaseWithheld	#79	2025-06-15	2025-06-15
GAP	globex_equity_index	NormalWeekPhaseWithheld	#79	2025-06-22	2025-06-22
GAP	globex_equity_index	NormalWeekPhaseWithheld	#79	2025-06-29	2025-06-29
GAP	globex_equity_index	NormalWeekPhaseWithheld	#79	2025-07-06	2025-07-06
GAP	globex_equity_index	NormalWeekPhaseWithheld	#79	2025-07-13	2025-07-13
GAP	globex_equity_index	NormalWeekPhaseWithheld	#79	2025-07-20	2025-07-20
GAP	globex_equity_index	NormalWeekPhaseWithheld	#79	2025-07-27	2025-07-27
GAP	globex_equity_index	NormalWeekPhaseWithheld	#79	2025-08-03	2025-08-03
GAP	globex_equity_index	NormalWeekPhaseWithheld	#79	2025-08-10	2025-08-10
GAP	globex_equity_index	NormalWeekPhaseWithheld	#79	2025-08-17	2025-08-17
GAP	globex_equity_index	NormalWeekPhaseWithheld	#79	2025-08-24	2025-08-24
GAP	globex_equity_index	NormalWeekPhaseWithheld	#79	2025-08-31	2025-08-31
GAP	globex_equity_index	NormalWeekPhaseWithheld	#79	2025-09-07	2025-09-07
GAP	globex_equity_index	NormalWeekPhaseWithheld	#79	2025-09-14	2025-09-14
GAP	globex_equity_index	NormalWeekPhaseWithheld	#79	2025-09-21	2025-09-21
GAP	globex_equity_index	NormalWeekPhaseWithheld	#79	2025-09-28	2025-09-28
GAP	globex_equity_index	NormalWeekPhaseWithheld	#79	2025-10-05	2025-10-05
GAP	globex_equity_index	NormalWeekPhaseWithheld	#79	2025-10-12	2025-10-12
GAP	globex_equity_index	NormalWeekPhaseWithheld	#79	2025-10-19	2025-10-19
GAP	globex_equity_index	NormalWeekPhaseWithheld	#79	2025-10-26	2025-10-26
GAP	globex_equity_index	NormalWeekPhaseWithheld	#79	2025-11-02	2025-11-02
GAP	globex_equity_index	NormalWeekPhaseWithheld	#79	2025-11-09	2025-11-09
GAP	globex_equity_index	NormalWeekPhaseWithheld	#79	2025-11-16	2025-11-16
GAP	globex_equity_index	NormalWeekPhaseWithheld	#79	2025-11-23	2025-11-23
GAP	globex_equity_index	NormalWeekPhaseWithheld	#79	2025-11-30	2025-11-30
GAP	globex_equity_index	NormalWeekPhaseWithheld	#79	2025-12-07	2025-12-07
GAP	globex_equity_index	NormalWeekPhaseWithheld	#79	2025-12-14	2025-12-14
GAP	globex_equity_index	NormalWeekPhaseWithheld	#79	2025-12-21	2025-12-21
GAP	globex_equity_index	NormalWeekPhaseWithheld	#79	2025-12-28	2025-12-28
GAP	globex_equity_index	NormalWeekPhaseWithheld	#79	2026-01-04	2026-01-04
GAP	globex_equity_index	NormalWeekPhaseWithheld	#79	2026-01-11	2026-01-11
GAP	globex_equity_index	NormalWeekPhaseWithheld	#79	2026-01-18	2026-01-18
GAP	globex_equity_index	NormalWeekPhaseWithheld	#79	2026-01-25	2026-01-25
GAP	globex_equity_index	NormalWeekPhaseWithheld	#79	2026-02-01	2026-02-01
GAP	globex_equity_index	NormalWeekPhaseWithheld	#79	2026-02-08	2026-02-08
GAP	globex_equity_index	NormalWeekPhaseWithheld	#79	2026-02-15	2026-02-15
GAP	globex_equity_index	NormalWeekPhaseWithheld	#79	2026-02-22	2026-02-22
GAP	globex_equity_index	NormalWeekPhaseWithheld	#79	2026-03-01	2026-03-01
GAP	globex_equity_index	NormalWeekPhaseWithheld	#79	2026-03-08	2026-03-08
GAP	globex_equity_index	NormalWeekPhaseWithheld	#79	2026-03-15	2026-03-15
GAP	globex_equity_index	NormalWeekPhaseWithheld	#79	2026-03-22	2026-03-22
GAP	globex_equity_index	NormalWeekPhaseWithheld	#79	2026-03-29	2026-03-29
GAP	globex_equity_index	NormalWeekPhaseWithheld	#79	2026-04-05	2026-04-05
GAP	globex_equity_index	NormalWeekPhaseWithheld	#79	2026-04-12	2026-04-12
GAP	globex_equity_index	NormalWeekPhaseWithheld	#79	2026-04-19	2026-04-19
GAP	globex_equity_index	NormalWeekPhaseWithheld	#79	2026-04-26	2026-04-26
GAP	globex_equity_index	NormalWeekPhaseWithheld	#79	2026-05-03	2026-05-03
GAP	globex_equity_index	NormalWeekPhaseWithheld	#79	2026-05-10	2026-05-10
GAP	globex_equity_index	NormalWeekPhaseWithheld	#79	2026-05-17	2026-05-17
GAP	globex_equity_index	NormalWeekPhaseWithheld	#79	2026-05-24	2026-05-24
GAP	globex_equity_index	NormalWeekPhaseWithheld	#79	2026-05-31	2026-05-31
GAP	globex_equity_index	NormalWeekPhaseWithheld	#79	2026-06-07	2026-06-07
GAP	globex_equity_index	NormalWeekPhaseWithheld	#79	2026-06-14	2026-06-14
GAP	globex_equity_index	NormalWeekPhaseWithheld	#79	2026-06-28	2026-06-28
GAP	globex_equity_index	NormalWeekPhaseWithheld	#79	2026-07-12	2026-07-12
GAP	globex_equity_index	NormalWeekPhaseWithheld	#79	2026-07-19	2026-07-19
GAP	globex_equity_index	NormalWeekPhaseWithheld	#79	2026-07-26	2026-07-26
GAP	globex_equity_index	NormalWeekPhaseWithheld	#79	2026-08-02	2026-08-02
GAP	globex_equity_index	NormalWeekPhaseWithheld	#79	2026-08-09	2026-08-09
GAP	globex_equity_index	NormalWeekPhaseWithheld	#79	2026-08-16	2026-08-16
GAP	globex_equity_index	ResolutionEdge	-	2027-12-31	2027-12-31
GAP	globex_equity_index	NoHolidayCoverage	-	2028-01-01	open
GAP	globex_energy	NormalWeekCarried	-	2010-01-01	2012-05-10
GAP	globex_energy	ResolutionEdge	-	2012-05-11	2012-05-12
GAP	globex_energy	NormalWeekPhaseWithheld	#79	2012-06-03	2012-06-03
GAP	globex_energy	NormalWeekPhaseWithheld	#79	2012-06-10	2012-06-10
GAP	globex_energy	NormalWeekPhaseWithheld	#79	2012-06-17	2012-06-17
GAP	globex_energy	NormalWeekPhaseWithheld	#79	2012-06-24	2012-06-24
GAP	globex_energy	NormalWeekPhaseWithheld	#79	2012-07-01	2012-07-01
GAP	globex_energy	NormalWeekPhaseWithheld	#79	2012-07-08	2012-07-08
GAP	globex_energy	NormalWeekPhaseWithheld	#79	2012-07-15	2012-07-15
GAP	globex_energy	NormalWeekPhaseWithheld	#79	2012-07-22	2012-07-22
GAP	globex_energy	NormalWeekPhaseWithheld	#79	2012-07-29	2012-07-29
GAP	globex_energy	NormalWeekPhaseWithheld	#79	2012-08-05	2012-08-05
GAP	globex_energy	NormalWeekPhaseWithheld	#79	2012-08-12	2012-08-12
GAP	globex_energy	NormalWeekPhaseWithheld	#79	2012-08-19	2012-08-19
GAP	globex_energy	NormalWeekPhaseWithheld	#79	2012-08-26	2012-08-26
GAP	globex_energy	NormalWeekPhaseWithheld	#79	2012-09-02	2012-09-02
GAP	globex_energy	NormalWeekPhaseWithheld	#79	2012-09-09	2012-09-09
GAP	globex_energy	NormalWeekPhaseWithheld	#79	2012-09-16	2012-09-16
GAP	globex_energy	NormalWeekPhaseWithheld	#79	2012-09-23	2012-09-23
GAP	globex_energy	NormalWeekPhaseWithheld	#79	2012-09-30	2012-09-30
GAP	globex_energy	NormalWeekPhaseWithheld	#79	2012-10-07	2012-10-07
GAP	globex_energy	NormalWeekPhaseWithheld	#79	2012-10-14	2012-10-14
GAP	globex_energy	NormalWeekPhaseWithheld	#79	2012-10-21	2012-10-21
GAP	globex_energy	NormalWeekPhaseWithheld	#79	2012-10-28	2012-10-28
GAP	globex_energy	NormalWeekPhaseWithheld	#79	2012-11-04	2012-11-04
GAP	globex_energy	NormalWeekPhaseWithheld	#79	2012-11-11	2012-11-11
GAP	globex_energy	NormalWeekPhaseWithheld	#79	2012-11-18	2012-11-18
GAP	globex_energy	NormalWeekPhaseWithheld	#79	2012-11-25	2012-11-25
GAP	globex_energy	NormalWeekPhaseWithheld	#79	2012-12-02	2012-12-02
GAP	globex_energy	NormalWeekPhaseWithheld	#79	2012-12-09	2012-12-09
GAP	globex_energy	NormalWeekPhaseWithheld	#79	2012-12-16	2012-12-16
GAP	globex_energy	NormalWeekPhaseWithheld	#79	2012-12-23	2012-12-23
GAP	globex_energy	NormalWeekPhaseWithheld	#79	2012-12-30	2012-12-30
GAP	globex_energy	NormalWeekPhaseWithheld	#79	2013-01-06	2013-01-06
GAP	globex_energy	NormalWeekPhaseWithheld	#79	2013-01-13	2013-01-13
GAP	globex_energy	NormalWeekPhaseWithheld	#79	2013-01-20	2013-01-20
GAP	globex_energy	NormalWeekPhaseWithheld	#79	2013-01-27	2013-01-27
GAP	globex_energy	NormalWeekPhaseWithheld	#79	2013-02-03	2013-02-03
GAP	globex_energy	NormalWeekPhaseWithheld	#79	2013-02-10	2013-02-10
GAP	globex_energy	NormalWeekPhaseWithheld	#79	2013-02-17	2013-02-17
GAP	globex_energy	NormalWeekPhaseWithheld	#79	2013-02-24	2013-02-24
GAP	globex_energy	NormalWeekPhaseWithheld	#79	2013-03-03	2013-03-03
GAP	globex_energy	NormalWeekPhaseWithheld	#79	2013-03-10	2013-03-10
GAP	globex_energy	NormalWeekPhaseWithheld	#79	2013-03-17	2013-03-17
GAP	globex_energy	NormalWeekPhaseWithheld	#79	2013-03-24	2013-03-24
GAP	globex_energy	NormalWeekPhaseWithheld	#79	2013-03-31	2013-03-31
GAP	globex_energy	NormalWeekPhaseWithheld	#79	2013-04-07	2013-04-07
GAP	globex_energy	NormalWeekPhaseWithheld	#79	2013-04-14	2013-04-14
GAP	globex_energy	NormalWeekPhaseWithheld	#79	2013-04-21	2013-04-21
GAP	globex_energy	NormalWeekPhaseWithheld	#79	2013-04-28	2013-04-28
GAP	globex_energy	NormalWeekPhaseWithheld	#79	2013-05-05	2013-05-05
GAP	globex_energy	NormalWeekPhaseWithheld	#79	2013-05-12	2013-05-12
GAP	globex_energy	NormalWeekPhaseWithheld	#79	2013-05-19	2013-05-19
GAP	globex_energy	NormalWeekPhaseWithheld	#79	2013-05-26	2013-05-26
GAP	globex_energy	NormalWeekPhaseWithheld	#79	2013-06-02	2013-06-02
GAP	globex_energy	NormalWeekPhaseWithheld	#79	2013-06-09	2013-06-09
GAP	globex_energy	NormalWeekPhaseWithheld	#79	2013-06-16	2013-06-16
GAP	globex_energy	NormalWeekPhaseWithheld	#79	2013-06-23	2013-06-23
GAP	globex_energy	NormalWeekPhaseWithheld	#79	2013-06-30	2013-06-30
GAP	globex_energy	NormalWeekPhaseWithheld	#79	2013-07-07	2013-07-07
GAP	globex_energy	NormalWeekPhaseWithheld	#79	2013-07-14	2013-07-14
GAP	globex_energy	NormalWeekPhaseWithheld	#79	2013-07-21	2013-07-21
GAP	globex_energy	NormalWeekPhaseWithheld	#79	2013-07-28	2013-07-28
GAP	globex_energy	NormalWeekPhaseWithheld	#79	2013-08-04	2013-08-04
GAP	globex_energy	NormalWeekPhaseWithheld	#79	2013-08-11	2013-08-11
GAP	globex_energy	NormalWeekPhaseWithheld	#79	2013-08-18	2013-08-18
GAP	globex_energy	NormalWeekPhaseWithheld	#79	2013-08-25	2013-08-25
GAP	globex_energy	NormalWeekPhaseWithheld	#79	2013-09-01	2013-09-01
GAP	globex_energy	NormalWeekPhaseWithheld	#79	2013-09-08	2013-09-08
GAP	globex_energy	NormalWeekPhaseWithheld	#79	2013-09-15	2013-09-15
GAP	globex_energy	NormalWeekPhaseWithheld	#79	2013-09-22	2013-09-22
GAP	globex_energy	NormalWeekPhaseWithheld	#79	2013-09-29	2013-09-29
GAP	globex_energy	NormalWeekPhaseWithheld	#79	2013-10-06	2013-10-06
GAP	globex_energy	NormalWeekPhaseWithheld	#79	2013-10-13	2013-10-13
GAP	globex_energy	NormalWeekPhaseWithheld	#79	2013-10-20	2013-10-20
GAP	globex_energy	NormalWeekPhaseWithheld	#79	2013-10-27	2013-10-27
GAP	globex_energy	NormalWeekPhaseWithheld	#79	2013-11-03	2013-11-03
GAP	globex_energy	NormalWeekPhaseWithheld	#79	2013-11-10	2013-11-10
GAP	globex_energy	NormalWeekPhaseWithheld	#79	2013-11-17	2013-11-17
GAP	globex_energy	NormalWeekPhaseWithheld	#79	2013-11-24	2013-11-24
GAP	globex_energy	NormalWeekPhaseWithheld	#79	2013-12-01	2013-12-01
GAP	globex_energy	NormalWeekPhaseWithheld	#79	2013-12-08	2013-12-08
GAP	globex_energy	NormalWeekPhaseWithheld	#79	2013-12-15	2013-12-15
GAP	globex_energy	NormalWeekPhaseWithheld	#79	2013-12-22	2013-12-22
GAP	globex_energy	NormalWeekPhaseWithheld	#79	2013-12-29	2013-12-29
GAP	globex_energy	NormalWeekPhaseWithheld	#79	2014-01-05	2014-01-05
GAP	globex_energy	NormalWeekPhaseWithheld	#79	2014-01-12	2014-01-12
GAP	globex_energy	NormalWeekPhaseWithheld	#79	2014-01-19	2014-01-19
GAP	globex_energy	NormalWeekPhaseWithheld	#79	2014-01-26	2014-01-26
GAP	globex_energy	NormalWeekPhaseWithheld	#79	2014-02-02	2014-02-02
GAP	globex_energy	NormalWeekPhaseWithheld	#79	2014-02-09	2014-02-09
GAP	globex_energy	NormalWeekPhaseWithheld	#79	2014-02-16	2014-02-16
GAP	globex_energy	NormalWeekPhaseWithheld	#79	2014-02-23	2014-02-23
GAP	globex_energy	NormalWeekPhaseWithheld	#79	2014-03-02	2014-03-02
GAP	globex_energy	NormalWeekPhaseWithheld	#79	2014-03-09	2014-03-09
GAP	globex_energy	NormalWeekPhaseWithheld	#79	2014-03-16	2014-03-16
GAP	globex_energy	NormalWeekPhaseWithheld	#79	2014-03-23	2014-03-23
GAP	globex_energy	NormalWeekPhaseWithheld	#79	2014-03-30	2014-03-30
GAP	globex_energy	NormalWeekPhaseWithheld	#79	2014-04-06	2014-04-06
GAP	globex_energy	NormalWeekPhaseWithheld	#79	2014-04-13	2014-04-13
GAP	globex_energy	NormalWeekPhaseWithheld	#79	2014-04-20	2014-04-20
GAP	globex_energy	NormalWeekPhaseWithheld	#79	2014-04-27	2014-04-27
GAP	globex_energy	NormalWeekPhaseWithheld	#79	2014-05-04	2014-05-04
GAP	globex_energy	NormalWeekPhaseWithheld	#79	2014-05-11	2014-05-11
GAP	globex_energy	NormalWeekPhaseWithheld	#79	2014-05-18	2014-05-18
GAP	globex_energy	NormalWeekPhaseWithheld	#79	2014-05-25	2014-05-25
GAP	globex_energy	NormalWeekPhaseWithheld	#79	2014-06-01	2014-06-01
GAP	globex_energy	NormalWeekPhaseWithheld	#79	2014-06-08	2014-06-08
GAP	globex_energy	NormalWeekPhaseWithheld	#79	2014-06-15	2014-06-15
GAP	globex_energy	NormalWeekPhaseWithheld	#79	2014-06-22	2014-06-22
GAP	globex_energy	NormalWeekPhaseWithheld	#79	2014-06-29	2014-06-29
GAP	globex_energy	NormalWeekPhaseWithheld	#79	2014-07-06	2014-07-06
GAP	globex_energy	NormalWeekPhaseWithheld	#79	2014-07-13	2014-07-13
GAP	globex_energy	NormalWeekPhaseWithheld	#79	2014-07-20	2014-07-20
GAP	globex_energy	NormalWeekPhaseWithheld	#79	2014-07-27	2014-07-27
GAP	globex_energy	NormalWeekPhaseWithheld	#79	2014-08-03	2014-08-03
GAP	globex_energy	NormalWeekPhaseWithheld	#79	2014-08-10	2014-08-10
GAP	globex_energy	NormalWeekPhaseWithheld	#79	2014-08-17	2014-08-17
GAP	globex_energy	NormalWeekPhaseWithheld	#79	2014-08-24	2014-08-24
GAP	globex_energy	NormalWeekPhaseWithheld	#79	2014-08-31	2014-08-31
GAP	globex_energy	NormalWeekPhaseWithheld	#79	2014-09-07	2014-09-07
GAP	globex_energy	NormalWeekPhaseWithheld	#79	2014-09-14	2014-09-14
GAP	globex_energy	NormalWeekPhaseWithheld	#79	2014-09-21	2014-09-21
GAP	globex_energy	NormalWeekPhaseWithheld	#79	2014-09-28	2014-09-28
GAP	globex_energy	NormalWeekPhaseWithheld	#79	2014-10-05	2014-10-05
GAP	globex_energy	NormalWeekPhaseWithheld	#79	2014-10-12	2014-10-12
GAP	globex_energy	NormalWeekPhaseWithheld	#79	2014-10-19	2014-10-19
GAP	globex_energy	NormalWeekPhaseWithheld	#79	2014-10-26	2014-10-26
GAP	globex_energy	NormalWeekPhaseWithheld	#79	2014-11-02	2014-11-02
GAP	globex_energy	NormalWeekPhaseWithheld	#79	2014-11-09	2014-11-09
GAP	globex_energy	NormalWeekPhaseWithheld	#79	2014-11-16	2014-11-16
GAP	globex_energy	NormalWeekPhaseWithheld	#79	2014-11-23	2014-11-23
GAP	globex_energy	NormalWeekPhaseWithheld	#79	2014-11-30	2014-11-30
GAP	globex_energy	NormalWeekPhaseWithheld	#79	2014-12-07	2014-12-07
GAP	globex_energy	NormalWeekPhaseWithheld	#79	2014-12-14	2014-12-14
GAP	globex_energy	NormalWeekPhaseWithheld	#79	2014-12-21	2014-12-21
GAP	globex_energy	NormalWeekPhaseWithheld	#79	2014-12-28	2014-12-28
GAP	globex_energy	NormalWeekPhaseWithheld	#79	2015-01-04	2015-01-04
GAP	globex_energy	NormalWeekPhaseWithheld	#79	2015-01-11	2015-01-11
GAP	globex_energy	NormalWeekPhaseWithheld	#79	2015-01-18	2015-01-18
GAP	globex_energy	NormalWeekPhaseWithheld	#79	2015-01-25	2015-01-25
GAP	globex_energy	NormalWeekPhaseWithheld	#79	2015-02-01	2015-02-01
GAP	globex_energy	NormalWeekPhaseWithheld	#79	2015-02-08	2015-02-08
GAP	globex_energy	NormalWeekPhaseWithheld	#79	2015-02-15	2015-02-15
GAP	globex_energy	NormalWeekPhaseWithheld	#79	2015-02-22	2015-02-22
GAP	globex_energy	NormalWeekPhaseWithheld	#79	2015-03-01	2015-03-01
GAP	globex_energy	NormalWeekPhaseWithheld	#79	2015-03-08	2015-03-08
GAP	globex_energy	NormalWeekPhaseWithheld	#79	2015-03-15	2015-03-15
GAP	globex_energy	NormalWeekPhaseWithheld	#79	2015-03-22	2015-03-22
GAP	globex_energy	NormalWeekPhaseWithheld	#79	2015-03-29	2015-03-29
GAP	globex_energy	NormalWeekPhaseWithheld	#79	2015-04-05	2015-04-05
GAP	globex_energy	NormalWeekPhaseWithheld	#79	2015-04-12	2015-04-12
GAP	globex_energy	NormalWeekPhaseWithheld	#79	2015-04-19	2015-04-19
GAP	globex_energy	NormalWeekPhaseWithheld	#79	2015-04-26	2015-04-26
GAP	globex_energy	NormalWeekPhaseWithheld	#79	2015-05-03	2015-05-03
GAP	globex_energy	NormalWeekPhaseWithheld	#79	2015-05-10	2015-05-10
GAP	globex_energy	NormalWeekPhaseWithheld	#79	2015-05-17	2015-05-17
GAP	globex_energy	NormalWeekPhaseWithheld	#79	2015-05-24	2015-05-24
GAP	globex_energy	NormalWeekPhaseWithheld	#79	2015-05-31	2015-05-31
GAP	globex_energy	NormalWeekPhaseWithheld	#79	2015-06-07	2015-06-07
GAP	globex_energy	NormalWeekPhaseWithheld	#79	2015-06-14	2015-06-14
GAP	globex_energy	NormalWeekPhaseWithheld	#79	2015-06-21	2015-06-21
GAP	globex_energy	NormalWeekPhaseWithheld	#79	2015-06-28	2015-06-28
GAP	globex_energy	NormalWeekPhaseWithheld	#79	2015-07-05	2015-07-05
GAP	globex_energy	NormalWeekPhaseWithheld	#79	2015-07-12	2015-07-12
GAP	globex_energy	NormalWeekPhaseWithheld	#79	2015-07-19	2015-07-19
GAP	globex_energy	NormalWeekPhaseWithheld	#79	2015-07-26	2015-07-26
GAP	globex_energy	NormalWeekPhaseWithheld	#79	2015-08-02	2015-08-02
GAP	globex_energy	NormalWeekPhaseWithheld	#79	2015-08-09	2015-08-09
GAP	globex_energy	NormalWeekPhaseWithheld	#79	2015-08-16	2015-08-16
GAP	globex_energy	NormalWeekPhaseWithheld	#79	2015-08-23	2015-08-23
GAP	globex_energy	NormalWeekPhaseWithheld	#79	2015-08-30	2015-08-30
GAP	globex_energy	NormalWeekPhaseWithheld	#79	2015-09-06	2015-09-06
GAP	globex_energy	NormalWeekPhaseWithheld	#79	2015-09-13	2015-09-13
GAP	globex_energy	NormalWeekPhaseWithheld	#79	2015-09-20	2015-09-20
GAP	globex_energy	NormalWeekPhaseWithheld	#79	2015-09-27	2015-09-27
GAP	globex_energy	NormalWeekPhaseWithheld	#79	2015-10-04	2015-10-04
GAP	globex_energy	NormalWeekPhaseWithheld	#79	2015-10-11	2015-10-11
GAP	globex_energy	NormalWeekPhaseWithheld	#79	2015-10-18	2015-10-18
GAP	globex_energy	NormalWeekPhaseWithheld	#79	2015-10-25	2015-10-25
GAP	globex_energy	NormalWeekPhaseWithheld	#79	2015-11-01	2015-11-01
GAP	globex_energy	NormalWeekPhaseWithheld	#79	2015-11-08	2015-11-08
GAP	globex_energy	NormalWeekPhaseWithheld	#79	2015-11-15	2015-11-15
GAP	globex_energy	NormalWeekPhaseWithheld	#79	2015-11-22	2015-11-22
GAP	globex_energy	NormalWeekPhaseWithheld	#79	2015-11-29	2015-11-29
GAP	globex_energy	NormalWeekPhaseWithheld	#79	2015-12-06	2015-12-06
GAP	globex_energy	NormalWeekPhaseWithheld	#79	2015-12-13	2015-12-13
GAP	globex_energy	NormalWeekPhaseWithheld	#79	2015-12-20	2015-12-20
GAP	globex_energy	NormalWeekPhaseWithheld	#79	2015-12-27	2015-12-27
GAP	globex_energy	NormalWeekPhaseWithheld	#79	2016-01-03	2016-01-03
GAP	globex_energy	NormalWeekPhaseWithheld	#79	2016-01-10	2016-01-10
GAP	globex_energy	NormalWeekPhaseWithheld	#79	2016-01-17	2016-01-17
GAP	globex_energy	NormalWeekPhaseWithheld	#79	2016-01-24	2016-01-24
GAP	globex_energy	NormalWeekPhaseWithheld	#79	2016-01-31	2016-01-31
GAP	globex_energy	NormalWeekPhaseWithheld	#79	2016-02-07	2016-02-07
GAP	globex_energy	NormalWeekPhaseWithheld	#79	2016-02-14	2016-02-14
GAP	globex_energy	NormalWeekPhaseWithheld	#79	2016-02-21	2016-02-21
GAP	globex_energy	NormalWeekPhaseWithheld	#79	2016-02-28	2016-02-28
GAP	globex_energy	NormalWeekPhaseWithheld	#79	2016-03-06	2016-03-06
GAP	globex_energy	NormalWeekPhaseWithheld	#79	2016-03-13	2016-03-13
GAP	globex_energy	NormalWeekPhaseWithheld	#79	2016-03-20	2016-03-20
GAP	globex_energy	NormalWeekPhaseWithheld	#79	2016-03-27	2016-03-27
GAP	globex_energy	NormalWeekPhaseWithheld	#79	2016-04-03	2016-04-03
GAP	globex_energy	NormalWeekPhaseWithheld	#79	2016-04-10	2016-04-10
GAP	globex_energy	NormalWeekPhaseWithheld	#79	2016-04-17	2016-04-17
GAP	globex_energy	NormalWeekPhaseWithheld	#79	2016-04-24	2016-04-24
GAP	globex_energy	NormalWeekPhaseWithheld	#79	2016-05-01	2016-05-01
GAP	globex_energy	NormalWeekPhaseWithheld	#79	2016-05-08	2016-05-08
GAP	globex_energy	NormalWeekPhaseWithheld	#79	2016-05-15	2016-05-15
GAP	globex_energy	NormalWeekPhaseWithheld	#79	2016-05-22	2016-05-22
GAP	globex_energy	NormalWeekPhaseWithheld	#79	2016-05-29	2016-05-29
GAP	globex_energy	NormalWeekPhaseWithheld	#79	2016-06-05	2016-06-05
GAP	globex_energy	NormalWeekPhaseWithheld	#79	2016-06-12	2016-06-12
GAP	globex_energy	NormalWeekPhaseWithheld	#79	2016-06-19	2016-06-19
GAP	globex_energy	NormalWeekPhaseWithheld	#79	2016-06-26	2016-06-26
GAP	globex_energy	NormalWeekPhaseWithheld	#79	2016-07-03	2016-07-03
GAP	globex_energy	NormalWeekPhaseWithheld	#79	2016-07-10	2016-07-10
GAP	globex_energy	NormalWeekPhaseWithheld	#79	2016-07-17	2016-07-17
GAP	globex_energy	NormalWeekPhaseWithheld	#79	2016-07-24	2016-07-24
GAP	globex_energy	NormalWeekPhaseWithheld	#79	2016-07-31	2016-07-31
GAP	globex_energy	NormalWeekPhaseWithheld	#79	2016-08-07	2016-08-07
GAP	globex_energy	NormalWeekPhaseWithheld	#79	2016-08-14	2016-08-14
GAP	globex_energy	NormalWeekPhaseWithheld	#79	2016-08-21	2016-08-21
GAP	globex_energy	NormalWeekPhaseWithheld	#79	2016-08-28	2016-08-28
GAP	globex_energy	NormalWeekPhaseWithheld	#79	2016-09-04	2016-09-04
GAP	globex_energy	NormalWeekPhaseWithheld	#79	2016-09-11	2016-09-11
GAP	globex_energy	NormalWeekPhaseWithheld	#79	2016-09-18	2016-09-18
GAP	globex_energy	NormalWeekPhaseWithheld	#79	2016-09-25	2016-09-25
GAP	globex_energy	NormalWeekPhaseWithheld	#79	2016-10-02	2016-10-02
GAP	globex_energy	NormalWeekPhaseWithheld	#79	2016-10-09	2016-10-09
GAP	globex_energy	NormalWeekPhaseWithheld	#79	2016-10-16	2016-10-16
GAP	globex_energy	NormalWeekPhaseWithheld	#79	2016-10-23	2016-10-23
GAP	globex_energy	NormalWeekPhaseWithheld	#79	2016-10-30	2016-10-30
GAP	globex_energy	NormalWeekPhaseWithheld	#79	2016-11-06	2016-11-06
GAP	globex_energy	NormalWeekPhaseWithheld	#79	2016-11-13	2016-11-13
GAP	globex_energy	NormalWeekPhaseWithheld	#79	2016-11-20	2016-11-20
GAP	globex_energy	NormalWeekPhaseWithheld	#79	2016-11-27	2016-11-27
GAP	globex_energy	NormalWeekPhaseWithheld	#79	2016-12-04	2016-12-04
GAP	globex_energy	NormalWeekPhaseWithheld	#79	2016-12-11	2016-12-11
GAP	globex_energy	NormalWeekPhaseWithheld	#79	2016-12-18	2016-12-18
GAP	globex_energy	NormalWeekPhaseWithheld	#79	2017-01-08	2017-01-08
GAP	globex_energy	NormalWeekPhaseWithheld	#79	2017-01-15	2017-01-15
GAP	globex_energy	NormalWeekPhaseWithheld	#79	2017-01-22	2017-01-22
GAP	globex_energy	NormalWeekPhaseWithheld	#79	2017-01-29	2017-01-29
GAP	globex_energy	NormalWeekPhaseWithheld	#79	2017-02-05	2017-02-05
GAP	globex_energy	NormalWeekPhaseWithheld	#79	2017-02-12	2017-02-12
GAP	globex_energy	NormalWeekPhaseWithheld	#79	2017-02-19	2017-02-19
GAP	globex_energy	NormalWeekPhaseWithheld	#79	2017-02-26	2017-02-26
GAP	globex_energy	NormalWeekPhaseWithheld	#79	2017-03-05	2017-03-05
GAP	globex_energy	NormalWeekPhaseWithheld	#79	2017-03-12	2017-03-12
GAP	globex_energy	NormalWeekPhaseWithheld	#79	2017-03-19	2017-03-19
GAP	globex_energy	NormalWeekPhaseWithheld	#79	2017-03-26	2017-03-26
GAP	globex_energy	NormalWeekPhaseWithheld	#79	2017-04-02	2017-04-02
GAP	globex_energy	NormalWeekPhaseWithheld	#79	2017-04-09	2017-04-09
GAP	globex_energy	NormalWeekPhaseWithheld	#79	2017-04-16	2017-04-16
GAP	globex_energy	NormalWeekPhaseWithheld	#79	2017-04-23	2017-04-23
GAP	globex_energy	NormalWeekPhaseWithheld	#79	2017-04-30	2017-04-30
GAP	globex_energy	NormalWeekPhaseWithheld	#79	2017-05-07	2017-05-07
GAP	globex_energy	NormalWeekPhaseWithheld	#79	2017-05-14	2017-05-14
GAP	globex_energy	NormalWeekPhaseWithheld	#79	2017-05-21	2017-05-21
GAP	globex_energy	NormalWeekPhaseWithheld	#79	2017-05-28	2017-05-28
GAP	globex_energy	NormalWeekPhaseWithheld	#79	2017-06-04	2017-06-04
GAP	globex_energy	NormalWeekPhaseWithheld	#79	2017-06-11	2017-06-11
GAP	globex_energy	NormalWeekPhaseWithheld	#79	2017-06-18	2017-06-18
GAP	globex_energy	NormalWeekPhaseWithheld	#79	2017-06-25	2017-06-25
GAP	globex_energy	NormalWeekPhaseWithheld	#79	2017-07-02	2017-07-02
GAP	globex_energy	NormalWeekPhaseWithheld	#79	2017-07-09	2017-07-09
GAP	globex_energy	NormalWeekPhaseWithheld	#79	2017-07-16	2017-07-16
GAP	globex_energy	NormalWeekPhaseWithheld	#79	2017-07-23	2017-07-23
GAP	globex_energy	NormalWeekPhaseWithheld	#79	2017-07-30	2017-07-30
GAP	globex_energy	NormalWeekPhaseWithheld	#79	2017-08-06	2017-08-06
GAP	globex_energy	NormalWeekPhaseWithheld	#79	2017-08-13	2017-08-13
GAP	globex_energy	NormalWeekPhaseWithheld	#79	2017-08-20	2017-08-20
GAP	globex_energy	NormalWeekPhaseWithheld	#79	2017-08-27	2017-08-27
GAP	globex_energy	NormalWeekPhaseWithheld	#79	2017-09-03	2017-09-03
GAP	globex_energy	NormalWeekPhaseWithheld	#79	2017-09-10	2017-09-10
GAP	globex_energy	NormalWeekPhaseWithheld	#79	2017-09-17	2017-09-17
GAP	globex_energy	NormalWeekPhaseWithheld	#79	2017-09-24	2017-09-24
GAP	globex_energy	NormalWeekPhaseWithheld	#79	2017-10-01	2017-10-01
GAP	globex_energy	NormalWeekPhaseWithheld	#79	2017-10-08	2017-10-08
GAP	globex_energy	NormalWeekPhaseWithheld	#79	2017-10-15	2017-10-15
GAP	globex_energy	NormalWeekPhaseWithheld	#79	2017-10-22	2017-10-22
GAP	globex_energy	NormalWeekPhaseWithheld	#79	2017-10-29	2017-10-29
GAP	globex_energy	NormalWeekPhaseWithheld	#79	2017-11-05	2017-11-05
GAP	globex_energy	NormalWeekPhaseWithheld	#79	2017-11-12	2017-11-12
GAP	globex_energy	NormalWeekPhaseWithheld	#79	2017-11-19	2017-11-19
GAP	globex_energy	NormalWeekPhaseWithheld	#79	2017-11-26	2017-11-26
GAP	globex_energy	NormalWeekPhaseWithheld	#79	2017-12-03	2017-12-03
GAP	globex_energy	NormalWeekPhaseWithheld	#79	2017-12-10	2017-12-10
GAP	globex_energy	NormalWeekPhaseWithheld	#79	2017-12-17	2017-12-17
GAP	globex_energy	NormalWeekPhaseWithheld	#79	2018-01-07	2018-01-07
GAP	globex_energy	NormalWeekPhaseWithheld	#79	2018-01-14	2018-01-14
GAP	globex_energy	NormalWeekPhaseWithheld	#79	2018-01-21	2018-01-21
GAP	globex_energy	NormalWeekPhaseWithheld	#79	2018-01-28	2018-01-28
GAP	globex_energy	NormalWeekPhaseWithheld	#79	2018-02-04	2018-02-04
GAP	globex_energy	NormalWeekPhaseWithheld	#79	2018-02-11	2018-02-11
GAP	globex_energy	NormalWeekPhaseWithheld	#79	2018-02-18	2018-02-18
GAP	globex_energy	NormalWeekPhaseWithheld	#79	2018-02-25	2018-02-25
GAP	globex_energy	NormalWeekPhaseWithheld	#79	2018-03-04	2018-03-04
GAP	globex_energy	NormalWeekPhaseWithheld	#79	2018-03-11	2018-03-11
GAP	globex_energy	NormalWeekPhaseWithheld	#79	2018-03-18	2018-03-18
GAP	globex_energy	NormalWeekPhaseWithheld	#79	2018-03-25	2018-03-25
GAP	globex_energy	NormalWeekPhaseWithheld	#79	2018-04-01	2018-04-01
GAP	globex_energy	NormalWeekPhaseWithheld	#79	2018-04-08	2018-04-08
GAP	globex_energy	NormalWeekPhaseWithheld	#79	2018-04-15	2018-04-15
GAP	globex_energy	NormalWeekPhaseWithheld	#79	2018-04-22	2018-04-22
GAP	globex_energy	NormalWeekPhaseWithheld	#79	2018-04-29	2018-04-29
GAP	globex_energy	NormalWeekPhaseWithheld	#79	2018-05-06	2018-05-06
GAP	globex_energy	NormalWeekPhaseWithheld	#79	2018-05-13	2018-05-13
GAP	globex_energy	NormalWeekPhaseWithheld	#79	2018-05-20	2018-05-20
GAP	globex_energy	NormalWeekPhaseWithheld	#79	2018-05-27	2018-05-27
GAP	globex_energy	NormalWeekPhaseWithheld	#79	2018-06-03	2018-06-03
GAP	globex_energy	NormalWeekPhaseWithheld	#79	2018-06-10	2018-06-10
GAP	globex_energy	NormalWeekPhaseWithheld	#79	2018-06-17	2018-06-17
GAP	globex_energy	NormalWeekPhaseWithheld	#79	2018-06-24	2018-06-24
GAP	globex_energy	NormalWeekPhaseWithheld	#79	2018-07-01	2018-07-01
GAP	globex_energy	NormalWeekPhaseWithheld	#79	2018-07-08	2018-07-08
GAP	globex_energy	NormalWeekPhaseWithheld	#79	2018-07-15	2018-07-15
GAP	globex_energy	NormalWeekPhaseWithheld	#79	2018-07-22	2018-07-22
GAP	globex_energy	NormalWeekPhaseWithheld	#79	2018-07-29	2018-07-29
GAP	globex_energy	NormalWeekPhaseWithheld	#79	2018-08-05	2018-08-05
GAP	globex_energy	NormalWeekPhaseWithheld	#79	2018-08-12	2018-08-12
GAP	globex_energy	NormalWeekPhaseWithheld	#79	2018-08-19	2018-08-19
GAP	globex_energy	NormalWeekPhaseWithheld	#79	2018-08-26	2018-08-26
GAP	globex_energy	NormalWeekPhaseWithheld	#79	2018-09-02	2018-09-02
GAP	globex_energy	NormalWeekPhaseWithheld	#79	2018-09-09	2018-09-09
GAP	globex_energy	NormalWeekPhaseWithheld	#79	2018-09-16	2018-09-16
GAP	globex_energy	NormalWeekPhaseWithheld	#79	2018-09-23	2018-09-23
GAP	globex_energy	NormalWeekPhaseWithheld	#79	2018-09-30	2018-09-30
GAP	globex_energy	NormalWeekPhaseWithheld	#79	2018-10-07	2018-10-07
GAP	globex_energy	NormalWeekPhaseWithheld	#79	2018-10-14	2018-10-14
GAP	globex_energy	NormalWeekPhaseWithheld	#79	2018-10-21	2018-10-21
GAP	globex_energy	NormalWeekPhaseWithheld	#79	2018-10-28	2018-10-28
GAP	globex_energy	NormalWeekPhaseWithheld	#79	2018-11-04	2018-11-04
GAP	globex_energy	NormalWeekPhaseWithheld	#79	2018-11-11	2018-11-11
GAP	globex_energy	NormalWeekPhaseWithheld	#79	2018-11-18	2018-11-18
GAP	globex_energy	NormalWeekPhaseWithheld	#79	2018-11-25	2018-11-25
GAP	globex_energy	NormalWeekPhaseWithheld	#79	2018-12-02	2018-12-02
GAP	globex_energy	NormalWeekPhaseWithheld	#79	2018-12-09	2018-12-09
GAP	globex_energy	NormalWeekPhaseWithheld	#79	2018-12-16	2018-12-16
GAP	globex_energy	NormalWeekPhaseWithheld	#79	2018-12-23	2018-12-23
GAP	globex_energy	NormalWeekPhaseWithheld	#79	2018-12-30	2018-12-30
GAP	globex_energy	NormalWeekPhaseWithheld	#79	2019-01-06	2019-01-06
GAP	globex_energy	NormalWeekPhaseWithheld	#79	2019-01-13	2019-01-13
GAP	globex_energy	NormalWeekPhaseWithheld	#79	2019-01-20	2019-01-20
GAP	globex_energy	NormalWeekPhaseWithheld	#79	2019-01-27	2019-01-27
GAP	globex_energy	NormalWeekPhaseWithheld	#79	2019-02-03	2019-02-03
GAP	globex_energy	NormalWeekPhaseWithheld	#79	2019-02-10	2019-02-10
GAP	globex_energy	NormalWeekPhaseWithheld	#79	2019-02-17	2019-02-17
GAP	globex_energy	NormalWeekPhaseWithheld	#79	2019-02-24	2019-02-24
GAP	globex_energy	NormalWeekPhaseWithheld	#79	2019-03-03	2019-03-03
GAP	globex_energy	NormalWeekPhaseWithheld	#79	2019-03-10	2019-03-10
GAP	globex_energy	NormalWeekPhaseWithheld	#79	2019-03-17	2019-03-17
GAP	globex_energy	NormalWeekPhaseWithheld	#79	2019-03-24	2019-03-24
GAP	globex_energy	NormalWeekPhaseWithheld	#79	2019-03-31	2019-03-31
GAP	globex_energy	NormalWeekPhaseWithheld	#79	2019-04-07	2019-04-07
GAP	globex_energy	NormalWeekPhaseWithheld	#79	2019-04-14	2019-04-14
GAP	globex_energy	NormalWeekPhaseWithheld	#79	2019-04-21	2019-04-21
GAP	globex_energy	NormalWeekPhaseWithheld	#79	2019-04-28	2019-04-28
GAP	globex_energy	NormalWeekPhaseWithheld	#79	2019-05-05	2019-05-05
GAP	globex_energy	NormalWeekPhaseWithheld	#79	2019-05-12	2019-05-12
GAP	globex_energy	NormalWeekPhaseWithheld	#79	2019-05-19	2019-05-19
GAP	globex_energy	NormalWeekPhaseWithheld	#79	2019-05-26	2019-05-26
GAP	globex_energy	NormalWeekPhaseWithheld	#79	2019-06-02	2019-06-02
GAP	globex_energy	NormalWeekPhaseWithheld	#79	2019-06-09	2019-06-09
GAP	globex_energy	NormalWeekPhaseWithheld	#79	2019-06-16	2019-06-16
GAP	globex_energy	ResolutionEdge	-	2019-06-18	2019-06-18
GAP	globex_energy	WithheldDate	-	2019-06-19	2019-06-19
GAP	globex_energy	ResolutionEdge	-	2019-06-20	2019-06-22
GAP	globex_energy	NormalWeekPhaseWithheld	#79	2019-06-23	2019-06-23
GAP	globex_energy	NormalWeekPhaseWithheld	#79	2019-06-30	2019-06-30
GAP	globex_energy	NormalWeekPhaseWithheld	#79	2019-07-07	2019-07-07
GAP	globex_energy	NormalWeekPhaseWithheld	#79	2019-07-14	2019-07-14
GAP	globex_energy	NormalWeekPhaseWithheld	#79	2019-07-21	2019-07-21
GAP	globex_energy	NormalWeekPhaseWithheld	#79	2019-07-28	2019-07-28
GAP	globex_energy	NormalWeekPhaseWithheld	#79	2019-08-04	2019-08-04
GAP	globex_energy	NormalWeekPhaseWithheld	#79	2019-08-11	2019-08-11
GAP	globex_energy	NormalWeekPhaseWithheld	#79	2019-08-18	2019-08-18
GAP	globex_energy	NormalWeekPhaseWithheld	#79	2019-08-25	2019-08-25
GAP	globex_energy	NormalWeekPhaseWithheld	#79	2019-09-01	2019-09-01
GAP	globex_energy	NormalWeekPhaseWithheld	#79	2019-09-08	2019-09-08
GAP	globex_energy	NormalWeekPhaseWithheld	#79	2019-09-15	2019-09-15
GAP	globex_energy	NormalWeekPhaseWithheld	#79	2019-09-22	2019-09-22
GAP	globex_energy	NormalWeekPhaseWithheld	#79	2019-09-29	2019-09-29
GAP	globex_energy	NormalWeekPhaseWithheld	#79	2019-10-06	2019-10-06
GAP	globex_energy	NormalWeekPhaseWithheld	#79	2019-10-13	2019-10-13
GAP	globex_energy	NormalWeekPhaseWithheld	#79	2019-10-20	2019-10-20
GAP	globex_energy	NormalWeekPhaseWithheld	#79	2019-10-27	2019-10-27
GAP	globex_energy	NormalWeekPhaseWithheld	#79	2019-11-03	2019-11-03
GAP	globex_energy	NormalWeekPhaseWithheld	#79	2019-11-10	2019-11-10
GAP	globex_energy	NormalWeekPhaseWithheld	#79	2019-11-17	2019-11-17
GAP	globex_energy	NormalWeekPhaseWithheld	#79	2019-11-24	2019-11-24
GAP	globex_energy	NormalWeekPhaseWithheld	#79	2019-12-01	2019-12-01
GAP	globex_energy	NormalWeekPhaseWithheld	#79	2019-12-08	2019-12-08
GAP	globex_energy	NormalWeekPhaseWithheld	#79	2019-12-15	2019-12-15
GAP	globex_energy	NormalWeekPhaseWithheld	#79	2019-12-22	2019-12-22
GAP	globex_energy	NormalWeekPhaseWithheld	#79	2019-12-29	2019-12-29
GAP	globex_energy	NormalWeekPhaseWithheld	#79	2020-01-05	2020-01-05
GAP	globex_energy	NormalWeekPhaseWithheld	#79	2020-01-12	2020-01-12
GAP	globex_energy	NormalWeekPhaseWithheld	#79	2020-01-19	2020-01-19
GAP	globex_energy	NormalWeekPhaseWithheld	#79	2020-01-26	2020-01-26
GAP	globex_energy	NormalWeekPhaseWithheld	#79	2020-02-02	2020-02-02
GAP	globex_energy	NormalWeekPhaseWithheld	#79	2020-02-09	2020-02-09
GAP	globex_energy	NormalWeekPhaseWithheld	#79	2020-02-16	2020-02-16
GAP	globex_energy	NormalWeekPhaseWithheld	#79	2020-02-23	2020-02-23
GAP	globex_energy	NormalWeekPhaseWithheld	#79	2020-03-01	2020-03-01
GAP	globex_energy	NormalWeekPhaseWithheld	#79	2020-03-08	2020-03-08
GAP	globex_energy	NormalWeekPhaseWithheld	#79	2020-03-15	2020-03-15
GAP	globex_energy	NormalWeekPhaseWithheld	#79	2020-03-22	2020-03-22
GAP	globex_energy	NormalWeekPhaseWithheld	#79	2020-03-29	2020-03-29
GAP	globex_energy	NormalWeekPhaseWithheld	#79	2020-04-05	2020-04-05
GAP	globex_energy	NormalWeekPhaseWithheld	#79	2020-04-12	2020-04-12
GAP	globex_energy	NormalWeekPhaseWithheld	#79	2020-04-19	2020-04-19
GAP	globex_energy	NormalWeekPhaseWithheld	#79	2020-04-26	2020-04-26
GAP	globex_energy	NormalWeekPhaseWithheld	#79	2020-05-03	2020-05-03
GAP	globex_energy	NormalWeekPhaseWithheld	#79	2020-05-10	2020-05-10
GAP	globex_energy	NormalWeekPhaseWithheld	#79	2020-05-17	2020-05-17
GAP	globex_energy	NormalWeekPhaseWithheld	#79	2020-05-24	2020-05-24
GAP	globex_energy	NormalWeekPhaseWithheld	#79	2020-05-31	2020-05-31
GAP	globex_energy	NormalWeekPhaseWithheld	#79	2020-06-07	2020-06-07
GAP	globex_energy	NormalWeekPhaseWithheld	#79	2020-06-14	2020-06-14
GAP	globex_energy	ResolutionEdge	-	2020-06-18	2020-06-18
GAP	globex_energy	WithheldDate	-	2020-06-19	2020-06-19
GAP	globex_energy	ResolutionEdge	-	2020-06-20	2020-06-20
GAP	globex_energy	NormalWeekPhaseWithheld	#79	2020-06-21	2020-06-21
GAP	globex_energy	NormalWeekPhaseWithheld	#79	2020-06-28	2020-06-28
GAP	globex_energy	NormalWeekPhaseWithheld	#79	2020-07-05	2020-07-05
GAP	globex_energy	NormalWeekPhaseWithheld	#79	2020-07-12	2020-07-12
GAP	globex_energy	NormalWeekPhaseWithheld	#79	2020-07-19	2020-07-19
GAP	globex_energy	NormalWeekPhaseWithheld	#79	2020-07-26	2020-07-26
GAP	globex_energy	NormalWeekPhaseWithheld	#79	2020-08-02	2020-08-02
GAP	globex_energy	NormalWeekPhaseWithheld	#79	2020-08-09	2020-08-09
GAP	globex_energy	NormalWeekPhaseWithheld	#79	2020-08-16	2020-08-16
GAP	globex_energy	NormalWeekPhaseWithheld	#79	2020-08-23	2020-08-23
GAP	globex_energy	NormalWeekPhaseWithheld	#79	2020-08-30	2020-08-30
GAP	globex_energy	NormalWeekPhaseWithheld	#79	2020-09-06	2020-09-06
GAP	globex_energy	NormalWeekPhaseWithheld	#79	2020-09-13	2020-09-13
GAP	globex_energy	NormalWeekPhaseWithheld	#79	2020-09-20	2020-09-20
GAP	globex_energy	NormalWeekPhaseWithheld	#79	2020-09-27	2020-09-27
GAP	globex_energy	NormalWeekPhaseWithheld	#79	2020-10-04	2020-10-04
GAP	globex_energy	NormalWeekPhaseWithheld	#79	2020-10-11	2020-10-11
GAP	globex_energy	NormalWeekPhaseWithheld	#79	2020-10-18	2020-10-18
GAP	globex_energy	NormalWeekPhaseWithheld	#79	2020-10-25	2020-10-25
GAP	globex_energy	NormalWeekPhaseWithheld	#79	2020-11-01	2020-11-01
GAP	globex_energy	NormalWeekPhaseWithheld	#79	2020-11-08	2020-11-08
GAP	globex_energy	NormalWeekPhaseWithheld	#79	2020-11-15	2020-11-15
GAP	globex_energy	NormalWeekPhaseWithheld	#79	2020-11-22	2020-11-22
GAP	globex_energy	NormalWeekPhaseWithheld	#79	2020-11-29	2020-11-29
GAP	globex_energy	NormalWeekPhaseWithheld	#79	2020-12-06	2020-12-06
GAP	globex_energy	NormalWeekPhaseWithheld	#79	2020-12-13	2020-12-13
GAP	globex_energy	NormalWeekPhaseWithheld	#79	2020-12-20	2020-12-20
GAP	globex_energy	NormalWeekPhaseWithheld	#79	2020-12-27	2020-12-27
GAP	globex_energy	NormalWeekPhaseWithheld	#79	2021-01-03	2021-01-03
GAP	globex_energy	NormalWeekPhaseWithheld	#79	2021-01-10	2021-01-10
GAP	globex_energy	NormalWeekPhaseWithheld	#79	2021-01-17	2021-01-17
GAP	globex_energy	NormalWeekPhaseWithheld	#79	2021-01-24	2021-01-24
GAP	globex_energy	NormalWeekPhaseWithheld	#79	2021-01-31	2021-01-31
GAP	globex_energy	NormalWeekPhaseWithheld	#79	2021-02-07	2021-02-07
GAP	globex_energy	NormalWeekPhaseWithheld	#79	2021-02-14	2021-02-14
GAP	globex_energy	NormalWeekPhaseWithheld	#79	2021-02-21	2021-02-21
GAP	globex_energy	NormalWeekPhaseWithheld	#79	2021-02-28	2021-02-28
GAP	globex_energy	NormalWeekPhaseWithheld	#79	2021-03-07	2021-03-07
GAP	globex_energy	NormalWeekPhaseWithheld	#79	2021-03-14	2021-03-14
GAP	globex_energy	NormalWeekPhaseWithheld	#79	2021-03-21	2021-03-21
GAP	globex_energy	NormalWeekPhaseWithheld	#79	2021-03-28	2021-03-28
GAP	globex_energy	NormalWeekPhaseWithheld	#79	2021-04-04	2021-04-04
GAP	globex_energy	NormalWeekPhaseWithheld	#79	2021-04-11	2021-04-11
GAP	globex_energy	NormalWeekPhaseWithheld	#79	2021-04-18	2021-04-18
GAP	globex_energy	NormalWeekPhaseWithheld	#79	2021-04-25	2021-04-25
GAP	globex_energy	NormalWeekPhaseWithheld	#79	2021-05-02	2021-05-02
GAP	globex_energy	NormalWeekPhaseWithheld	#79	2021-05-09	2021-05-09
GAP	globex_energy	NormalWeekPhaseWithheld	#79	2021-05-16	2021-05-16
GAP	globex_energy	NormalWeekPhaseWithheld	#79	2021-05-23	2021-05-23
GAP	globex_energy	NormalWeekPhaseWithheld	#79	2021-05-30	2021-05-30
GAP	globex_energy	NormalWeekPhaseWithheld	#79	2021-06-06	2021-06-06
GAP	globex_energy	NormalWeekPhaseWithheld	#79	2021-06-13	2021-06-13
GAP	globex_energy	ResolutionEdge	-	2021-06-18	2021-06-18
GAP	globex_energy	WithheldDate	-	2021-06-19	2021-06-19
GAP	globex_energy	NormalWeekPhaseWithheld	#79	2021-06-20	2021-06-20
GAP	globex_energy	NormalWeekPhaseWithheld	#79	2021-06-27	2021-06-27
GAP	globex_energy	NormalWeekPhaseWithheld	#79	2021-07-04	2021-07-04
GAP	globex_energy	NormalWeekPhaseWithheld	#79	2021-07-11	2021-07-11
GAP	globex_energy	NormalWeekPhaseWithheld	#79	2021-07-18	2021-07-18
GAP	globex_energy	NormalWeekPhaseWithheld	#79	2021-07-25	2021-07-25
GAP	globex_energy	NormalWeekPhaseWithheld	#79	2021-08-01	2021-08-01
GAP	globex_energy	NormalWeekPhaseWithheld	#79	2021-08-08	2021-08-08
GAP	globex_energy	NormalWeekPhaseWithheld	#79	2021-08-15	2021-08-15
GAP	globex_energy	NormalWeekPhaseWithheld	#79	2021-08-22	2021-08-22
GAP	globex_energy	NormalWeekPhaseWithheld	#79	2021-08-29	2021-08-29
GAP	globex_energy	NormalWeekPhaseWithheld	#79	2021-09-05	2021-09-05
GAP	globex_energy	NormalWeekPhaseWithheld	#79	2021-09-12	2021-09-12
GAP	globex_energy	NormalWeekPhaseWithheld	#79	2021-09-19	2021-09-19
GAP	globex_energy	NormalWeekPhaseWithheld	#79	2021-09-26	2021-09-26
GAP	globex_energy	NormalWeekPhaseWithheld	#79	2021-10-03	2021-10-03
GAP	globex_energy	NormalWeekPhaseWithheld	#79	2021-10-10	2021-10-10
GAP	globex_energy	NormalWeekPhaseWithheld	#79	2021-10-17	2021-10-17
GAP	globex_energy	NormalWeekPhaseWithheld	#79	2021-10-24	2021-10-24
GAP	globex_energy	NormalWeekPhaseWithheld	#79	2021-10-31	2021-10-31
GAP	globex_energy	NormalWeekPhaseWithheld	#79	2021-11-07	2021-11-07
GAP	globex_energy	NormalWeekPhaseWithheld	#79	2021-11-14	2021-11-14
GAP	globex_energy	NormalWeekPhaseWithheld	#79	2021-11-21	2021-11-21
GAP	globex_energy	NormalWeekPhaseWithheld	#79	2021-11-28	2021-11-28
GAP	globex_energy	NormalWeekPhaseWithheld	#79	2021-12-05	2021-12-05
GAP	globex_energy	NormalWeekPhaseWithheld	#79	2021-12-12	2021-12-12
GAP	globex_energy	NormalWeekPhaseWithheld	#79	2021-12-19	2021-12-19
GAP	globex_energy	NormalWeekPhaseWithheld	#79	2021-12-26	2021-12-26
GAP	globex_energy	NormalWeekPhaseWithheld	#79	2022-01-02	2022-01-02
GAP	globex_energy	NormalWeekPhaseWithheld	#79	2022-01-09	2022-01-09
GAP	globex_energy	NormalWeekPhaseWithheld	#79	2022-01-16	2022-01-16
GAP	globex_energy	NormalWeekPhaseWithheld	#79	2022-01-23	2022-01-23
GAP	globex_energy	NormalWeekPhaseWithheld	#79	2022-01-30	2022-01-30
GAP	globex_energy	NormalWeekPhaseWithheld	#79	2022-02-06	2022-02-06
GAP	globex_energy	NormalWeekPhaseWithheld	#79	2022-02-13	2022-02-13
GAP	globex_energy	NormalWeekPhaseWithheld	#79	2022-02-20	2022-02-20
GAP	globex_energy	NormalWeekPhaseWithheld	#79	2022-02-27	2022-02-27
GAP	globex_energy	NormalWeekPhaseWithheld	#79	2022-03-06	2022-03-06
GAP	globex_energy	NormalWeekPhaseWithheld	#79	2022-03-13	2022-03-13
GAP	globex_energy	NormalWeekPhaseWithheld	#79	2022-03-20	2022-03-20
GAP	globex_energy	NormalWeekPhaseWithheld	#79	2022-03-27	2022-03-27
GAP	globex_energy	NormalWeekPhaseWithheld	#79	2022-04-03	2022-04-03
GAP	globex_energy	NormalWeekPhaseWithheld	#79	2022-04-10	2022-04-10
GAP	globex_energy	NormalWeekPhaseWithheld	#79	2022-04-17	2022-04-17
GAP	globex_energy	NormalWeekPhaseWithheld	#79	2022-04-24	2022-04-24
GAP	globex_energy	NormalWeekPhaseWithheld	#79	2022-05-01	2022-05-01
GAP	globex_energy	NormalWeekPhaseWithheld	#79	2022-05-08	2022-05-08
GAP	globex_energy	NormalWeekPhaseWithheld	#79	2022-05-15	2022-05-15
GAP	globex_energy	NormalWeekPhaseWithheld	#79	2022-05-22	2022-05-22
GAP	globex_energy	NormalWeekPhaseWithheld	#79	2022-05-29	2022-05-29
GAP	globex_energy	NormalWeekPhaseWithheld	#79	2022-06-05	2022-06-05
GAP	globex_energy	NormalWeekPhaseWithheld	#79	2022-06-12	2022-06-12
GAP	globex_energy	NormalWeekPhaseWithheld	#79	2022-06-19	2022-06-19
GAP	globex_energy	NormalWeekPhaseWithheld	#79	2022-06-26	2022-06-26
GAP	globex_energy	NormalWeekPhaseWithheld	#79	2022-07-03	2022-07-03
GAP	globex_energy	NormalWeekPhaseWithheld	#79	2022-07-10	2022-07-10
GAP	globex_energy	NormalWeekPhaseWithheld	#79	2022-07-17	2022-07-17
GAP	globex_energy	NormalWeekPhaseWithheld	#79	2022-07-24	2022-07-24
GAP	globex_energy	NormalWeekPhaseWithheld	#79	2022-07-31	2022-07-31
GAP	globex_energy	NormalWeekPhaseWithheld	#79	2022-08-07	2022-08-07
GAP	globex_energy	NormalWeekPhaseWithheld	#79	2022-08-14	2022-08-14
GAP	globex_energy	NormalWeekPhaseWithheld	#79	2022-08-21	2022-08-21
GAP	globex_energy	NormalWeekPhaseWithheld	#79	2022-08-28	2022-08-28
GAP	globex_energy	NormalWeekPhaseWithheld	#79	2022-09-04	2022-09-04
GAP	globex_energy	NormalWeekPhaseWithheld	#79	2022-09-11	2022-09-11
GAP	globex_energy	NormalWeekPhaseWithheld	#79	2022-09-18	2022-09-18
GAP	globex_energy	NormalWeekPhaseWithheld	#79	2022-09-25	2022-09-25
GAP	globex_energy	NormalWeekPhaseWithheld	#79	2022-10-02	2022-10-02
GAP	globex_energy	NormalWeekPhaseWithheld	#79	2022-10-09	2022-10-09
GAP	globex_energy	NormalWeekPhaseWithheld	#79	2022-10-16	2022-10-16
GAP	globex_energy	NormalWeekPhaseWithheld	#79	2022-10-23	2022-10-23
GAP	globex_energy	NormalWeekPhaseWithheld	#79	2022-10-30	2022-10-30
GAP	globex_energy	NormalWeekPhaseWithheld	#79	2022-11-06	2022-11-06
GAP	globex_energy	NormalWeekPhaseWithheld	#79	2022-11-13	2022-11-13
GAP	globex_energy	NormalWeekPhaseWithheld	#79	2022-11-20	2022-11-20
GAP	globex_energy	NormalWeekPhaseWithheld	#79	2022-11-27	2022-11-27
GAP	globex_energy	NormalWeekPhaseWithheld	#79	2022-12-04	2022-12-04
GAP	globex_energy	NormalWeekPhaseWithheld	#79	2022-12-11	2022-12-11
GAP	globex_energy	NormalWeekPhaseWithheld	#79	2022-12-18	2022-12-18
GAP	globex_energy	NormalWeekPhaseWithheld	#79	2023-01-08	2023-01-08
GAP	globex_energy	ResolutionEdge	-	2023-01-13	2023-01-14
GAP	globex_energy	NormalWeekPhaseWithheld	#79	2023-01-15	2023-01-15
GAP	globex_energy	WithheldDate	-	2023-01-16	2023-01-16
GAP	globex_energy	ResolutionEdge	-	2023-01-17	2023-01-17
GAP	globex_energy	NormalWeekPhaseWithheld	#79	2023-01-22	2023-01-22
GAP	globex_energy	NormalWeekPhaseWithheld	#79	2023-01-29	2023-01-29
GAP	globex_energy	NormalWeekPhaseWithheld	#79	2023-02-05	2023-02-05
GAP	globex_energy	NormalWeekPhaseWithheld	#79	2023-02-12	2023-02-12
GAP	globex_energy	ResolutionEdge	-	2023-02-17	2023-02-18
GAP	globex_energy	NormalWeekPhaseWithheld	#79	2023-02-19	2023-02-19
GAP	globex_energy	WithheldDate	-	2023-02-20	2023-02-20
GAP	globex_energy	ResolutionEdge	-	2023-02-21	2023-02-21
GAP	globex_energy	NormalWeekPhaseWithheld	#79	2023-02-26	2023-02-26
GAP	globex_energy	NormalWeekPhaseWithheld	#79	2023-03-05	2023-03-05
GAP	globex_energy	NormalWeekPhaseWithheld	#79	2023-03-12	2023-03-12
GAP	globex_energy	NormalWeekPhaseWithheld	#79	2023-03-19	2023-03-19
GAP	globex_energy	NormalWeekPhaseWithheld	#79	2023-03-26	2023-03-26
GAP	globex_energy	NormalWeekPhaseWithheld	#79	2023-04-02	2023-04-02
GAP	globex_energy	ResolutionEdge	-	2023-04-06	2023-04-06
GAP	globex_energy	WithheldDate	-	2023-04-07	2023-04-07
GAP	globex_energy	ResolutionEdge	-	2023-04-08	2023-04-08
GAP	globex_energy	NormalWeekPhaseWithheld	#79	2023-04-09	2023-04-09
GAP	globex_energy	NormalWeekPhaseWithheld	#79	2023-04-16	2023-04-16
GAP	globex_energy	NormalWeekPhaseWithheld	#79	2023-04-23	2023-04-23
GAP	globex_energy	NormalWeekPhaseWithheld	#79	2023-04-30	2023-04-30
GAP	globex_energy	NormalWeekPhaseWithheld	#79	2023-05-07	2023-05-07
GAP	globex_energy	NormalWeekPhaseWithheld	#79	2023-05-14	2023-05-14
GAP	globex_energy	NormalWeekPhaseWithheld	#79	2023-05-21	2023-05-21
GAP	globex_energy	NormalWeekPhaseWithheld	#79	2023-05-28	2023-05-28
GAP	globex_energy	NormalWeekPhaseWithheld	#79	2023-06-04	2023-06-04
GAP	globex_energy	NormalWeekPhaseWithheld	#79	2023-06-11	2023-06-11
GAP	globex_energy	NormalWeekPhaseWithheld	#79	2023-06-18	2023-06-18
GAP	globex_energy	NormalWeekPhaseWithheld	#79	2023-06-25	2023-06-25
GAP	globex_energy	NormalWeekPhaseWithheld	#79	2023-07-02	2023-07-02
GAP	globex_energy	NormalWeekPhaseWithheld	#79	2023-07-09	2023-07-09
GAP	globex_energy	NormalWeekPhaseWithheld	#79	2023-07-16	2023-07-16
GAP	globex_energy	NormalWeekPhaseWithheld	#79	2023-07-23	2023-07-23
GAP	globex_energy	NormalWeekPhaseWithheld	#79	2023-07-30	2023-07-30
GAP	globex_energy	NormalWeekPhaseWithheld	#79	2023-08-06	2023-08-06
GAP	globex_energy	NormalWeekPhaseWithheld	#79	2023-08-13	2023-08-13
GAP	globex_energy	NormalWeekPhaseWithheld	#79	2023-08-20	2023-08-20
GAP	globex_energy	NormalWeekPhaseWithheld	#79	2023-08-27	2023-08-27
GAP	globex_energy	NormalWeekPhaseWithheld	#79	2023-09-03	2023-09-03
GAP	globex_energy	NormalWeekPhaseWithheld	#79	2023-09-10	2023-09-10
GAP	globex_energy	NormalWeekPhaseWithheld	#79	2023-09-17	2023-09-17
GAP	globex_energy	NormalWeekPhaseWithheld	#79	2023-09-24	2023-09-24
GAP	globex_energy	NormalWeekPhaseWithheld	#79	2023-10-01	2023-10-01
GAP	globex_energy	NormalWeekPhaseWithheld	#79	2023-10-08	2023-10-08
GAP	globex_energy	NormalWeekPhaseWithheld	#79	2023-10-15	2023-10-15
GAP	globex_energy	NormalWeekPhaseWithheld	#79	2023-10-22	2023-10-22
GAP	globex_energy	NormalWeekPhaseWithheld	#79	2023-10-29	2023-10-29
GAP	globex_energy	NormalWeekPhaseWithheld	#79	2023-11-05	2023-11-05
GAP	globex_energy	NormalWeekPhaseWithheld	#79	2023-11-12	2023-11-12
GAP	globex_energy	NormalWeekPhaseWithheld	#79	2023-11-19	2023-11-19
GAP	globex_energy	NormalWeekPhaseWithheld	#79	2023-11-26	2023-11-26
GAP	globex_energy	NormalWeekPhaseWithheld	#79	2023-12-03	2023-12-03
GAP	globex_energy	NormalWeekPhaseWithheld	#79	2023-12-10	2023-12-10
GAP	globex_energy	NormalWeekPhaseWithheld	#79	2023-12-17	2023-12-17
GAP	globex_energy	NormalWeekPhaseWithheld	#79	2024-01-07	2024-01-07
GAP	globex_energy	NormalWeekPhaseWithheld	#79	2024-01-14	2024-01-14
GAP	globex_energy	NormalWeekPhaseWithheld	#79	2024-01-21	2024-01-21
GAP	globex_energy	NormalWeekPhaseWithheld	#79	2024-01-28	2024-01-28
GAP	globex_energy	NormalWeekPhaseWithheld	#79	2024-02-04	2024-02-04
GAP	globex_energy	NormalWeekPhaseWithheld	#79	2024-02-11	2024-02-11
GAP	globex_energy	NormalWeekPhaseWithheld	#79	2024-02-18	2024-02-18
GAP	globex_energy	NormalWeekPhaseWithheld	#79	2024-02-25	2024-02-25
GAP	globex_energy	NormalWeekPhaseWithheld	#79	2024-03-03	2024-03-03
GAP	globex_energy	NormalWeekPhaseWithheld	#79	2024-03-10	2024-03-10
GAP	globex_energy	NormalWeekPhaseWithheld	#79	2024-03-17	2024-03-17
GAP	globex_energy	NormalWeekPhaseWithheld	#79	2024-03-24	2024-03-24
GAP	globex_energy	NormalWeekPhaseWithheld	#79	2024-03-31	2024-03-31
GAP	globex_energy	NormalWeekPhaseWithheld	#79	2024-04-07	2024-04-07
GAP	globex_energy	NormalWeekPhaseWithheld	#79	2024-04-14	2024-04-14
GAP	globex_energy	NormalWeekPhaseWithheld	#79	2024-04-21	2024-04-21
GAP	globex_energy	NormalWeekPhaseWithheld	#79	2024-04-28	2024-04-28
GAP	globex_energy	NormalWeekPhaseWithheld	#79	2024-05-05	2024-05-05
GAP	globex_energy	NormalWeekPhaseWithheld	#79	2024-05-12	2024-05-12
GAP	globex_energy	NormalWeekPhaseWithheld	#79	2024-05-19	2024-05-19
GAP	globex_energy	NormalWeekPhaseWithheld	#79	2024-05-26	2024-05-26
GAP	globex_energy	NormalWeekPhaseWithheld	#79	2024-06-02	2024-06-02
GAP	globex_energy	NormalWeekPhaseWithheld	#79	2024-06-09	2024-06-09
GAP	globex_energy	NormalWeekPhaseWithheld	#79	2024-06-16	2024-06-16
GAP	globex_energy	NormalWeekPhaseWithheld	#79	2024-06-23	2024-06-23
GAP	globex_energy	NormalWeekPhaseWithheld	#79	2024-06-30	2024-06-30
GAP	globex_energy	NormalWeekPhaseWithheld	#79	2024-07-07	2024-07-07
GAP	globex_energy	NormalWeekPhaseWithheld	#79	2024-07-14	2024-07-14
GAP	globex_energy	NormalWeekPhaseWithheld	#79	2024-07-21	2024-07-21
GAP	globex_energy	NormalWeekPhaseWithheld	#79	2024-07-28	2024-07-28
GAP	globex_energy	NormalWeekPhaseWithheld	#79	2024-08-04	2024-08-04
GAP	globex_energy	NormalWeekPhaseWithheld	#79	2024-08-11	2024-08-11
GAP	globex_energy	NormalWeekPhaseWithheld	#79	2024-08-18	2024-08-18
GAP	globex_energy	NormalWeekPhaseWithheld	#79	2024-08-25	2024-08-25
GAP	globex_energy	NormalWeekPhaseWithheld	#79	2024-09-01	2024-09-01
GAP	globex_energy	NormalWeekPhaseWithheld	#79	2024-09-08	2024-09-08
GAP	globex_energy	NormalWeekPhaseWithheld	#79	2024-09-15	2024-09-15
GAP	globex_energy	NormalWeekPhaseWithheld	#79	2024-09-22	2024-09-22
GAP	globex_energy	NormalWeekPhaseWithheld	#79	2024-09-29	2024-09-29
GAP	globex_energy	NormalWeekPhaseWithheld	#79	2024-10-06	2024-10-06
GAP	globex_energy	NormalWeekPhaseWithheld	#79	2024-10-13	2024-10-13
GAP	globex_energy	NormalWeekPhaseWithheld	#79	2024-10-20	2024-10-20
GAP	globex_energy	NormalWeekPhaseWithheld	#79	2024-10-27	2024-10-27
GAP	globex_energy	NormalWeekPhaseWithheld	#79	2024-11-03	2024-11-03
GAP	globex_energy	NormalWeekPhaseWithheld	#79	2024-11-10	2024-11-10
GAP	globex_energy	NormalWeekPhaseWithheld	#79	2024-11-17	2024-11-17
GAP	globex_energy	NormalWeekPhaseWithheld	#79	2024-11-24	2024-11-24
GAP	globex_energy	NormalWeekPhaseWithheld	#79	2024-12-01	2024-12-01
GAP	globex_energy	NormalWeekPhaseWithheld	#79	2024-12-08	2024-12-08
GAP	globex_energy	NormalWeekPhaseWithheld	#79	2024-12-15	2024-12-15
GAP	globex_energy	NormalWeekPhaseWithheld	#79	2024-12-22	2024-12-22
GAP	globex_energy	NormalWeekPhaseWithheld	#79	2024-12-29	2024-12-29
GAP	globex_energy	NormalWeekPhaseWithheld	#79	2025-01-05	2025-01-05
GAP	globex_energy	NormalWeekPhaseWithheld	#79	2025-01-12	2025-01-12
GAP	globex_energy	NormalWeekPhaseWithheld	#79	2025-01-19	2025-01-19
GAP	globex_energy	NormalWeekPhaseWithheld	#79	2025-01-26	2025-01-26
GAP	globex_energy	NormalWeekPhaseWithheld	#79	2025-02-02	2025-02-02
GAP	globex_energy	NormalWeekPhaseWithheld	#79	2025-02-09	2025-02-09
GAP	globex_energy	NormalWeekPhaseWithheld	#79	2025-02-16	2025-02-16
GAP	globex_energy	NormalWeekPhaseWithheld	#79	2025-02-23	2025-02-23
GAP	globex_energy	NormalWeekPhaseWithheld	#79	2025-03-02	2025-03-02
GAP	globex_energy	NormalWeekPhaseWithheld	#79	2025-03-09	2025-03-09
GAP	globex_energy	NormalWeekPhaseWithheld	#79	2025-03-16	2025-03-16
GAP	globex_energy	NormalWeekPhaseWithheld	#79	2025-03-23	2025-03-23
GAP	globex_energy	NormalWeekPhaseWithheld	#79	2025-03-30	2025-03-30
GAP	globex_energy	NormalWeekPhaseWithheld	#79	2025-04-06	2025-04-06
GAP	globex_energy	NormalWeekPhaseWithheld	#79	2025-04-13	2025-04-13
GAP	globex_energy	NormalWeekPhaseWithheld	#79	2025-04-20	2025-04-20
GAP	globex_energy	NormalWeekPhaseWithheld	#79	2025-04-27	2025-04-27
GAP	globex_energy	NormalWeekPhaseWithheld	#79	2025-05-04	2025-05-04
GAP	globex_energy	NormalWeekPhaseWithheld	#79	2025-05-11	2025-05-11
GAP	globex_energy	NormalWeekPhaseWithheld	#79	2025-05-18	2025-05-18
GAP	globex_energy	NormalWeekPhaseWithheld	#79	2025-05-25	2025-05-25
GAP	globex_energy	NormalWeekPhaseWithheld	#79	2025-06-01	2025-06-01
GAP	globex_energy	NormalWeekPhaseWithheld	#79	2025-06-08	2025-06-08
GAP	globex_energy	NormalWeekPhaseWithheld	#79	2025-06-15	2025-06-15
GAP	globex_energy	NormalWeekPhaseWithheld	#79	2025-06-22	2025-06-22
GAP	globex_energy	NormalWeekPhaseWithheld	#79	2025-06-29	2025-06-29
GAP	globex_energy	NormalWeekPhaseWithheld	#79	2025-07-06	2025-07-06
GAP	globex_energy	NormalWeekPhaseWithheld	#79	2025-07-13	2025-07-13
GAP	globex_energy	NormalWeekPhaseWithheld	#79	2025-07-20	2025-07-20
GAP	globex_energy	NormalWeekPhaseWithheld	#79	2025-07-27	2025-07-27
GAP	globex_energy	NormalWeekPhaseWithheld	#79	2025-08-03	2025-08-03
GAP	globex_energy	NormalWeekPhaseWithheld	#79	2025-08-10	2025-08-10
GAP	globex_energy	NormalWeekPhaseWithheld	#79	2025-08-17	2025-08-17
GAP	globex_energy	NormalWeekPhaseWithheld	#79	2025-08-24	2025-08-24
GAP	globex_energy	NormalWeekPhaseWithheld	#79	2025-08-31	2025-08-31
GAP	globex_energy	NormalWeekPhaseWithheld	#79	2025-09-07	2025-09-07
GAP	globex_energy	NormalWeekPhaseWithheld	#79	2025-09-14	2025-09-14
GAP	globex_energy	NormalWeekPhaseWithheld	#79	2025-09-21	2025-09-21
GAP	globex_energy	NormalWeekPhaseWithheld	#79	2025-09-28	2025-09-28
GAP	globex_energy	NormalWeekPhaseWithheld	#79	2025-10-05	2025-10-05
GAP	globex_energy	NormalWeekPhaseWithheld	#79	2025-10-12	2025-10-12
GAP	globex_energy	NormalWeekPhaseWithheld	#79	2025-10-19	2025-10-19
GAP	globex_energy	NormalWeekPhaseWithheld	#79	2025-10-26	2025-10-26
GAP	globex_energy	NormalWeekPhaseWithheld	#79	2025-11-02	2025-11-02
GAP	globex_energy	NormalWeekPhaseWithheld	#79	2025-11-09	2025-11-09
GAP	globex_energy	NormalWeekPhaseWithheld	#79	2025-11-16	2025-11-16
GAP	globex_energy	NormalWeekPhaseWithheld	#79	2025-11-23	2025-11-23
GAP	globex_energy	NormalWeekPhaseWithheld	#79	2025-11-30	2025-11-30
GAP	globex_energy	NormalWeekPhaseWithheld	#79	2025-12-07	2025-12-07
GAP	globex_energy	NormalWeekPhaseWithheld	#79	2025-12-14	2025-12-14
GAP	globex_energy	NormalWeekPhaseWithheld	#79	2025-12-21	2025-12-21
GAP	globex_energy	NormalWeekPhaseWithheld	#79	2025-12-28	2025-12-28
GAP	globex_energy	NormalWeekPhaseWithheld	#79	2026-01-04	2026-01-04
GAP	globex_energy	NormalWeekPhaseWithheld	#79	2026-01-11	2026-01-11
GAP	globex_energy	NormalWeekPhaseWithheld	#79	2026-01-18	2026-01-18
GAP	globex_energy	NormalWeekPhaseWithheld	#79	2026-01-25	2026-01-25
GAP	globex_energy	NormalWeekPhaseWithheld	#79	2026-02-01	2026-02-01
GAP	globex_energy	NormalWeekPhaseWithheld	#79	2026-02-08	2026-02-08
GAP	globex_energy	NormalWeekPhaseWithheld	#79	2026-02-15	2026-02-15
GAP	globex_energy	NormalWeekPhaseWithheld	#79	2026-02-22	2026-02-22
GAP	globex_energy	NormalWeekPhaseWithheld	#79	2026-03-01	2026-03-01
GAP	globex_energy	NormalWeekPhaseWithheld	#79	2026-03-08	2026-03-08
GAP	globex_energy	NormalWeekPhaseWithheld	#79	2026-03-15	2026-03-15
GAP	globex_energy	NormalWeekPhaseWithheld	#79	2026-03-22	2026-03-22
GAP	globex_energy	NormalWeekPhaseWithheld	#79	2026-03-29	2026-03-29
GAP	globex_energy	NormalWeekPhaseWithheld	#79	2026-04-05	2026-04-05
GAP	globex_energy	NormalWeekPhaseWithheld	#79	2026-04-12	2026-04-12
GAP	globex_energy	NormalWeekPhaseWithheld	#79	2026-04-19	2026-04-19
GAP	globex_energy	NormalWeekPhaseWithheld	#79	2026-04-26	2026-04-26
GAP	globex_energy	NormalWeekPhaseWithheld	#79	2026-05-03	2026-05-03
GAP	globex_energy	NormalWeekPhaseWithheld	#79	2026-05-10	2026-05-10
GAP	globex_energy	NormalWeekPhaseWithheld	#79	2026-05-17	2026-05-17
GAP	globex_energy	NormalWeekPhaseWithheld	#79	2026-05-24	2026-05-24
GAP	globex_energy	NormalWeekPhaseWithheld	#79	2026-05-31	2026-05-31
GAP	globex_energy	NormalWeekPhaseWithheld	#79	2026-06-07	2026-06-07
GAP	globex_energy	NormalWeekPhaseWithheld	#79	2026-06-14	2026-06-14
GAP	globex_energy	NormalWeekPhaseWithheld	#79	2026-06-28	2026-06-28
GAP	globex_energy	NormalWeekPhaseWithheld	#79	2026-07-12	2026-07-12
GAP	globex_energy	NormalWeekPhaseWithheld	#79	2026-07-19	2026-07-19
GAP	globex_energy	NormalWeekPhaseWithheld	#79	2026-07-26	2026-07-26
GAP	globex_energy	NormalWeekPhaseWithheld	#79	2026-08-02	2026-08-02
GAP	globex_energy	NormalWeekPhaseWithheld	#79	2026-08-09	2026-08-09
GAP	globex_energy	NormalWeekPhaseWithheld	#79	2026-08-16	2026-08-16
GAP	globex_energy	ResolutionEdge	-	2027-12-31	2027-12-31
GAP	globex_energy	NoHolidayCoverage	-	2028-01-01	open
GAP	globex_silver_100oz	NormalWeekCarried	-	2010-01-01	2012-05-10
GAP	globex_silver_100oz	NoHolidayTable	-	2012-05-11	open
GAP	globex_grains	NormalWeekCarried	-	2010-01-01	2010-03-14
GAP	globex_grains	ResolutionEdge	-	2010-03-15	2010-03-15
GAP	globex_grains	NormalWeekPhaseWithheld	#259	2012-05-20	2012-12-28
GAP	globex_grains	NormalWeekPhaseWithheld	#259	2012-12-29	2012-12-30
GAP	globex_grains	NormalWeekPhaseWithheld	#259	2012-12-31	2012-12-31
GAP	globex_grains	NormalWeekPhaseWithheld	#259	2013-01-01	2013-01-01
GAP	globex_grains	NormalWeekPhaseWithheld	#259	2013-01-02	2013-01-02
GAP	globex_grains	NormalWeekPhaseWithheld	#259	2013-01-03	2013-04-05
GAP	globex_grains	NormalWeekPhaseWithheld	#259	2013-04-06	2013-04-06
GAP	globex_grains	ResolutionEdge	-	2019-06-18	2019-06-18
GAP	globex_grains	WithheldDate	-	2019-06-19	2019-06-19
GAP	globex_grains	ResolutionEdge	-	2019-06-20	2019-06-20
GAP	globex_grains	ResolutionEdge	-	2020-06-18	2020-06-18
GAP	globex_grains	WithheldDate	-	2020-06-19	2020-06-19
GAP	globex_grains	ResolutionEdge	-	2020-06-20	2020-06-20
GAP	globex_grains	ResolutionEdge	-	2021-06-18	2021-06-18
GAP	globex_grains	WithheldDate	-	2021-06-19	2021-06-19
GAP	globex_grains	ResolutionEdge	-	2021-06-20	2021-06-20
GAP	globex_grains	ResolutionEdge	-	2023-01-14	2023-01-15
GAP	globex_grains	WithheldDate	-	2023-01-16	2023-01-16
GAP	globex_grains	ResolutionEdge	-	2023-01-17	2023-01-17
GAP	globex_grains	ResolutionEdge	-	2027-12-31	2027-12-31
GAP	globex_grains	NoHolidayCoverage	-	2028-01-01	open
GAP	globex_mini_grains	NormalWeekCarried	-	2010-01-01	2010-04-04
GAP	globex_mini_grains	NoHolidayTable	-	2010-04-05	open
GAP	globex_fx	NormalWeekCarried	-	2010-01-01	2012-05-02
GAP	globex_fx	ResolutionEdge	-	2012-05-03	2012-05-05
GAP	globex_fx	NormalWeekPhaseWithheld	#79	2012-06-03	2012-06-03
GAP	globex_fx	NormalWeekPhaseWithheld	#79	2012-06-10	2012-06-10
GAP	globex_fx	NormalWeekPhaseWithheld	#79	2012-06-17	2012-06-17
GAP	globex_fx	NormalWeekPhaseWithheld	#79	2012-06-24	2012-06-24
GAP	globex_fx	NormalWeekPhaseWithheld	#79	2012-07-01	2012-07-01
GAP	globex_fx	NormalWeekPhaseWithheld	#79	2012-07-08	2012-07-08
GAP	globex_fx	NormalWeekPhaseWithheld	#79	2012-07-15	2012-07-15
GAP	globex_fx	NormalWeekPhaseWithheld	#79	2012-07-22	2012-07-22
GAP	globex_fx	NormalWeekPhaseWithheld	#79	2012-07-29	2012-07-29
GAP	globex_fx	NormalWeekPhaseWithheld	#79	2012-08-05	2012-08-05
GAP	globex_fx	NormalWeekPhaseWithheld	#79	2012-08-12	2012-08-12
GAP	globex_fx	NormalWeekPhaseWithheld	#79	2012-08-19	2012-08-19
GAP	globex_fx	NormalWeekPhaseWithheld	#79	2012-08-26	2012-08-26
GAP	globex_fx	NormalWeekPhaseWithheld	#79	2012-09-02	2012-09-02
GAP	globex_fx	NormalWeekPhaseWithheld	#79	2012-09-09	2012-09-09
GAP	globex_fx	NormalWeekPhaseWithheld	#79	2012-09-16	2012-09-16
GAP	globex_fx	NormalWeekPhaseWithheld	#79	2012-09-23	2012-09-23
GAP	globex_fx	NormalWeekPhaseWithheld	#79	2012-09-30	2012-09-30
GAP	globex_fx	NormalWeekPhaseWithheld	#79	2012-10-07	2012-10-07
GAP	globex_fx	NormalWeekPhaseWithheld	#79	2012-10-14	2012-10-14
GAP	globex_fx	NormalWeekPhaseWithheld	#79	2012-10-21	2012-10-21
GAP	globex_fx	NormalWeekPhaseWithheld	#79	2012-10-28	2012-10-28
GAP	globex_fx	NormalWeekPhaseWithheld	#79	2012-11-04	2012-11-04
GAP	globex_fx	NormalWeekPhaseWithheld	#79	2012-11-11	2012-11-11
GAP	globex_fx	NormalWeekPhaseWithheld	#79	2012-11-18	2012-11-18
GAP	globex_fx	NormalWeekPhaseWithheld	#79	2012-11-25	2012-11-25
GAP	globex_fx	NormalWeekPhaseWithheld	#79	2012-12-02	2012-12-02
GAP	globex_fx	NormalWeekPhaseWithheld	#79	2012-12-09	2012-12-09
GAP	globex_fx	NormalWeekPhaseWithheld	#79	2012-12-16	2012-12-16
GAP	globex_fx	NormalWeekPhaseWithheld	#79	2012-12-23	2012-12-23
GAP	globex_fx	NormalWeekPhaseWithheld	#79	2012-12-30	2012-12-30
GAP	globex_fx	NormalWeekPhaseWithheld	#79	2013-01-06	2013-01-06
GAP	globex_fx	NormalWeekPhaseWithheld	#79	2013-01-13	2013-01-13
GAP	globex_fx	NormalWeekPhaseWithheld	#79	2013-01-20	2013-01-20
GAP	globex_fx	NormalWeekPhaseWithheld	#79	2013-01-27	2013-01-27
GAP	globex_fx	NormalWeekPhaseWithheld	#79	2013-02-03	2013-02-03
GAP	globex_fx	NormalWeekPhaseWithheld	#79	2013-02-10	2013-02-10
GAP	globex_fx	NormalWeekPhaseWithheld	#79	2013-02-17	2013-02-17
GAP	globex_fx	NormalWeekPhaseWithheld	#79	2013-02-24	2013-02-24
GAP	globex_fx	NormalWeekPhaseWithheld	#79	2013-03-03	2013-03-03
GAP	globex_fx	NormalWeekPhaseWithheld	#79	2013-03-10	2013-03-10
GAP	globex_fx	NormalWeekPhaseWithheld	#79	2013-03-17	2013-03-17
GAP	globex_fx	NormalWeekPhaseWithheld	#79	2013-03-24	2013-03-24
GAP	globex_fx	NormalWeekPhaseWithheld	#79	2013-03-31	2013-03-31
GAP	globex_fx	NormalWeekPhaseWithheld	#79	2013-04-07	2013-04-07
GAP	globex_fx	NormalWeekPhaseWithheld	#79	2013-04-14	2013-04-14
GAP	globex_fx	NormalWeekPhaseWithheld	#79	2013-04-21	2013-04-21
GAP	globex_fx	NormalWeekPhaseWithheld	#79	2013-04-28	2013-04-28
GAP	globex_fx	NormalWeekPhaseWithheld	#79	2013-05-05	2013-05-05
GAP	globex_fx	NormalWeekPhaseWithheld	#79	2013-05-12	2013-05-12
GAP	globex_fx	NormalWeekPhaseWithheld	#79	2013-05-19	2013-05-19
GAP	globex_fx	NormalWeekPhaseWithheld	#79	2013-05-26	2013-05-26
GAP	globex_fx	NormalWeekPhaseWithheld	#79	2013-06-02	2013-06-02
GAP	globex_fx	NormalWeekPhaseWithheld	#79	2013-06-09	2013-06-09
GAP	globex_fx	NormalWeekPhaseWithheld	#79	2013-06-16	2013-06-16
GAP	globex_fx	NormalWeekPhaseWithheld	#79	2013-06-23	2013-06-23
GAP	globex_fx	NormalWeekPhaseWithheld	#79	2013-06-30	2013-06-30
GAP	globex_fx	NormalWeekPhaseWithheld	#79	2013-07-07	2013-07-07
GAP	globex_fx	NormalWeekPhaseWithheld	#79	2013-07-14	2013-07-14
GAP	globex_fx	NormalWeekPhaseWithheld	#79	2013-07-21	2013-07-21
GAP	globex_fx	NormalWeekPhaseWithheld	#79	2013-07-28	2013-07-28
GAP	globex_fx	NormalWeekPhaseWithheld	#79	2013-08-04	2013-08-04
GAP	globex_fx	NormalWeekPhaseWithheld	#79	2013-08-11	2013-08-11
GAP	globex_fx	NormalWeekPhaseWithheld	#79	2013-08-18	2013-08-18
GAP	globex_fx	NormalWeekPhaseWithheld	#79	2013-08-25	2013-08-25
GAP	globex_fx	NormalWeekPhaseWithheld	#79	2013-09-01	2013-09-01
GAP	globex_fx	NormalWeekPhaseWithheld	#79	2013-09-08	2013-09-08
GAP	globex_fx	NormalWeekPhaseWithheld	#79	2013-09-15	2013-09-15
GAP	globex_fx	NormalWeekPhaseWithheld	#79	2013-09-22	2013-09-22
GAP	globex_fx	NormalWeekPhaseWithheld	#79	2013-09-29	2013-09-29
GAP	globex_fx	NormalWeekPhaseWithheld	#79	2013-10-06	2013-10-06
GAP	globex_fx	NormalWeekPhaseWithheld	#79	2013-10-13	2013-10-13
GAP	globex_fx	NormalWeekPhaseWithheld	#79	2013-10-20	2013-10-20
GAP	globex_fx	NormalWeekPhaseWithheld	#79	2013-10-27	2013-10-27
GAP	globex_fx	NormalWeekPhaseWithheld	#79	2013-11-03	2013-11-03
GAP	globex_fx	NormalWeekPhaseWithheld	#79	2013-11-10	2013-11-10
GAP	globex_fx	NormalWeekPhaseWithheld	#79	2013-11-17	2013-11-17
GAP	globex_fx	NormalWeekPhaseWithheld	#79	2013-11-24	2013-11-24
GAP	globex_fx	NormalWeekPhaseWithheld	#79	2013-12-01	2013-12-01
GAP	globex_fx	NormalWeekPhaseWithheld	#79	2013-12-08	2013-12-08
GAP	globex_fx	NormalWeekPhaseWithheld	#79	2013-12-15	2013-12-15
GAP	globex_fx	NormalWeekPhaseWithheld	#79	2013-12-22	2013-12-22
GAP	globex_fx	NormalWeekPhaseWithheld	#79	2013-12-29	2013-12-29
GAP	globex_fx	NormalWeekPhaseWithheld	#79	2014-01-05	2014-01-05
GAP	globex_fx	NormalWeekPhaseWithheld	#79	2014-01-12	2014-01-12
GAP	globex_fx	NormalWeekPhaseWithheld	#79	2014-01-19	2014-01-19
GAP	globex_fx	NormalWeekPhaseWithheld	#79	2014-01-26	2014-01-26
GAP	globex_fx	NormalWeekPhaseWithheld	#79	2014-02-02	2014-02-02
GAP	globex_fx	NormalWeekPhaseWithheld	#79	2014-02-09	2014-02-09
GAP	globex_fx	NormalWeekPhaseWithheld	#79	2014-02-16	2014-02-16
GAP	globex_fx	NormalWeekPhaseWithheld	#79	2014-02-23	2014-02-23
GAP	globex_fx	NormalWeekPhaseWithheld	#79	2014-03-02	2014-03-02
GAP	globex_fx	NormalWeekPhaseWithheld	#79	2014-03-09	2014-03-09
GAP	globex_fx	NormalWeekPhaseWithheld	#79	2014-03-16	2014-03-16
GAP	globex_fx	NormalWeekPhaseWithheld	#79	2014-03-23	2014-03-23
GAP	globex_fx	NormalWeekPhaseWithheld	#79	2014-03-30	2014-03-30
GAP	globex_fx	NormalWeekPhaseWithheld	#79	2014-04-06	2014-04-06
GAP	globex_fx	NormalWeekPhaseWithheld	#79	2014-04-13	2014-04-13
GAP	globex_fx	NormalWeekPhaseWithheld	#79	2014-04-20	2014-04-20
GAP	globex_fx	NormalWeekPhaseWithheld	#79	2014-04-27	2014-04-27
GAP	globex_fx	NormalWeekPhaseWithheld	#79	2014-05-04	2014-05-04
GAP	globex_fx	NormalWeekPhaseWithheld	#79	2014-05-11	2014-05-11
GAP	globex_fx	NormalWeekPhaseWithheld	#79	2014-05-18	2014-05-18
GAP	globex_fx	NormalWeekPhaseWithheld	#79	2014-05-25	2014-05-25
GAP	globex_fx	NormalWeekPhaseWithheld	#79	2014-06-01	2014-06-01
GAP	globex_fx	NormalWeekPhaseWithheld	#79	2014-06-08	2014-06-08
GAP	globex_fx	NormalWeekPhaseWithheld	#79	2014-06-15	2014-06-15
GAP	globex_fx	NormalWeekPhaseWithheld	#79	2014-06-22	2014-06-22
GAP	globex_fx	NormalWeekPhaseWithheld	#79	2014-06-29	2014-06-29
GAP	globex_fx	NormalWeekPhaseWithheld	#79	2014-07-06	2014-07-06
GAP	globex_fx	NormalWeekPhaseWithheld	#79	2014-07-13	2014-07-13
GAP	globex_fx	NormalWeekPhaseWithheld	#79	2014-07-20	2014-07-20
GAP	globex_fx	NormalWeekPhaseWithheld	#79	2014-07-27	2014-07-27
GAP	globex_fx	NormalWeekPhaseWithheld	#79	2014-08-03	2014-08-03
GAP	globex_fx	NormalWeekPhaseWithheld	#79	2014-08-10	2014-08-10
GAP	globex_fx	NormalWeekPhaseWithheld	#79	2014-08-17	2014-08-17
GAP	globex_fx	NormalWeekPhaseWithheld	#79	2014-08-24	2014-08-24
GAP	globex_fx	NormalWeekPhaseWithheld	#79	2014-08-31	2014-08-31
GAP	globex_fx	NormalWeekPhaseWithheld	#79	2014-09-07	2014-09-07
GAP	globex_fx	NormalWeekPhaseWithheld	#79	2014-09-14	2014-09-14
GAP	globex_fx	NormalWeekPhaseWithheld	#79	2014-09-21	2014-09-21
GAP	globex_fx	NormalWeekPhaseWithheld	#79	2014-09-28	2014-09-28
GAP	globex_fx	NormalWeekPhaseWithheld	#79	2014-10-05	2014-10-05
GAP	globex_fx	NormalWeekPhaseWithheld	#79	2014-10-12	2014-10-12
GAP	globex_fx	NormalWeekPhaseWithheld	#79	2014-10-19	2014-10-19
GAP	globex_fx	NormalWeekPhaseWithheld	#79	2014-10-26	2014-10-26
GAP	globex_fx	NormalWeekPhaseWithheld	#79	2014-11-02	2014-11-02
GAP	globex_fx	NormalWeekPhaseWithheld	#79	2014-11-09	2014-11-09
GAP	globex_fx	NormalWeekPhaseWithheld	#79	2014-11-16	2014-11-16
GAP	globex_fx	NormalWeekPhaseWithheld	#79	2014-11-23	2014-11-23
GAP	globex_fx	NormalWeekPhaseWithheld	#79	2014-11-30	2014-11-30
GAP	globex_fx	NormalWeekPhaseWithheld	#79	2014-12-07	2014-12-07
GAP	globex_fx	NormalWeekPhaseWithheld	#79	2014-12-14	2014-12-14
GAP	globex_fx	NormalWeekPhaseWithheld	#79	2014-12-21	2014-12-21
GAP	globex_fx	NormalWeekPhaseWithheld	#79	2014-12-28	2014-12-28
GAP	globex_fx	NormalWeekPhaseWithheld	#79	2015-01-04	2015-01-04
GAP	globex_fx	NormalWeekPhaseWithheld	#79	2015-01-11	2015-01-11
GAP	globex_fx	NormalWeekPhaseWithheld	#79	2015-01-18	2015-01-18
GAP	globex_fx	NormalWeekPhaseWithheld	#79	2015-01-25	2015-01-25
GAP	globex_fx	NormalWeekPhaseWithheld	#79	2015-02-01	2015-02-01
GAP	globex_fx	NormalWeekPhaseWithheld	#79	2015-02-08	2015-02-08
GAP	globex_fx	NormalWeekPhaseWithheld	#79	2015-02-15	2015-02-15
GAP	globex_fx	NormalWeekPhaseWithheld	#79	2015-02-22	2015-02-22
GAP	globex_fx	NormalWeekPhaseWithheld	#79	2015-03-01	2015-03-01
GAP	globex_fx	NormalWeekPhaseWithheld	#79	2015-03-08	2015-03-08
GAP	globex_fx	NormalWeekPhaseWithheld	#79	2015-03-15	2015-03-15
GAP	globex_fx	NormalWeekPhaseWithheld	#79	2015-03-22	2015-03-22
GAP	globex_fx	NormalWeekPhaseWithheld	#79	2015-03-29	2015-03-29
GAP	globex_fx	NormalWeekPhaseWithheld	#79	2015-04-05	2015-04-05
GAP	globex_fx	NormalWeekPhaseWithheld	#79	2015-04-12	2015-04-12
GAP	globex_fx	NormalWeekPhaseWithheld	#79	2015-04-19	2015-04-19
GAP	globex_fx	NormalWeekPhaseWithheld	#79	2015-04-26	2015-04-26
GAP	globex_fx	NormalWeekPhaseWithheld	#79	2015-05-03	2015-05-03
GAP	globex_fx	NormalWeekPhaseWithheld	#79	2015-05-10	2015-05-10
GAP	globex_fx	NormalWeekPhaseWithheld	#79	2015-05-17	2015-05-17
GAP	globex_fx	NormalWeekPhaseWithheld	#79	2015-05-24	2015-05-24
GAP	globex_fx	NormalWeekPhaseWithheld	#79	2015-05-31	2015-05-31
GAP	globex_fx	NormalWeekPhaseWithheld	#79	2015-06-07	2015-06-07
GAP	globex_fx	NormalWeekPhaseWithheld	#79	2015-06-14	2015-06-14
GAP	globex_fx	NormalWeekPhaseWithheld	#79	2015-06-21	2015-06-21
GAP	globex_fx	NormalWeekPhaseWithheld	#79	2015-06-28	2015-06-28
GAP	globex_fx	NormalWeekPhaseWithheld	#79	2015-07-05	2015-07-05
GAP	globex_fx	NormalWeekPhaseWithheld	#79	2015-07-12	2015-07-12
GAP	globex_fx	NormalWeekPhaseWithheld	#79	2015-07-19	2015-07-19
GAP	globex_fx	NormalWeekPhaseWithheld	#79	2015-07-26	2015-07-26
GAP	globex_fx	NormalWeekPhaseWithheld	#79	2015-08-02	2015-08-02
GAP	globex_fx	NormalWeekPhaseWithheld	#79	2015-08-09	2015-08-09
GAP	globex_fx	NormalWeekPhaseWithheld	#79	2015-08-16	2015-08-16
GAP	globex_fx	NormalWeekPhaseWithheld	#79	2015-08-23	2015-08-23
GAP	globex_fx	NormalWeekPhaseWithheld	#79	2015-08-30	2015-08-30
GAP	globex_fx	NormalWeekPhaseWithheld	#79	2015-09-06	2015-09-06
GAP	globex_fx	NormalWeekPhaseWithheld	#79	2015-09-13	2015-09-13
GAP	globex_fx	NormalWeekPhaseWithheld	#79	2015-09-20	2015-09-20
GAP	globex_fx	NormalWeekPhaseWithheld	#79	2015-09-27	2015-09-27
GAP	globex_fx	NormalWeekPhaseWithheld	#79	2015-10-04	2015-10-04
GAP	globex_fx	NormalWeekPhaseWithheld	#79	2015-10-11	2015-10-11
GAP	globex_fx	NormalWeekPhaseWithheld	#79	2015-10-18	2015-10-18
GAP	globex_fx	NormalWeekPhaseWithheld	#79	2015-10-25	2015-10-25
GAP	globex_fx	NormalWeekPhaseWithheld	#79	2015-11-01	2015-11-01
GAP	globex_fx	NormalWeekPhaseWithheld	#79	2015-11-08	2015-11-08
GAP	globex_fx	NormalWeekPhaseWithheld	#79	2015-11-15	2015-11-15
GAP	globex_fx	NormalWeekPhaseWithheld	#79	2015-11-22	2015-11-22
GAP	globex_fx	NormalWeekPhaseWithheld	#79	2015-11-29	2015-11-29
GAP	globex_fx	NormalWeekPhaseWithheld	#79	2015-12-06	2015-12-06
GAP	globex_fx	NormalWeekPhaseWithheld	#79	2015-12-13	2015-12-13
GAP	globex_fx	NormalWeekPhaseWithheld	#79	2015-12-20	2015-12-20
GAP	globex_fx	NormalWeekPhaseWithheld	#79	2015-12-27	2015-12-27
GAP	globex_fx	NormalWeekPhaseWithheld	#79	2016-01-03	2016-01-03
GAP	globex_fx	NormalWeekPhaseWithheld	#79	2016-01-10	2016-01-10
GAP	globex_fx	NormalWeekPhaseWithheld	#79	2016-01-17	2016-01-17
GAP	globex_fx	NormalWeekPhaseWithheld	#79	2016-01-24	2016-01-24
GAP	globex_fx	NormalWeekPhaseWithheld	#79	2016-01-31	2016-01-31
GAP	globex_fx	NormalWeekPhaseWithheld	#79	2016-02-07	2016-02-07
GAP	globex_fx	NormalWeekPhaseWithheld	#79	2016-02-14	2016-02-14
GAP	globex_fx	NormalWeekPhaseWithheld	#79	2016-02-21	2016-02-21
GAP	globex_fx	NormalWeekPhaseWithheld	#79	2016-02-28	2016-02-28
GAP	globex_fx	NormalWeekPhaseWithheld	#79	2016-03-06	2016-03-06
GAP	globex_fx	NormalWeekPhaseWithheld	#79	2016-03-13	2016-03-13
GAP	globex_fx	NormalWeekPhaseWithheld	#79	2016-03-20	2016-03-20
GAP	globex_fx	NormalWeekPhaseWithheld	#79	2016-03-27	2016-03-27
GAP	globex_fx	NormalWeekPhaseWithheld	#79	2016-04-03	2016-04-03
GAP	globex_fx	NormalWeekPhaseWithheld	#79	2016-04-10	2016-04-10
GAP	globex_fx	NormalWeekPhaseWithheld	#79	2016-04-17	2016-04-17
GAP	globex_fx	NormalWeekPhaseWithheld	#79	2016-04-24	2016-04-24
GAP	globex_fx	NormalWeekPhaseWithheld	#79	2016-05-01	2016-05-01
GAP	globex_fx	NormalWeekPhaseWithheld	#79	2016-05-08	2016-05-08
GAP	globex_fx	NormalWeekPhaseWithheld	#79	2016-05-15	2016-05-15
GAP	globex_fx	NormalWeekPhaseWithheld	#79	2016-05-22	2016-05-22
GAP	globex_fx	NormalWeekPhaseWithheld	#79	2016-05-29	2016-05-29
GAP	globex_fx	NormalWeekPhaseWithheld	#79	2016-06-05	2016-06-05
GAP	globex_fx	NormalWeekPhaseWithheld	#79	2016-06-12	2016-06-12
GAP	globex_fx	NormalWeekPhaseWithheld	#79	2016-06-19	2016-06-19
GAP	globex_fx	NormalWeekPhaseWithheld	#79	2016-06-26	2016-06-26
GAP	globex_fx	NormalWeekPhaseWithheld	#79	2016-07-03	2016-07-03
GAP	globex_fx	NormalWeekPhaseWithheld	#79	2016-07-10	2016-07-10
GAP	globex_fx	NormalWeekPhaseWithheld	#79	2016-07-17	2016-07-17
GAP	globex_fx	NormalWeekPhaseWithheld	#79	2016-07-24	2016-07-24
GAP	globex_fx	NormalWeekPhaseWithheld	#79	2016-07-31	2016-07-31
GAP	globex_fx	NormalWeekPhaseWithheld	#79	2016-08-07	2016-08-07
GAP	globex_fx	NormalWeekPhaseWithheld	#79	2016-08-14	2016-08-14
GAP	globex_fx	NormalWeekPhaseWithheld	#79	2016-08-21	2016-08-21
GAP	globex_fx	NormalWeekPhaseWithheld	#79	2016-08-28	2016-08-28
GAP	globex_fx	NormalWeekPhaseWithheld	#79	2016-09-04	2016-09-04
GAP	globex_fx	NormalWeekPhaseWithheld	#79	2016-09-11	2016-09-11
GAP	globex_fx	NormalWeekPhaseWithheld	#79	2016-09-18	2016-09-18
GAP	globex_fx	NormalWeekPhaseWithheld	#79	2016-09-25	2016-09-25
GAP	globex_fx	NormalWeekPhaseWithheld	#79	2016-10-02	2016-10-02
GAP	globex_fx	NormalWeekPhaseWithheld	#79	2016-10-09	2016-10-09
GAP	globex_fx	NormalWeekPhaseWithheld	#79	2016-10-16	2016-10-16
GAP	globex_fx	NormalWeekPhaseWithheld	#79	2016-10-23	2016-10-23
GAP	globex_fx	NormalWeekPhaseWithheld	#79	2016-10-30	2016-10-30
GAP	globex_fx	NormalWeekPhaseWithheld	#79	2016-11-06	2016-11-06
GAP	globex_fx	NormalWeekPhaseWithheld	#79	2016-11-13	2016-11-13
GAP	globex_fx	NormalWeekPhaseWithheld	#79	2016-11-20	2016-11-20
GAP	globex_fx	NormalWeekPhaseWithheld	#79	2016-11-27	2016-11-27
GAP	globex_fx	NormalWeekPhaseWithheld	#79	2016-12-04	2016-12-04
GAP	globex_fx	NormalWeekPhaseWithheld	#79	2016-12-11	2016-12-11
GAP	globex_fx	NormalWeekPhaseWithheld	#79	2016-12-18	2016-12-18
GAP	globex_fx	NormalWeekPhaseWithheld	#79	2017-01-08	2017-01-08
GAP	globex_fx	NormalWeekPhaseWithheld	#79	2017-01-15	2017-01-15
GAP	globex_fx	NormalWeekPhaseWithheld	#79	2017-01-22	2017-01-22
GAP	globex_fx	NormalWeekPhaseWithheld	#79	2017-01-29	2017-01-29
GAP	globex_fx	NormalWeekPhaseWithheld	#79	2017-02-05	2017-02-05
GAP	globex_fx	NormalWeekPhaseWithheld	#79	2017-02-12	2017-02-12
GAP	globex_fx	NormalWeekPhaseWithheld	#79	2017-02-19	2017-02-19
GAP	globex_fx	NormalWeekPhaseWithheld	#79	2017-02-26	2017-02-26
GAP	globex_fx	NormalWeekPhaseWithheld	#79	2017-03-05	2017-03-05
GAP	globex_fx	NormalWeekPhaseWithheld	#79	2017-03-12	2017-03-12
GAP	globex_fx	NormalWeekPhaseWithheld	#79	2017-03-19	2017-03-19
GAP	globex_fx	NormalWeekPhaseWithheld	#79	2017-03-26	2017-03-26
GAP	globex_fx	NormalWeekPhaseWithheld	#79	2017-04-02	2017-04-02
GAP	globex_fx	NormalWeekPhaseWithheld	#79	2017-04-09	2017-04-09
GAP	globex_fx	NormalWeekPhaseWithheld	#79	2017-04-16	2017-04-16
GAP	globex_fx	NormalWeekPhaseWithheld	#79	2017-04-23	2017-04-23
GAP	globex_fx	NormalWeekPhaseWithheld	#79	2017-04-30	2017-04-30
GAP	globex_fx	NormalWeekPhaseWithheld	#79	2017-05-07	2017-05-07
GAP	globex_fx	NormalWeekPhaseWithheld	#79	2017-05-14	2017-05-14
GAP	globex_fx	NormalWeekPhaseWithheld	#79	2017-05-21	2017-05-21
GAP	globex_fx	NormalWeekPhaseWithheld	#79	2017-05-28	2017-05-28
GAP	globex_fx	NormalWeekPhaseWithheld	#79	2017-06-04	2017-06-04
GAP	globex_fx	NormalWeekPhaseWithheld	#79	2017-06-11	2017-06-11
GAP	globex_fx	NormalWeekPhaseWithheld	#79	2017-06-18	2017-06-18
GAP	globex_fx	NormalWeekPhaseWithheld	#79	2017-06-25	2017-06-25
GAP	globex_fx	NormalWeekPhaseWithheld	#79	2017-07-02	2017-07-02
GAP	globex_fx	NormalWeekPhaseWithheld	#79	2017-07-09	2017-07-09
GAP	globex_fx	NormalWeekPhaseWithheld	#79	2017-07-16	2017-07-16
GAP	globex_fx	NormalWeekPhaseWithheld	#79	2017-07-23	2017-07-23
GAP	globex_fx	NormalWeekPhaseWithheld	#79	2017-07-30	2017-07-30
GAP	globex_fx	NormalWeekPhaseWithheld	#79	2017-08-06	2017-08-06
GAP	globex_fx	NormalWeekPhaseWithheld	#79	2017-08-13	2017-08-13
GAP	globex_fx	NormalWeekPhaseWithheld	#79	2017-08-20	2017-08-20
GAP	globex_fx	NormalWeekPhaseWithheld	#79	2017-08-27	2017-08-27
GAP	globex_fx	NormalWeekPhaseWithheld	#79	2017-09-03	2017-09-03
GAP	globex_fx	NormalWeekPhaseWithheld	#79	2017-09-10	2017-09-10
GAP	globex_fx	NormalWeekPhaseWithheld	#79	2017-09-17	2017-09-17
GAP	globex_fx	NormalWeekPhaseWithheld	#79	2017-09-24	2017-09-24
GAP	globex_fx	NormalWeekPhaseWithheld	#79	2017-10-01	2017-10-01
GAP	globex_fx	NormalWeekPhaseWithheld	#79	2017-10-08	2017-10-08
GAP	globex_fx	NormalWeekPhaseWithheld	#79	2017-10-15	2017-10-15
GAP	globex_fx	NormalWeekPhaseWithheld	#79	2017-10-22	2017-10-22
GAP	globex_fx	NormalWeekPhaseWithheld	#79	2017-10-29	2017-10-29
GAP	globex_fx	NormalWeekPhaseWithheld	#79	2017-11-05	2017-11-05
GAP	globex_fx	NormalWeekPhaseWithheld	#79	2017-11-12	2017-11-12
GAP	globex_fx	NormalWeekPhaseWithheld	#79	2017-11-19	2017-11-19
GAP	globex_fx	NormalWeekPhaseWithheld	#79	2017-11-26	2017-11-26
GAP	globex_fx	NormalWeekPhaseWithheld	#79	2017-12-03	2017-12-03
GAP	globex_fx	NormalWeekPhaseWithheld	#79	2017-12-10	2017-12-10
GAP	globex_fx	NormalWeekPhaseWithheld	#79	2017-12-17	2017-12-17
GAP	globex_fx	NormalWeekPhaseWithheld	#79	2018-01-07	2018-01-07
GAP	globex_fx	NormalWeekPhaseWithheld	#79	2018-01-14	2018-01-14
GAP	globex_fx	NormalWeekPhaseWithheld	#79	2018-01-21	2018-01-21
GAP	globex_fx	NormalWeekPhaseWithheld	#79	2018-01-28	2018-01-28
GAP	globex_fx	NormalWeekPhaseWithheld	#79	2018-02-04	2018-02-04
GAP	globex_fx	NormalWeekPhaseWithheld	#79	2018-02-11	2018-02-11
GAP	globex_fx	NormalWeekPhaseWithheld	#79	2018-02-18	2018-02-18
GAP	globex_fx	NormalWeekPhaseWithheld	#79	2018-02-25	2018-02-25
GAP	globex_fx	NormalWeekPhaseWithheld	#79	2018-03-04	2018-03-04
GAP	globex_fx	NormalWeekPhaseWithheld	#79	2018-03-11	2018-03-11
GAP	globex_fx	NormalWeekPhaseWithheld	#79	2018-03-18	2018-03-18
GAP	globex_fx	NormalWeekPhaseWithheld	#79	2018-03-25	2018-03-25
GAP	globex_fx	NormalWeekPhaseWithheld	#79	2018-04-01	2018-04-01
GAP	globex_fx	NormalWeekPhaseWithheld	#79	2018-04-08	2018-04-08
GAP	globex_fx	NormalWeekPhaseWithheld	#79	2018-04-15	2018-04-15
GAP	globex_fx	NormalWeekPhaseWithheld	#79	2018-04-22	2018-04-22
GAP	globex_fx	NormalWeekPhaseWithheld	#79	2018-04-29	2018-04-29
GAP	globex_fx	NormalWeekPhaseWithheld	#79	2018-05-06	2018-05-06
GAP	globex_fx	NormalWeekPhaseWithheld	#79	2018-05-13	2018-05-13
GAP	globex_fx	NormalWeekPhaseWithheld	#79	2018-05-20	2018-05-20
GAP	globex_fx	NormalWeekPhaseWithheld	#79	2018-05-27	2018-05-27
GAP	globex_fx	NormalWeekPhaseWithheld	#79	2018-06-03	2018-06-03
GAP	globex_fx	NormalWeekPhaseWithheld	#79	2018-06-10	2018-06-10
GAP	globex_fx	NormalWeekPhaseWithheld	#79	2018-06-17	2018-06-17
GAP	globex_fx	NormalWeekPhaseWithheld	#79	2018-06-24	2018-06-24
GAP	globex_fx	NormalWeekPhaseWithheld	#79	2018-07-01	2018-07-01
GAP	globex_fx	NormalWeekPhaseWithheld	#79	2018-07-08	2018-07-08
GAP	globex_fx	NormalWeekPhaseWithheld	#79	2018-07-15	2018-07-15
GAP	globex_fx	NormalWeekPhaseWithheld	#79	2018-07-22	2018-07-22
GAP	globex_fx	NormalWeekPhaseWithheld	#79	2018-07-29	2018-07-29
GAP	globex_fx	NormalWeekPhaseWithheld	#79	2018-08-05	2018-08-05
GAP	globex_fx	NormalWeekPhaseWithheld	#79	2018-08-12	2018-08-12
GAP	globex_fx	NormalWeekPhaseWithheld	#79	2018-08-19	2018-08-19
GAP	globex_fx	NormalWeekPhaseWithheld	#79	2018-08-26	2018-08-26
GAP	globex_fx	NormalWeekPhaseWithheld	#79	2018-09-02	2018-09-02
GAP	globex_fx	NormalWeekPhaseWithheld	#79	2018-09-09	2018-09-09
GAP	globex_fx	NormalWeekPhaseWithheld	#79	2018-09-16	2018-09-16
GAP	globex_fx	NormalWeekPhaseWithheld	#79	2018-09-23	2018-09-23
GAP	globex_fx	NormalWeekPhaseWithheld	#79	2018-09-30	2018-09-30
GAP	globex_fx	NormalWeekPhaseWithheld	#79	2018-10-07	2018-10-07
GAP	globex_fx	NormalWeekPhaseWithheld	#79	2018-10-14	2018-10-14
GAP	globex_fx	NormalWeekPhaseWithheld	#79	2018-10-21	2018-10-21
GAP	globex_fx	NormalWeekPhaseWithheld	#79	2018-10-28	2018-10-28
GAP	globex_fx	NormalWeekPhaseWithheld	#79	2018-11-04	2018-11-04
GAP	globex_fx	NormalWeekPhaseWithheld	#79	2018-11-11	2018-11-11
GAP	globex_fx	NormalWeekPhaseWithheld	#79	2018-11-18	2018-11-18
GAP	globex_fx	NormalWeekPhaseWithheld	#79	2018-11-25	2018-11-25
GAP	globex_fx	NormalWeekPhaseWithheld	#79	2018-12-02	2018-12-02
GAP	globex_fx	NormalWeekPhaseWithheld	#79	2018-12-09	2018-12-09
GAP	globex_fx	NormalWeekPhaseWithheld	#79	2018-12-16	2018-12-16
GAP	globex_fx	NormalWeekPhaseWithheld	#79	2018-12-23	2018-12-23
GAP	globex_fx	NormalWeekPhaseWithheld	#79	2018-12-30	2018-12-30
GAP	globex_fx	NormalWeekPhaseWithheld	#79	2019-01-06	2019-01-06
GAP	globex_fx	NormalWeekPhaseWithheld	#79	2019-01-13	2019-01-13
GAP	globex_fx	NormalWeekPhaseWithheld	#79	2019-01-20	2019-01-20
GAP	globex_fx	NormalWeekPhaseWithheld	#79	2019-01-27	2019-01-27
GAP	globex_fx	NormalWeekPhaseWithheld	#79	2019-02-03	2019-02-03
GAP	globex_fx	NormalWeekPhaseWithheld	#79	2019-02-10	2019-02-10
GAP	globex_fx	NormalWeekPhaseWithheld	#79	2019-02-17	2019-02-17
GAP	globex_fx	NormalWeekPhaseWithheld	#79	2019-02-24	2019-02-24
GAP	globex_fx	NormalWeekPhaseWithheld	#79	2019-03-03	2019-03-03
GAP	globex_fx	NormalWeekPhaseWithheld	#79	2019-03-10	2019-03-10
GAP	globex_fx	NormalWeekPhaseWithheld	#79	2019-03-17	2019-03-17
GAP	globex_fx	NormalWeekPhaseWithheld	#79	2019-03-24	2019-03-24
GAP	globex_fx	NormalWeekPhaseWithheld	#79	2019-03-31	2019-03-31
GAP	globex_fx	NormalWeekPhaseWithheld	#79	2019-04-07	2019-04-07
GAP	globex_fx	NormalWeekPhaseWithheld	#79	2019-04-14	2019-04-14
GAP	globex_fx	NormalWeekPhaseWithheld	#79	2019-04-21	2019-04-21
GAP	globex_fx	NormalWeekPhaseWithheld	#79	2019-04-28	2019-04-28
GAP	globex_fx	NormalWeekPhaseWithheld	#79	2019-05-05	2019-05-05
GAP	globex_fx	NormalWeekPhaseWithheld	#79	2019-05-12	2019-05-12
GAP	globex_fx	NormalWeekPhaseWithheld	#79	2019-05-19	2019-05-19
GAP	globex_fx	NormalWeekPhaseWithheld	#79	2019-05-26	2019-05-26
GAP	globex_fx	NormalWeekPhaseWithheld	#79	2019-06-02	2019-06-02
GAP	globex_fx	NormalWeekPhaseWithheld	#79	2019-06-09	2019-06-09
GAP	globex_fx	NormalWeekPhaseWithheld	#79	2019-06-16	2019-06-16
GAP	globex_fx	ResolutionEdge	-	2019-06-18	2019-06-18
GAP	globex_fx	WithheldDate	-	2019-06-19	2019-06-19
GAP	globex_fx	ResolutionEdge	-	2019-06-20	2019-06-22
GAP	globex_fx	NormalWeekPhaseWithheld	#79	2019-06-23	2019-06-23
GAP	globex_fx	NormalWeekPhaseWithheld	#79	2019-06-30	2019-06-30
GAP	globex_fx	NormalWeekPhaseWithheld	#79	2019-07-07	2019-07-07
GAP	globex_fx	NormalWeekPhaseWithheld	#79	2019-07-14	2019-07-14
GAP	globex_fx	NormalWeekPhaseWithheld	#79	2019-07-21	2019-07-21
GAP	globex_fx	NormalWeekPhaseWithheld	#79	2019-07-28	2019-07-28
GAP	globex_fx	NormalWeekPhaseWithheld	#79	2019-08-04	2019-08-04
GAP	globex_fx	NormalWeekPhaseWithheld	#79	2019-08-11	2019-08-11
GAP	globex_fx	NormalWeekPhaseWithheld	#79	2019-08-18	2019-08-18
GAP	globex_fx	NormalWeekPhaseWithheld	#79	2019-08-25	2019-08-25
GAP	globex_fx	NormalWeekPhaseWithheld	#79	2019-09-01	2019-09-01
GAP	globex_fx	NormalWeekPhaseWithheld	#79	2019-09-08	2019-09-08
GAP	globex_fx	NormalWeekPhaseWithheld	#79	2019-09-15	2019-09-15
GAP	globex_fx	NormalWeekPhaseWithheld	#79	2019-09-22	2019-09-22
GAP	globex_fx	NormalWeekPhaseWithheld	#79	2019-09-29	2019-09-29
GAP	globex_fx	NormalWeekPhaseWithheld	#79	2019-10-06	2019-10-06
GAP	globex_fx	NormalWeekPhaseWithheld	#79	2019-10-13	2019-10-13
GAP	globex_fx	NormalWeekPhaseWithheld	#79	2019-10-20	2019-10-20
GAP	globex_fx	NormalWeekPhaseWithheld	#79	2019-10-27	2019-10-27
GAP	globex_fx	NormalWeekPhaseWithheld	#79	2019-11-03	2019-11-03
GAP	globex_fx	NormalWeekPhaseWithheld	#79	2019-11-10	2019-11-10
GAP	globex_fx	NormalWeekPhaseWithheld	#79	2019-11-17	2019-11-17
GAP	globex_fx	NormalWeekPhaseWithheld	#79	2019-11-24	2019-11-24
GAP	globex_fx	NormalWeekPhaseWithheld	#79	2019-12-01	2019-12-01
GAP	globex_fx	NormalWeekPhaseWithheld	#79	2019-12-08	2019-12-08
GAP	globex_fx	NormalWeekPhaseWithheld	#79	2019-12-15	2019-12-15
GAP	globex_fx	NormalWeekPhaseWithheld	#79	2019-12-22	2019-12-22
GAP	globex_fx	NormalWeekPhaseWithheld	#79	2019-12-29	2019-12-29
GAP	globex_fx	NormalWeekPhaseWithheld	#79	2020-01-05	2020-01-05
GAP	globex_fx	NormalWeekPhaseWithheld	#79	2020-01-12	2020-01-12
GAP	globex_fx	NormalWeekPhaseWithheld	#79	2020-01-19	2020-01-19
GAP	globex_fx	NormalWeekPhaseWithheld	#79	2020-01-26	2020-01-26
GAP	globex_fx	NormalWeekPhaseWithheld	#79	2020-02-02	2020-02-02
GAP	globex_fx	NormalWeekPhaseWithheld	#79	2020-02-09	2020-02-09
GAP	globex_fx	NormalWeekPhaseWithheld	#79	2020-02-16	2020-02-16
GAP	globex_fx	NormalWeekPhaseWithheld	#79	2020-02-23	2020-02-23
GAP	globex_fx	NormalWeekPhaseWithheld	#79	2020-03-01	2020-03-01
GAP	globex_fx	NormalWeekPhaseWithheld	#79	2020-03-08	2020-03-08
GAP	globex_fx	NormalWeekPhaseWithheld	#79	2020-03-15	2020-03-15
GAP	globex_fx	NormalWeekPhaseWithheld	#79	2020-03-22	2020-03-22
GAP	globex_fx	NormalWeekPhaseWithheld	#79	2020-03-29	2020-03-29
GAP	globex_fx	NormalWeekPhaseWithheld	#79	2020-04-05	2020-04-05
GAP	globex_fx	NormalWeekPhaseWithheld	#79	2020-04-12	2020-04-12
GAP	globex_fx	NormalWeekPhaseWithheld	#79	2020-04-19	2020-04-19
GAP	globex_fx	NormalWeekPhaseWithheld	#79	2020-04-26	2020-04-26
GAP	globex_fx	NormalWeekPhaseWithheld	#79	2020-05-03	2020-05-03
GAP	globex_fx	NormalWeekPhaseWithheld	#79	2020-05-10	2020-05-10
GAP	globex_fx	NormalWeekPhaseWithheld	#79	2020-05-17	2020-05-17
GAP	globex_fx	NormalWeekPhaseWithheld	#79	2020-05-24	2020-05-24
GAP	globex_fx	NormalWeekPhaseWithheld	#79	2020-05-31	2020-05-31
GAP	globex_fx	NormalWeekPhaseWithheld	#79	2020-06-07	2020-06-07
GAP	globex_fx	NormalWeekPhaseWithheld	#79	2020-06-14	2020-06-14
GAP	globex_fx	ResolutionEdge	-	2020-06-18	2020-06-18
GAP	globex_fx	WithheldDate	-	2020-06-19	2020-06-19
GAP	globex_fx	ResolutionEdge	-	2020-06-20	2020-06-20
GAP	globex_fx	NormalWeekPhaseWithheld	#79	2020-06-21	2020-06-21
GAP	globex_fx	NormalWeekPhaseWithheld	#79	2020-06-28	2020-06-28
GAP	globex_fx	NormalWeekPhaseWithheld	#79	2020-07-05	2020-07-05
GAP	globex_fx	NormalWeekPhaseWithheld	#79	2020-07-12	2020-07-12
GAP	globex_fx	NormalWeekPhaseWithheld	#79	2020-07-19	2020-07-19
GAP	globex_fx	NormalWeekPhaseWithheld	#79	2020-07-26	2020-07-26
GAP	globex_fx	NormalWeekPhaseWithheld	#79	2020-08-02	2020-08-02
GAP	globex_fx	NormalWeekPhaseWithheld	#79	2020-08-09	2020-08-09
GAP	globex_fx	NormalWeekPhaseWithheld	#79	2020-08-16	2020-08-16
GAP	globex_fx	NormalWeekPhaseWithheld	#79	2020-08-23	2020-08-23
GAP	globex_fx	NormalWeekPhaseWithheld	#79	2020-08-30	2020-08-30
GAP	globex_fx	NormalWeekPhaseWithheld	#79	2020-09-06	2020-09-06
GAP	globex_fx	NormalWeekPhaseWithheld	#79	2020-09-13	2020-09-13
GAP	globex_fx	NormalWeekPhaseWithheld	#79	2020-09-20	2020-09-20
GAP	globex_fx	NormalWeekPhaseWithheld	#79	2020-09-27	2020-09-27
GAP	globex_fx	NormalWeekPhaseWithheld	#79	2020-10-04	2020-10-04
GAP	globex_fx	NormalWeekPhaseWithheld	#79	2020-10-11	2020-10-11
GAP	globex_fx	NormalWeekPhaseWithheld	#79	2020-10-18	2020-10-18
GAP	globex_fx	NormalWeekPhaseWithheld	#79	2020-10-25	2020-10-25
GAP	globex_fx	NormalWeekPhaseWithheld	#79	2020-11-01	2020-11-01
GAP	globex_fx	NormalWeekPhaseWithheld	#79	2020-11-08	2020-11-08
GAP	globex_fx	NormalWeekPhaseWithheld	#79	2020-11-15	2020-11-15
GAP	globex_fx	NormalWeekPhaseWithheld	#79	2020-11-22	2020-11-22
GAP	globex_fx	NormalWeekPhaseWithheld	#79	2020-11-29	2020-11-29
GAP	globex_fx	NormalWeekPhaseWithheld	#79	2020-12-06	2020-12-06
GAP	globex_fx	NormalWeekPhaseWithheld	#79	2020-12-13	2020-12-13
GAP	globex_fx	NormalWeekPhaseWithheld	#79	2020-12-20	2020-12-20
GAP	globex_fx	NormalWeekPhaseWithheld	#79	2020-12-27	2020-12-27
GAP	globex_fx	NormalWeekPhaseWithheld	#79	2021-01-03	2021-01-03
GAP	globex_fx	NormalWeekPhaseWithheld	#79	2021-01-10	2021-01-10
GAP	globex_fx	NormalWeekPhaseWithheld	#79	2021-01-17	2021-01-17
GAP	globex_fx	NormalWeekPhaseWithheld	#79	2021-01-24	2021-01-24
GAP	globex_fx	NormalWeekPhaseWithheld	#79	2021-01-31	2021-01-31
GAP	globex_fx	NormalWeekPhaseWithheld	#79	2021-02-07	2021-02-07
GAP	globex_fx	NormalWeekPhaseWithheld	#79	2021-02-14	2021-02-14
GAP	globex_fx	NormalWeekPhaseWithheld	#79	2021-02-21	2021-02-21
GAP	globex_fx	NormalWeekPhaseWithheld	#79	2021-02-28	2021-02-28
GAP	globex_fx	NormalWeekPhaseWithheld	#79	2021-03-07	2021-03-07
GAP	globex_fx	NormalWeekPhaseWithheld	#79	2021-03-14	2021-03-14
GAP	globex_fx	NormalWeekPhaseWithheld	#79	2021-03-21	2021-03-21
GAP	globex_fx	NormalWeekPhaseWithheld	#79	2021-03-28	2021-03-28
GAP	globex_fx	NormalWeekPhaseWithheld	#79	2021-04-04	2021-04-04
GAP	globex_fx	NormalWeekPhaseWithheld	#79	2021-04-11	2021-04-11
GAP	globex_fx	NormalWeekPhaseWithheld	#79	2021-04-18	2021-04-18
GAP	globex_fx	NormalWeekPhaseWithheld	#79	2021-04-25	2021-04-25
GAP	globex_fx	NormalWeekPhaseWithheld	#79	2021-05-02	2021-05-02
GAP	globex_fx	NormalWeekPhaseWithheld	#79	2021-05-09	2021-05-09
GAP	globex_fx	NormalWeekPhaseWithheld	#79	2021-05-16	2021-05-16
GAP	globex_fx	NormalWeekPhaseWithheld	#79	2021-05-23	2021-05-23
GAP	globex_fx	NormalWeekPhaseWithheld	#79	2021-05-30	2021-05-30
GAP	globex_fx	NormalWeekPhaseWithheld	#79	2021-06-06	2021-06-06
GAP	globex_fx	NormalWeekPhaseWithheld	#79	2021-06-13	2021-06-13
GAP	globex_fx	ResolutionEdge	-	2021-06-18	2021-06-18
GAP	globex_fx	WithheldDate	-	2021-06-19	2021-06-19
GAP	globex_fx	NormalWeekPhaseWithheld	#79	2021-06-20	2021-06-20
GAP	globex_fx	NormalWeekPhaseWithheld	#79	2021-06-27	2021-06-27
GAP	globex_fx	NormalWeekPhaseWithheld	#79	2021-07-04	2021-07-04
GAP	globex_fx	NormalWeekPhaseWithheld	#79	2021-07-11	2021-07-11
GAP	globex_fx	NormalWeekPhaseWithheld	#79	2021-07-18	2021-07-18
GAP	globex_fx	NormalWeekPhaseWithheld	#79	2021-07-25	2021-07-25
GAP	globex_fx	NormalWeekPhaseWithheld	#79	2021-08-01	2021-08-01
GAP	globex_fx	NormalWeekPhaseWithheld	#79	2021-08-08	2021-08-08
GAP	globex_fx	NormalWeekPhaseWithheld	#79	2021-08-15	2021-08-15
GAP	globex_fx	NormalWeekPhaseWithheld	#79	2021-08-22	2021-08-22
GAP	globex_fx	NormalWeekPhaseWithheld	#79	2021-08-29	2021-08-29
GAP	globex_fx	NormalWeekPhaseWithheld	#79	2021-09-05	2021-09-05
GAP	globex_fx	NormalWeekPhaseWithheld	#79	2021-09-12	2021-09-12
GAP	globex_fx	NormalWeekPhaseWithheld	#79	2021-09-19	2021-09-19
GAP	globex_fx	NormalWeekPhaseWithheld	#79	2021-09-26	2021-09-26
GAP	globex_fx	NormalWeekPhaseWithheld	#79	2021-10-03	2021-10-03
GAP	globex_fx	NormalWeekPhaseWithheld	#79	2021-10-10	2021-10-10
GAP	globex_fx	NormalWeekPhaseWithheld	#79	2021-10-17	2021-10-17
GAP	globex_fx	NormalWeekPhaseWithheld	#79	2021-10-24	2021-10-24
GAP	globex_fx	NormalWeekPhaseWithheld	#79	2021-10-31	2021-10-31
GAP	globex_fx	NormalWeekPhaseWithheld	#79	2021-11-07	2021-11-07
GAP	globex_fx	NormalWeekPhaseWithheld	#79	2021-11-14	2021-11-14
GAP	globex_fx	NormalWeekPhaseWithheld	#79	2021-11-21	2021-11-21
GAP	globex_fx	NormalWeekPhaseWithheld	#79	2021-11-28	2021-11-28
GAP	globex_fx	NormalWeekPhaseWithheld	#79	2021-12-05	2021-12-05
GAP	globex_fx	NormalWeekPhaseWithheld	#79	2021-12-12	2021-12-12
GAP	globex_fx	NormalWeekPhaseWithheld	#79	2021-12-19	2021-12-19
GAP	globex_fx	NormalWeekPhaseWithheld	#79	2021-12-26	2021-12-26
GAP	globex_fx	NormalWeekPhaseWithheld	#79	2022-01-02	2022-01-02
GAP	globex_fx	NormalWeekPhaseWithheld	#79	2022-01-09	2022-01-09
GAP	globex_fx	NormalWeekPhaseWithheld	#79	2022-01-16	2022-01-16
GAP	globex_fx	NormalWeekPhaseWithheld	#79	2022-01-23	2022-01-23
GAP	globex_fx	NormalWeekPhaseWithheld	#79	2022-01-30	2022-01-30
GAP	globex_fx	NormalWeekPhaseWithheld	#79	2022-02-06	2022-02-06
GAP	globex_fx	NormalWeekPhaseWithheld	#79	2022-02-13	2022-02-13
GAP	globex_fx	NormalWeekPhaseWithheld	#79	2022-02-20	2022-02-20
GAP	globex_fx	NormalWeekPhaseWithheld	#79	2022-02-27	2022-02-27
GAP	globex_fx	NormalWeekPhaseWithheld	#79	2022-03-06	2022-03-06
GAP	globex_fx	NormalWeekPhaseWithheld	#79	2022-03-13	2022-03-13
GAP	globex_fx	NormalWeekPhaseWithheld	#79	2022-03-20	2022-03-20
GAP	globex_fx	NormalWeekPhaseWithheld	#79	2022-03-27	2022-03-27
GAP	globex_fx	NormalWeekPhaseWithheld	#79	2022-04-03	2022-04-03
GAP	globex_fx	NormalWeekPhaseWithheld	#79	2022-04-10	2022-04-10
GAP	globex_fx	NormalWeekPhaseWithheld	#79	2022-04-17	2022-04-17
GAP	globex_fx	NormalWeekPhaseWithheld	#79	2022-04-24	2022-04-24
GAP	globex_fx	NormalWeekPhaseWithheld	#79	2022-05-01	2022-05-01
GAP	globex_fx	NormalWeekPhaseWithheld	#79	2022-05-08	2022-05-08
GAP	globex_fx	NormalWeekPhaseWithheld	#79	2022-05-15	2022-05-15
GAP	globex_fx	NormalWeekPhaseWithheld	#79	2022-05-22	2022-05-22
GAP	globex_fx	NormalWeekPhaseWithheld	#79	2022-05-29	2022-05-29
GAP	globex_fx	NormalWeekPhaseWithheld	#79	2022-06-05	2022-06-05
GAP	globex_fx	NormalWeekPhaseWithheld	#79	2022-06-12	2022-06-12
GAP	globex_fx	NormalWeekPhaseWithheld	#79	2022-06-19	2022-06-19
GAP	globex_fx	NormalWeekPhaseWithheld	#79	2022-06-26	2022-06-26
GAP	globex_fx	NormalWeekPhaseWithheld	#79	2022-07-03	2022-07-03
GAP	globex_fx	NormalWeekPhaseWithheld	#79	2022-07-10	2022-07-10
GAP	globex_fx	NormalWeekPhaseWithheld	#79	2022-07-17	2022-07-17
GAP	globex_fx	NormalWeekPhaseWithheld	#79	2022-07-24	2022-07-24
GAP	globex_fx	NormalWeekPhaseWithheld	#79	2022-07-31	2022-07-31
GAP	globex_fx	NormalWeekPhaseWithheld	#79	2022-08-07	2022-08-07
GAP	globex_fx	NormalWeekPhaseWithheld	#79	2022-08-14	2022-08-14
GAP	globex_fx	NormalWeekPhaseWithheld	#79	2022-08-21	2022-08-21
GAP	globex_fx	NormalWeekPhaseWithheld	#79	2022-08-28	2022-08-28
GAP	globex_fx	NormalWeekPhaseWithheld	#79	2022-09-04	2022-09-04
GAP	globex_fx	NormalWeekPhaseWithheld	#79	2022-09-11	2022-09-11
GAP	globex_fx	NormalWeekPhaseWithheld	#79	2022-09-18	2022-09-18
GAP	globex_fx	NormalWeekPhaseWithheld	#79	2022-09-25	2022-09-25
GAP	globex_fx	NormalWeekPhaseWithheld	#79	2022-10-02	2022-10-02
GAP	globex_fx	NormalWeekPhaseWithheld	#79	2022-10-09	2022-10-09
GAP	globex_fx	NormalWeekPhaseWithheld	#79	2022-10-16	2022-10-16
GAP	globex_fx	NormalWeekPhaseWithheld	#79	2022-10-23	2022-10-23
GAP	globex_fx	NormalWeekPhaseWithheld	#79	2022-10-30	2022-10-30
GAP	globex_fx	NormalWeekPhaseWithheld	#79	2022-11-06	2022-11-06
GAP	globex_fx	NormalWeekPhaseWithheld	#79	2022-11-13	2022-11-13
GAP	globex_fx	NormalWeekPhaseWithheld	#79	2022-11-20	2022-11-20
GAP	globex_fx	NormalWeekPhaseWithheld	#79	2022-11-27	2022-11-27
GAP	globex_fx	NormalWeekPhaseWithheld	#79	2022-12-04	2022-12-04
GAP	globex_fx	NormalWeekPhaseWithheld	#79	2022-12-11	2022-12-11
GAP	globex_fx	NormalWeekPhaseWithheld	#79	2022-12-18	2022-12-18
GAP	globex_fx	NormalWeekPhaseWithheld	#79	2023-01-08	2023-01-08
GAP	globex_fx	ResolutionEdge	-	2023-01-13	2023-01-14
GAP	globex_fx	NormalWeekPhaseWithheld	#79	2023-01-15	2023-01-15
GAP	globex_fx	WithheldDate	-	2023-01-16	2023-01-16
GAP	globex_fx	ResolutionEdge	-	2023-01-17	2023-01-17
GAP	globex_fx	NormalWeekPhaseWithheld	#79	2023-01-22	2023-01-22
GAP	globex_fx	NormalWeekPhaseWithheld	#79	2023-01-29	2023-01-29
GAP	globex_fx	NormalWeekPhaseWithheld	#79	2023-02-05	2023-02-05
GAP	globex_fx	NormalWeekPhaseWithheld	#79	2023-02-12	2023-02-12
GAP	globex_fx	ResolutionEdge	-	2023-02-17	2023-02-18
GAP	globex_fx	NormalWeekPhaseWithheld	#79	2023-02-19	2023-02-19
GAP	globex_fx	WithheldDate	-	2023-02-20	2023-02-20
GAP	globex_fx	ResolutionEdge	-	2023-02-21	2023-02-21
GAP	globex_fx	NormalWeekPhaseWithheld	#79	2023-02-26	2023-02-26
GAP	globex_fx	NormalWeekPhaseWithheld	#79	2023-03-05	2023-03-05
GAP	globex_fx	NormalWeekPhaseWithheld	#79	2023-03-12	2023-03-12
GAP	globex_fx	NormalWeekPhaseWithheld	#79	2023-03-19	2023-03-19
GAP	globex_fx	NormalWeekPhaseWithheld	#79	2023-03-26	2023-03-26
GAP	globex_fx	NormalWeekPhaseWithheld	#79	2023-04-02	2023-04-02
GAP	globex_fx	ResolutionEdge	-	2023-04-06	2023-04-06
GAP	globex_fx	WithheldDate	-	2023-04-07	2023-04-07
GAP	globex_fx	ResolutionEdge	-	2023-04-08	2023-04-08
GAP	globex_fx	NormalWeekPhaseWithheld	#79	2023-04-09	2023-04-09
GAP	globex_fx	NormalWeekPhaseWithheld	#79	2023-04-16	2023-04-16
GAP	globex_fx	NormalWeekPhaseWithheld	#79	2023-04-23	2023-04-23
GAP	globex_fx	NormalWeekPhaseWithheld	#79	2023-04-30	2023-04-30
GAP	globex_fx	NormalWeekPhaseWithheld	#79	2023-05-07	2023-05-07
GAP	globex_fx	NormalWeekPhaseWithheld	#79	2023-05-14	2023-05-14
GAP	globex_fx	NormalWeekPhaseWithheld	#79	2023-05-21	2023-05-21
GAP	globex_fx	NormalWeekPhaseWithheld	#79	2023-05-28	2023-05-28
GAP	globex_fx	NormalWeekPhaseWithheld	#79	2023-06-04	2023-06-04
GAP	globex_fx	NormalWeekPhaseWithheld	#79	2023-06-11	2023-06-11
GAP	globex_fx	NormalWeekPhaseWithheld	#79	2023-06-18	2023-06-18
GAP	globex_fx	NormalWeekPhaseWithheld	#79	2023-06-25	2023-06-25
GAP	globex_fx	NormalWeekPhaseWithheld	#79	2023-07-02	2023-07-02
GAP	globex_fx	NormalWeekPhaseWithheld	#79	2023-07-09	2023-07-09
GAP	globex_fx	NormalWeekPhaseWithheld	#79	2023-07-16	2023-07-16
GAP	globex_fx	NormalWeekPhaseWithheld	#79	2023-07-23	2023-07-23
GAP	globex_fx	NormalWeekPhaseWithheld	#79	2023-07-30	2023-07-30
GAP	globex_fx	NormalWeekPhaseWithheld	#79	2023-08-06	2023-08-06
GAP	globex_fx	NormalWeekPhaseWithheld	#79	2023-08-13	2023-08-13
GAP	globex_fx	NormalWeekPhaseWithheld	#79	2023-08-20	2023-08-20
GAP	globex_fx	NormalWeekPhaseWithheld	#79	2023-08-27	2023-08-27
GAP	globex_fx	NormalWeekPhaseWithheld	#79	2023-09-03	2023-09-03
GAP	globex_fx	NormalWeekPhaseWithheld	#79	2023-09-10	2023-09-10
GAP	globex_fx	NormalWeekPhaseWithheld	#79	2023-09-17	2023-09-17
GAP	globex_fx	NormalWeekPhaseWithheld	#79	2023-09-24	2023-09-24
GAP	globex_fx	NormalWeekPhaseWithheld	#79	2023-10-01	2023-10-01
GAP	globex_fx	NormalWeekPhaseWithheld	#79	2023-10-08	2023-10-08
GAP	globex_fx	NormalWeekPhaseWithheld	#79	2023-10-15	2023-10-15
GAP	globex_fx	NormalWeekPhaseWithheld	#79	2023-10-22	2023-10-22
GAP	globex_fx	NormalWeekPhaseWithheld	#79	2023-10-29	2023-10-29
GAP	globex_fx	NormalWeekPhaseWithheld	#79	2023-11-05	2023-11-05
GAP	globex_fx	NormalWeekPhaseWithheld	#79	2023-11-12	2023-11-12
GAP	globex_fx	NormalWeekPhaseWithheld	#79	2023-11-19	2023-11-19
GAP	globex_fx	NormalWeekPhaseWithheld	#79	2023-11-26	2023-11-26
GAP	globex_fx	NormalWeekPhaseWithheld	#79	2023-12-03	2023-12-03
GAP	globex_fx	NormalWeekPhaseWithheld	#79	2023-12-10	2023-12-10
GAP	globex_fx	NormalWeekPhaseWithheld	#79	2023-12-17	2023-12-17
GAP	globex_fx	NormalWeekPhaseWithheld	#79	2024-01-07	2024-01-07
GAP	globex_fx	NormalWeekPhaseWithheld	#79	2024-01-14	2024-01-14
GAP	globex_fx	NormalWeekPhaseWithheld	#79	2024-01-21	2024-01-21
GAP	globex_fx	NormalWeekPhaseWithheld	#79	2024-01-28	2024-01-28
GAP	globex_fx	NormalWeekPhaseWithheld	#79	2024-02-04	2024-02-04
GAP	globex_fx	NormalWeekPhaseWithheld	#79	2024-02-11	2024-02-11
GAP	globex_fx	NormalWeekPhaseWithheld	#79	2024-02-18	2024-02-18
GAP	globex_fx	NormalWeekPhaseWithheld	#79	2024-02-25	2024-02-25
GAP	globex_fx	NormalWeekPhaseWithheld	#79	2024-03-03	2024-03-03
GAP	globex_fx	NormalWeekPhaseWithheld	#79	2024-03-10	2024-03-10
GAP	globex_fx	NormalWeekPhaseWithheld	#79	2024-03-17	2024-03-17
GAP	globex_fx	NormalWeekPhaseWithheld	#79	2024-03-24	2024-03-24
GAP	globex_fx	NormalWeekPhaseWithheld	#79	2024-03-31	2024-03-31
GAP	globex_fx	NormalWeekPhaseWithheld	#79	2024-04-07	2024-04-07
GAP	globex_fx	NormalWeekPhaseWithheld	#79	2024-04-14	2024-04-14
GAP	globex_fx	NormalWeekPhaseWithheld	#79	2024-04-21	2024-04-21
GAP	globex_fx	NormalWeekPhaseWithheld	#79	2024-04-28	2024-04-28
GAP	globex_fx	NormalWeekPhaseWithheld	#79	2024-05-05	2024-05-05
GAP	globex_fx	NormalWeekPhaseWithheld	#79	2024-05-12	2024-05-12
GAP	globex_fx	NormalWeekPhaseWithheld	#79	2024-05-19	2024-05-19
GAP	globex_fx	NormalWeekPhaseWithheld	#79	2024-05-26	2024-05-26
GAP	globex_fx	NormalWeekPhaseWithheld	#79	2024-06-02	2024-06-02
GAP	globex_fx	NormalWeekPhaseWithheld	#79	2024-06-09	2024-06-09
GAP	globex_fx	NormalWeekPhaseWithheld	#79	2024-06-16	2024-06-16
GAP	globex_fx	NormalWeekPhaseWithheld	#79	2024-06-23	2024-06-23
GAP	globex_fx	NormalWeekPhaseWithheld	#79	2024-06-30	2024-06-30
GAP	globex_fx	NormalWeekPhaseWithheld	#79	2024-07-07	2024-07-07
GAP	globex_fx	NormalWeekPhaseWithheld	#79	2024-07-14	2024-07-14
GAP	globex_fx	NormalWeekPhaseWithheld	#79	2024-07-21	2024-07-21
GAP	globex_fx	NormalWeekPhaseWithheld	#79	2024-07-28	2024-07-28
GAP	globex_fx	NormalWeekPhaseWithheld	#79	2024-08-04	2024-08-04
GAP	globex_fx	NormalWeekPhaseWithheld	#79	2024-08-11	2024-08-11
GAP	globex_fx	NormalWeekPhaseWithheld	#79	2024-08-18	2024-08-18
GAP	globex_fx	NormalWeekPhaseWithheld	#79	2024-08-25	2024-08-25
GAP	globex_fx	NormalWeekPhaseWithheld	#79	2024-09-01	2024-09-01
GAP	globex_fx	NormalWeekPhaseWithheld	#79	2024-09-08	2024-09-08
GAP	globex_fx	NormalWeekPhaseWithheld	#79	2024-09-15	2024-09-15
GAP	globex_fx	NormalWeekPhaseWithheld	#79	2024-09-22	2024-09-22
GAP	globex_fx	NormalWeekPhaseWithheld	#79	2024-09-29	2024-09-29
GAP	globex_fx	NormalWeekPhaseWithheld	#79	2024-10-06	2024-10-06
GAP	globex_fx	NormalWeekPhaseWithheld	#79	2024-10-13	2024-10-13
GAP	globex_fx	NormalWeekPhaseWithheld	#79	2024-10-20	2024-10-20
GAP	globex_fx	NormalWeekPhaseWithheld	#79	2024-10-27	2024-10-27
GAP	globex_fx	NormalWeekPhaseWithheld	#79	2024-11-03	2024-11-03
GAP	globex_fx	NormalWeekPhaseWithheld	#79	2024-11-10	2024-11-10
GAP	globex_fx	NormalWeekPhaseWithheld	#79	2024-11-17	2024-11-17
GAP	globex_fx	NormalWeekPhaseWithheld	#79	2024-11-24	2024-11-24
GAP	globex_fx	NormalWeekPhaseWithheld	#79	2024-12-01	2024-12-01
GAP	globex_fx	NormalWeekPhaseWithheld	#79	2024-12-08	2024-12-08
GAP	globex_fx	NormalWeekPhaseWithheld	#79	2024-12-15	2024-12-15
GAP	globex_fx	NormalWeekPhaseWithheld	#79	2024-12-22	2024-12-22
GAP	globex_fx	NormalWeekPhaseWithheld	#79	2024-12-29	2024-12-29
GAP	globex_fx	NormalWeekPhaseWithheld	#79	2025-01-05	2025-01-05
GAP	globex_fx	NormalWeekPhaseWithheld	#79	2025-01-12	2025-01-12
GAP	globex_fx	NormalWeekPhaseWithheld	#79	2025-01-19	2025-01-19
GAP	globex_fx	NormalWeekPhaseWithheld	#79	2025-01-26	2025-01-26
GAP	globex_fx	NormalWeekPhaseWithheld	#79	2025-02-02	2025-02-02
GAP	globex_fx	NormalWeekPhaseWithheld	#79	2025-02-09	2025-02-09
GAP	globex_fx	NormalWeekPhaseWithheld	#79	2025-02-16	2025-02-16
GAP	globex_fx	NormalWeekPhaseWithheld	#79	2025-02-23	2025-02-23
GAP	globex_fx	NormalWeekPhaseWithheld	#79	2025-03-02	2025-03-02
GAP	globex_fx	NormalWeekPhaseWithheld	#79	2025-03-09	2025-03-09
GAP	globex_fx	NormalWeekPhaseWithheld	#79	2025-03-16	2025-03-16
GAP	globex_fx	NormalWeekPhaseWithheld	#79	2025-03-23	2025-03-23
GAP	globex_fx	NormalWeekPhaseWithheld	#79	2025-03-30	2025-03-30
GAP	globex_fx	NormalWeekPhaseWithheld	#79	2025-04-06	2025-04-06
GAP	globex_fx	NormalWeekPhaseWithheld	#79	2025-04-13	2025-04-13
GAP	globex_fx	NormalWeekPhaseWithheld	#79	2025-04-20	2025-04-20
GAP	globex_fx	NormalWeekPhaseWithheld	#79	2025-04-27	2025-04-27
GAP	globex_fx	NormalWeekPhaseWithheld	#79	2025-05-04	2025-05-04
GAP	globex_fx	NormalWeekPhaseWithheld	#79	2025-05-11	2025-05-11
GAP	globex_fx	NormalWeekPhaseWithheld	#79	2025-05-18	2025-05-18
GAP	globex_fx	NormalWeekPhaseWithheld	#79	2025-05-25	2025-05-25
GAP	globex_fx	NormalWeekPhaseWithheld	#79	2025-06-01	2025-06-01
GAP	globex_fx	NormalWeekPhaseWithheld	#79	2025-06-08	2025-06-08
GAP	globex_fx	NormalWeekPhaseWithheld	#79	2025-06-15	2025-06-15
GAP	globex_fx	NormalWeekPhaseWithheld	#79	2025-06-22	2025-06-22
GAP	globex_fx	NormalWeekPhaseWithheld	#79	2025-06-29	2025-06-29
GAP	globex_fx	NormalWeekPhaseWithheld	#79	2025-07-06	2025-07-06
GAP	globex_fx	NormalWeekPhaseWithheld	#79	2025-07-13	2025-07-13
GAP	globex_fx	NormalWeekPhaseWithheld	#79	2025-07-20	2025-07-20
GAP	globex_fx	NormalWeekPhaseWithheld	#79	2025-07-27	2025-07-27
GAP	globex_fx	NormalWeekPhaseWithheld	#79	2025-08-03	2025-08-03
GAP	globex_fx	NormalWeekPhaseWithheld	#79	2025-08-10	2025-08-10
GAP	globex_fx	NormalWeekPhaseWithheld	#79	2025-08-17	2025-08-17
GAP	globex_fx	NormalWeekPhaseWithheld	#79	2025-08-24	2025-08-24
GAP	globex_fx	NormalWeekPhaseWithheld	#79	2025-08-31	2025-08-31
GAP	globex_fx	NormalWeekPhaseWithheld	#79	2025-09-07	2025-09-07
GAP	globex_fx	NormalWeekPhaseWithheld	#79	2025-09-14	2025-09-14
GAP	globex_fx	NormalWeekPhaseWithheld	#79	2025-09-21	2025-09-21
GAP	globex_fx	NormalWeekPhaseWithheld	#79	2025-09-28	2025-09-28
GAP	globex_fx	NormalWeekPhaseWithheld	#79	2025-10-05	2025-10-05
GAP	globex_fx	NormalWeekPhaseWithheld	#79	2025-10-12	2025-10-12
GAP	globex_fx	NormalWeekPhaseWithheld	#79	2025-10-19	2025-10-19
GAP	globex_fx	NormalWeekPhaseWithheld	#79	2025-10-26	2025-10-26
GAP	globex_fx	NormalWeekPhaseWithheld	#79	2025-11-02	2025-11-02
GAP	globex_fx	NormalWeekPhaseWithheld	#79	2025-11-09	2025-11-09
GAP	globex_fx	NormalWeekPhaseWithheld	#79	2025-11-16	2025-11-16
GAP	globex_fx	NormalWeekPhaseWithheld	#79	2025-11-23	2025-11-23
GAP	globex_fx	NormalWeekPhaseWithheld	#79	2025-11-30	2025-11-30
GAP	globex_fx	NormalWeekPhaseWithheld	#79	2025-12-07	2025-12-07
GAP	globex_fx	NormalWeekPhaseWithheld	#79	2025-12-14	2025-12-14
GAP	globex_fx	NormalWeekPhaseWithheld	#79	2025-12-21	2025-12-21
GAP	globex_fx	NormalWeekPhaseWithheld	#79	2025-12-28	2025-12-28
GAP	globex_fx	NormalWeekPhaseWithheld	#79	2026-01-04	2026-01-04
GAP	globex_fx	NormalWeekPhaseWithheld	#79	2026-01-11	2026-01-11
GAP	globex_fx	NormalWeekPhaseWithheld	#79	2026-01-18	2026-01-18
GAP	globex_fx	NormalWeekPhaseWithheld	#79	2026-01-25	2026-01-25
GAP	globex_fx	NormalWeekPhaseWithheld	#79	2026-02-01	2026-02-01
GAP	globex_fx	NormalWeekPhaseWithheld	#79	2026-02-08	2026-02-08
GAP	globex_fx	NormalWeekPhaseWithheld	#79	2026-02-15	2026-02-15
GAP	globex_fx	NormalWeekPhaseWithheld	#79	2026-02-22	2026-02-22
GAP	globex_fx	NormalWeekPhaseWithheld	#79	2026-03-01	2026-03-01
GAP	globex_fx	NormalWeekPhaseWithheld	#79	2026-03-08	2026-03-08
GAP	globex_fx	NormalWeekPhaseWithheld	#79	2026-03-15	2026-03-15
GAP	globex_fx	NormalWeekPhaseWithheld	#79	2026-03-22	2026-03-22
GAP	globex_fx	NormalWeekPhaseWithheld	#79	2026-03-29	2026-03-29
GAP	globex_fx	NormalWeekPhaseWithheld	#79	2026-04-05	2026-04-05
GAP	globex_fx	NormalWeekPhaseWithheld	#79	2026-04-12	2026-04-12
GAP	globex_fx	NormalWeekPhaseWithheld	#79	2026-04-19	2026-04-19
GAP	globex_fx	NormalWeekPhaseWithheld	#79	2026-04-26	2026-04-26
GAP	globex_fx	NormalWeekPhaseWithheld	#79	2026-05-03	2026-05-03
GAP	globex_fx	NormalWeekPhaseWithheld	#79	2026-05-10	2026-05-10
GAP	globex_fx	NormalWeekPhaseWithheld	#79	2026-05-17	2026-05-17
GAP	globex_fx	NormalWeekPhaseWithheld	#79	2026-05-24	2026-05-24
GAP	globex_fx	NormalWeekPhaseWithheld	#79	2026-05-31	2026-05-31
GAP	globex_fx	NormalWeekPhaseWithheld	#79	2026-06-07	2026-06-07
GAP	globex_fx	NormalWeekPhaseWithheld	#79	2026-06-14	2026-06-14
GAP	globex_fx	NormalWeekPhaseWithheld	#79	2026-06-28	2026-06-28
GAP	globex_fx	NormalWeekPhaseWithheld	#79	2026-07-12	2026-07-12
GAP	globex_fx	NormalWeekPhaseWithheld	#79	2026-07-19	2026-07-19
GAP	globex_fx	NormalWeekPhaseWithheld	#79	2026-07-26	2026-07-26
GAP	globex_fx	NormalWeekPhaseWithheld	#79	2026-08-02	2026-08-02
GAP	globex_fx	NormalWeekPhaseWithheld	#79	2026-08-09	2026-08-09
GAP	globex_fx	NormalWeekPhaseWithheld	#79	2026-08-16	2026-08-16
GAP	globex_fx	ResolutionEdge	-	2027-12-31	2027-12-31
GAP	globex_fx	NoHolidayCoverage	-	2028-01-01	open
GAP	globex_interest_rates	NormalWeekPhaseWithheld	#79	2012-06-03	2012-06-03
GAP	globex_interest_rates	NormalWeekPhaseWithheld	#79	2012-06-10	2012-06-10
GAP	globex_interest_rates	NormalWeekPhaseWithheld	#79	2012-06-17	2012-06-17
GAP	globex_interest_rates	NormalWeekPhaseWithheld	#79	2012-06-24	2012-06-24
GAP	globex_interest_rates	NormalWeekPhaseWithheld	#79	2012-07-01	2012-07-01
GAP	globex_interest_rates	NormalWeekPhaseWithheld	#79	2012-07-08	2012-07-08
GAP	globex_interest_rates	NormalWeekPhaseWithheld	#79	2012-07-15	2012-07-15
GAP	globex_interest_rates	NormalWeekPhaseWithheld	#79	2012-07-22	2012-07-22
GAP	globex_interest_rates	NormalWeekPhaseWithheld	#79	2012-07-29	2012-07-29
GAP	globex_interest_rates	NormalWeekPhaseWithheld	#79	2012-08-05	2012-08-05
GAP	globex_interest_rates	NormalWeekPhaseWithheld	#79	2012-08-12	2012-08-12
GAP	globex_interest_rates	NormalWeekPhaseWithheld	#79	2012-08-19	2012-08-19
GAP	globex_interest_rates	NormalWeekPhaseWithheld	#79	2012-08-26	2012-08-26
GAP	globex_interest_rates	NormalWeekPhaseWithheld	#79	2012-09-02	2012-09-02
GAP	globex_interest_rates	NormalWeekPhaseWithheld	#79	2012-09-09	2012-09-09
GAP	globex_interest_rates	NormalWeekPhaseWithheld	#79	2012-09-16	2012-09-16
GAP	globex_interest_rates	NormalWeekPhaseWithheld	#79	2012-09-23	2012-09-23
GAP	globex_interest_rates	NormalWeekPhaseWithheld	#79	2012-09-30	2012-09-30
GAP	globex_interest_rates	NormalWeekPhaseWithheld	#79	2012-10-07	2012-10-07
GAP	globex_interest_rates	NormalWeekPhaseWithheld	#79	2012-10-14	2012-10-14
GAP	globex_interest_rates	NormalWeekPhaseWithheld	#79	2012-10-21	2012-10-21
GAP	globex_interest_rates	NormalWeekPhaseWithheld	#79	2012-10-28	2012-10-28
GAP	globex_interest_rates	NormalWeekPhaseWithheld	#79	2012-11-04	2012-11-04
GAP	globex_interest_rates	NormalWeekPhaseWithheld	#79	2012-11-11	2012-11-11
GAP	globex_interest_rates	NormalWeekPhaseWithheld	#79	2012-11-18	2012-11-18
GAP	globex_interest_rates	NormalWeekPhaseWithheld	#79	2012-11-25	2012-11-25
GAP	globex_interest_rates	NormalWeekPhaseWithheld	#79	2012-12-02	2012-12-02
GAP	globex_interest_rates	NormalWeekPhaseWithheld	#79	2012-12-09	2012-12-09
GAP	globex_interest_rates	NormalWeekPhaseWithheld	#79	2012-12-16	2012-12-16
GAP	globex_interest_rates	NormalWeekPhaseWithheld	#79	2012-12-23	2012-12-23
GAP	globex_interest_rates	NormalWeekPhaseWithheld	#79	2012-12-30	2012-12-30
GAP	globex_interest_rates	NormalWeekPhaseWithheld	#79	2013-01-06	2013-01-06
GAP	globex_interest_rates	NormalWeekPhaseWithheld	#79	2013-01-13	2013-01-13
GAP	globex_interest_rates	NormalWeekPhaseWithheld	#79	2013-01-20	2013-01-20
GAP	globex_interest_rates	NormalWeekPhaseWithheld	#79	2013-01-27	2013-01-27
GAP	globex_interest_rates	NormalWeekPhaseWithheld	#79	2013-02-03	2013-02-03
GAP	globex_interest_rates	NormalWeekPhaseWithheld	#79	2013-02-10	2013-02-10
GAP	globex_interest_rates	NormalWeekPhaseWithheld	#79	2013-02-17	2013-02-17
GAP	globex_interest_rates	NormalWeekPhaseWithheld	#79	2013-02-24	2013-02-24
GAP	globex_interest_rates	NormalWeekPhaseWithheld	#79	2013-03-03	2013-03-03
GAP	globex_interest_rates	NormalWeekPhaseWithheld	#79	2013-03-10	2013-03-10
GAP	globex_interest_rates	NormalWeekPhaseWithheld	#79	2013-03-17	2013-03-17
GAP	globex_interest_rates	NormalWeekPhaseWithheld	#79	2013-03-24	2013-03-24
GAP	globex_interest_rates	NormalWeekPhaseWithheld	#79	2013-03-31	2013-03-31
GAP	globex_interest_rates	NormalWeekPhaseWithheld	#79	2013-04-07	2013-04-07
GAP	globex_interest_rates	NormalWeekPhaseWithheld	#79	2013-04-14	2013-04-14
GAP	globex_interest_rates	NormalWeekPhaseWithheld	#79	2013-04-21	2013-04-21
GAP	globex_interest_rates	NormalWeekPhaseWithheld	#79	2013-04-28	2013-04-28
GAP	globex_interest_rates	NormalWeekPhaseWithheld	#79	2013-05-05	2013-05-05
GAP	globex_interest_rates	NormalWeekPhaseWithheld	#79	2013-05-12	2013-05-12
GAP	globex_interest_rates	NormalWeekPhaseWithheld	#79	2013-05-19	2013-05-19
GAP	globex_interest_rates	NormalWeekPhaseWithheld	#79	2013-05-26	2013-05-26
GAP	globex_interest_rates	NormalWeekPhaseWithheld	#79	2013-06-02	2013-06-02
GAP	globex_interest_rates	NormalWeekPhaseWithheld	#79	2013-06-09	2013-06-09
GAP	globex_interest_rates	NormalWeekPhaseWithheld	#79	2013-06-16	2013-06-16
GAP	globex_interest_rates	NormalWeekPhaseWithheld	#79	2013-06-23	2013-06-23
GAP	globex_interest_rates	NormalWeekPhaseWithheld	#79	2013-06-30	2013-06-30
GAP	globex_interest_rates	NormalWeekPhaseWithheld	#79	2013-07-07	2013-07-07
GAP	globex_interest_rates	NormalWeekPhaseWithheld	#79	2013-07-14	2013-07-14
GAP	globex_interest_rates	NormalWeekPhaseWithheld	#79	2013-07-21	2013-07-21
GAP	globex_interest_rates	NormalWeekPhaseWithheld	#79	2013-07-28	2013-07-28
GAP	globex_interest_rates	NormalWeekPhaseWithheld	#79	2013-08-04	2013-08-04
GAP	globex_interest_rates	NormalWeekPhaseWithheld	#79	2013-08-11	2013-08-11
GAP	globex_interest_rates	NormalWeekPhaseWithheld	#79	2013-08-18	2013-08-18
GAP	globex_interest_rates	NormalWeekPhaseWithheld	#79	2013-08-25	2013-08-25
GAP	globex_interest_rates	NormalWeekPhaseWithheld	#79	2013-09-01	2013-09-01
GAP	globex_interest_rates	NormalWeekPhaseWithheld	#79	2013-09-08	2013-09-08
GAP	globex_interest_rates	NormalWeekPhaseWithheld	#79	2013-09-15	2013-09-15
GAP	globex_interest_rates	NormalWeekPhaseWithheld	#79	2013-09-22	2013-09-22
GAP	globex_interest_rates	NormalWeekPhaseWithheld	#79	2013-09-29	2013-09-29
GAP	globex_interest_rates	NormalWeekPhaseWithheld	#79	2013-10-06	2013-10-06
GAP	globex_interest_rates	NormalWeekPhaseWithheld	#79	2013-10-13	2013-10-13
GAP	globex_interest_rates	NormalWeekPhaseWithheld	#79	2013-10-20	2013-10-20
GAP	globex_interest_rates	NormalWeekPhaseWithheld	#79	2013-10-27	2013-10-27
GAP	globex_interest_rates	NormalWeekPhaseWithheld	#79	2013-11-03	2013-11-03
GAP	globex_interest_rates	NormalWeekPhaseWithheld	#79	2013-11-10	2013-11-10
GAP	globex_interest_rates	NormalWeekPhaseWithheld	#79	2013-11-17	2013-11-17
GAP	globex_interest_rates	NormalWeekPhaseWithheld	#79	2013-11-24	2013-11-24
GAP	globex_interest_rates	NormalWeekPhaseWithheld	#79	2013-12-01	2013-12-01
GAP	globex_interest_rates	NormalWeekPhaseWithheld	#79	2013-12-08	2013-12-08
GAP	globex_interest_rates	NormalWeekPhaseWithheld	#79	2013-12-15	2013-12-15
GAP	globex_interest_rates	NormalWeekPhaseWithheld	#79	2013-12-22	2013-12-22
GAP	globex_interest_rates	NormalWeekPhaseWithheld	#79	2013-12-29	2013-12-29
GAP	globex_interest_rates	NormalWeekPhaseWithheld	#79	2014-01-05	2014-01-05
GAP	globex_interest_rates	NormalWeekPhaseWithheld	#79	2014-01-12	2014-01-12
GAP	globex_interest_rates	NormalWeekPhaseWithheld	#79	2014-01-19	2014-01-19
GAP	globex_interest_rates	NormalWeekPhaseWithheld	#79	2014-01-26	2014-01-26
GAP	globex_interest_rates	NormalWeekPhaseWithheld	#79	2014-02-02	2014-02-02
GAP	globex_interest_rates	NormalWeekPhaseWithheld	#79	2014-02-09	2014-02-09
GAP	globex_interest_rates	NormalWeekPhaseWithheld	#79	2014-02-16	2014-02-16
GAP	globex_interest_rates	NormalWeekPhaseWithheld	#79	2014-02-23	2014-02-23
GAP	globex_interest_rates	NormalWeekPhaseWithheld	#79	2014-03-02	2014-03-02
GAP	globex_interest_rates	NormalWeekPhaseWithheld	#79	2014-03-09	2014-03-09
GAP	globex_interest_rates	NormalWeekPhaseWithheld	#79	2014-03-16	2014-03-16
GAP	globex_interest_rates	NormalWeekPhaseWithheld	#79	2014-03-23	2014-03-23
GAP	globex_interest_rates	NormalWeekPhaseWithheld	#79	2014-03-30	2014-03-30
GAP	globex_interest_rates	NormalWeekPhaseWithheld	#79	2014-04-06	2014-04-06
GAP	globex_interest_rates	NormalWeekPhaseWithheld	#79	2014-04-13	2014-04-13
GAP	globex_interest_rates	NormalWeekPhaseWithheld	#79	2014-04-20	2014-04-20
GAP	globex_interest_rates	NormalWeekPhaseWithheld	#79	2014-04-27	2014-04-27
GAP	globex_interest_rates	NormalWeekPhaseWithheld	#79	2014-05-04	2014-05-04
GAP	globex_interest_rates	NormalWeekPhaseWithheld	#79	2014-05-11	2014-05-11
GAP	globex_interest_rates	NormalWeekPhaseWithheld	#79	2014-05-18	2014-05-18
GAP	globex_interest_rates	NormalWeekPhaseWithheld	#79	2014-05-25	2014-05-25
GAP	globex_interest_rates	NormalWeekPhaseWithheld	#79	2014-06-01	2014-06-01
GAP	globex_interest_rates	NormalWeekPhaseWithheld	#79	2014-06-08	2014-06-08
GAP	globex_interest_rates	NormalWeekPhaseWithheld	#79	2014-06-15	2014-06-15
GAP	globex_interest_rates	NormalWeekPhaseWithheld	#79	2014-06-22	2014-06-22
GAP	globex_interest_rates	NormalWeekPhaseWithheld	#79	2014-06-29	2014-06-29
GAP	globex_interest_rates	NormalWeekPhaseWithheld	#79	2014-07-06	2014-07-06
GAP	globex_interest_rates	NormalWeekPhaseWithheld	#79	2014-07-13	2014-07-13
GAP	globex_interest_rates	NormalWeekPhaseWithheld	#79	2014-07-20	2014-07-20
GAP	globex_interest_rates	NormalWeekPhaseWithheld	#79	2014-07-27	2014-07-27
GAP	globex_interest_rates	NormalWeekPhaseWithheld	#79	2014-08-03	2014-08-03
GAP	globex_interest_rates	NormalWeekPhaseWithheld	#79	2014-08-10	2014-08-10
GAP	globex_interest_rates	NormalWeekPhaseWithheld	#79	2014-08-17	2014-08-17
GAP	globex_interest_rates	NormalWeekPhaseWithheld	#79	2014-08-24	2014-08-24
GAP	globex_interest_rates	NormalWeekPhaseWithheld	#79	2014-08-31	2014-08-31
GAP	globex_interest_rates	NormalWeekPhaseWithheld	#79	2014-09-07	2014-09-07
GAP	globex_interest_rates	NormalWeekPhaseWithheld	#79	2014-09-14	2014-09-14
GAP	globex_interest_rates	NormalWeekPhaseWithheld	#79	2014-09-21	2014-09-21
GAP	globex_interest_rates	NormalWeekPhaseWithheld	#79	2014-09-28	2014-09-28
GAP	globex_interest_rates	NormalWeekPhaseWithheld	#79	2014-10-05	2014-10-05
GAP	globex_interest_rates	NormalWeekPhaseWithheld	#79	2014-10-12	2014-10-12
GAP	globex_interest_rates	NormalWeekPhaseWithheld	#79	2014-10-19	2014-10-19
GAP	globex_interest_rates	NormalWeekPhaseWithheld	#79	2014-10-26	2014-10-26
GAP	globex_interest_rates	NormalWeekPhaseWithheld	#79	2014-11-02	2014-11-02
GAP	globex_interest_rates	NormalWeekPhaseWithheld	#79	2014-11-09	2014-11-09
GAP	globex_interest_rates	NormalWeekPhaseWithheld	#79	2014-11-16	2014-11-16
GAP	globex_interest_rates	NormalWeekPhaseWithheld	#79	2014-11-23	2014-11-23
GAP	globex_interest_rates	NormalWeekPhaseWithheld	#79	2014-11-30	2014-11-30
GAP	globex_interest_rates	NormalWeekPhaseWithheld	#79	2014-12-07	2014-12-07
GAP	globex_interest_rates	NormalWeekPhaseWithheld	#79	2014-12-14	2014-12-14
GAP	globex_interest_rates	NormalWeekPhaseWithheld	#79	2014-12-21	2014-12-21
GAP	globex_interest_rates	NormalWeekPhaseWithheld	#79	2014-12-28	2014-12-28
GAP	globex_interest_rates	NormalWeekPhaseWithheld	#79	2015-01-04	2015-01-04
GAP	globex_interest_rates	NormalWeekPhaseWithheld	#79	2015-01-11	2015-01-11
GAP	globex_interest_rates	NormalWeekPhaseWithheld	#79	2015-01-18	2015-01-18
GAP	globex_interest_rates	NormalWeekPhaseWithheld	#79	2015-01-25	2015-01-25
GAP	globex_interest_rates	NormalWeekPhaseWithheld	#79	2015-02-01	2015-02-01
GAP	globex_interest_rates	NormalWeekPhaseWithheld	#79	2015-02-08	2015-02-08
GAP	globex_interest_rates	NormalWeekPhaseWithheld	#79	2015-02-15	2015-02-15
GAP	globex_interest_rates	NormalWeekPhaseWithheld	#79	2015-02-22	2015-02-22
GAP	globex_interest_rates	NormalWeekPhaseWithheld	#79	2015-03-01	2015-03-01
GAP	globex_interest_rates	NormalWeekPhaseWithheld	#79	2015-03-08	2015-03-08
GAP	globex_interest_rates	NormalWeekPhaseWithheld	#79	2015-03-15	2015-03-15
GAP	globex_interest_rates	NormalWeekPhaseWithheld	#79	2015-03-22	2015-03-22
GAP	globex_interest_rates	NormalWeekPhaseWithheld	#79	2015-03-29	2015-03-29
GAP	globex_interest_rates	NormalWeekPhaseWithheld	#79	2015-04-05	2015-04-05
GAP	globex_interest_rates	NormalWeekPhaseWithheld	#79	2015-04-12	2015-04-12
GAP	globex_interest_rates	NormalWeekPhaseWithheld	#79	2015-04-19	2015-04-19
GAP	globex_interest_rates	NormalWeekPhaseWithheld	#79	2015-04-26	2015-04-26
GAP	globex_interest_rates	NormalWeekPhaseWithheld	#79	2015-05-03	2015-05-03
GAP	globex_interest_rates	NormalWeekPhaseWithheld	#79	2015-05-10	2015-05-10
GAP	globex_interest_rates	NormalWeekPhaseWithheld	#79	2015-05-17	2015-05-17
GAP	globex_interest_rates	NormalWeekPhaseWithheld	#79	2015-05-24	2015-05-24
GAP	globex_interest_rates	NormalWeekPhaseWithheld	#79	2015-05-31	2015-05-31
GAP	globex_interest_rates	NormalWeekPhaseWithheld	#79	2015-06-07	2015-06-07
GAP	globex_interest_rates	NormalWeekPhaseWithheld	#79	2015-06-14	2015-06-14
GAP	globex_interest_rates	NormalWeekPhaseWithheld	#79	2015-06-21	2015-06-21
GAP	globex_interest_rates	NormalWeekPhaseWithheld	#79	2015-06-28	2015-06-28
GAP	globex_interest_rates	NormalWeekPhaseWithheld	#79	2015-07-05	2015-07-05
GAP	globex_interest_rates	NormalWeekPhaseWithheld	#79	2015-07-12	2015-07-12
GAP	globex_interest_rates	NormalWeekPhaseWithheld	#79	2015-07-19	2015-07-19
GAP	globex_interest_rates	NormalWeekPhaseWithheld	#79	2015-07-26	2015-07-26
GAP	globex_interest_rates	NormalWeekPhaseWithheld	#79	2015-08-02	2015-08-02
GAP	globex_interest_rates	NormalWeekPhaseWithheld	#79	2015-08-09	2015-08-09
GAP	globex_interest_rates	NormalWeekPhaseWithheld	#79	2015-08-16	2015-08-16
GAP	globex_interest_rates	NormalWeekPhaseWithheld	#79	2015-08-23	2015-08-23
GAP	globex_interest_rates	NormalWeekPhaseWithheld	#79	2015-08-30	2015-08-30
GAP	globex_interest_rates	NormalWeekPhaseWithheld	#79	2015-09-06	2015-09-06
GAP	globex_interest_rates	NormalWeekPhaseWithheld	#79	2015-09-13	2015-09-13
GAP	globex_interest_rates	NormalWeekPhaseWithheld	#79	2015-09-20	2015-09-20
GAP	globex_interest_rates	NormalWeekPhaseWithheld	#79	2015-09-27	2015-09-27
GAP	globex_interest_rates	NormalWeekPhaseWithheld	#79	2015-10-04	2015-10-04
GAP	globex_interest_rates	NormalWeekPhaseWithheld	#79	2015-10-11	2015-10-11
GAP	globex_interest_rates	NormalWeekPhaseWithheld	#79	2015-10-18	2015-10-18
GAP	globex_interest_rates	NormalWeekPhaseWithheld	#79	2015-10-25	2015-10-25
GAP	globex_interest_rates	NormalWeekPhaseWithheld	#79	2015-11-01	2015-11-01
GAP	globex_interest_rates	NormalWeekPhaseWithheld	#79	2015-11-08	2015-11-08
GAP	globex_interest_rates	NormalWeekPhaseWithheld	#79	2015-11-15	2015-11-15
GAP	globex_interest_rates	NormalWeekPhaseWithheld	#79	2015-11-22	2015-11-22
GAP	globex_interest_rates	NormalWeekPhaseWithheld	#79	2015-11-29	2015-11-29
GAP	globex_interest_rates	NormalWeekPhaseWithheld	#79	2015-12-06	2015-12-06
GAP	globex_interest_rates	NormalWeekPhaseWithheld	#79	2015-12-13	2015-12-13
GAP	globex_interest_rates	NormalWeekPhaseWithheld	#79	2015-12-20	2015-12-20
GAP	globex_interest_rates	NormalWeekPhaseWithheld	#79	2015-12-27	2015-12-27
GAP	globex_interest_rates	NormalWeekPhaseWithheld	#79	2016-01-03	2016-01-03
GAP	globex_interest_rates	NormalWeekPhaseWithheld	#79	2016-01-10	2016-01-10
GAP	globex_interest_rates	NormalWeekPhaseWithheld	#79	2016-01-17	2016-01-17
GAP	globex_interest_rates	NormalWeekPhaseWithheld	#79	2016-01-24	2016-01-24
GAP	globex_interest_rates	NormalWeekPhaseWithheld	#79	2016-01-31	2016-01-31
GAP	globex_interest_rates	NormalWeekPhaseWithheld	#79	2016-02-07	2016-02-07
GAP	globex_interest_rates	NormalWeekPhaseWithheld	#79	2016-02-14	2016-02-14
GAP	globex_interest_rates	NormalWeekPhaseWithheld	#79	2016-02-21	2016-02-21
GAP	globex_interest_rates	NormalWeekPhaseWithheld	#79	2016-02-28	2016-02-28
GAP	globex_interest_rates	NormalWeekPhaseWithheld	#79	2016-03-06	2016-03-06
GAP	globex_interest_rates	NormalWeekPhaseWithheld	#79	2016-03-13	2016-03-13
GAP	globex_interest_rates	NormalWeekPhaseWithheld	#79	2016-03-20	2016-03-20
GAP	globex_interest_rates	NormalWeekPhaseWithheld	#79	2016-03-27	2016-03-27
GAP	globex_interest_rates	NormalWeekPhaseWithheld	#79	2016-04-03	2016-04-03
GAP	globex_interest_rates	NormalWeekPhaseWithheld	#79	2016-04-10	2016-04-10
GAP	globex_interest_rates	NormalWeekPhaseWithheld	#79	2016-04-17	2016-04-17
GAP	globex_interest_rates	NormalWeekPhaseWithheld	#79	2016-04-24	2016-04-24
GAP	globex_interest_rates	NormalWeekPhaseWithheld	#79	2016-05-01	2016-05-01
GAP	globex_interest_rates	NormalWeekPhaseWithheld	#79	2016-05-08	2016-05-08
GAP	globex_interest_rates	NormalWeekPhaseWithheld	#79	2016-05-15	2016-05-15
GAP	globex_interest_rates	NormalWeekPhaseWithheld	#79	2016-05-22	2016-05-22
GAP	globex_interest_rates	NormalWeekPhaseWithheld	#79	2016-05-29	2016-05-29
GAP	globex_interest_rates	NormalWeekPhaseWithheld	#79	2016-06-05	2016-06-05
GAP	globex_interest_rates	NormalWeekPhaseWithheld	#79	2016-06-12	2016-06-12
GAP	globex_interest_rates	NormalWeekPhaseWithheld	#79	2016-06-19	2016-06-19
GAP	globex_interest_rates	NormalWeekPhaseWithheld	#79	2016-06-26	2016-06-26
GAP	globex_interest_rates	NormalWeekPhaseWithheld	#79	2016-07-03	2016-07-03
GAP	globex_interest_rates	NormalWeekPhaseWithheld	#79	2016-07-10	2016-07-10
GAP	globex_interest_rates	NormalWeekPhaseWithheld	#79	2016-07-17	2016-07-17
GAP	globex_interest_rates	NormalWeekPhaseWithheld	#79	2016-07-24	2016-07-24
GAP	globex_interest_rates	NormalWeekPhaseWithheld	#79	2016-07-31	2016-07-31
GAP	globex_interest_rates	NormalWeekPhaseWithheld	#79	2016-08-07	2016-08-07
GAP	globex_interest_rates	NormalWeekPhaseWithheld	#79	2016-08-14	2016-08-14
GAP	globex_interest_rates	NormalWeekPhaseWithheld	#79	2016-08-21	2016-08-21
GAP	globex_interest_rates	NormalWeekPhaseWithheld	#79	2016-08-28	2016-08-28
GAP	globex_interest_rates	NormalWeekPhaseWithheld	#79	2016-09-04	2016-09-04
GAP	globex_interest_rates	NormalWeekPhaseWithheld	#79	2016-09-11	2016-09-11
GAP	globex_interest_rates	NormalWeekPhaseWithheld	#79	2016-09-18	2016-09-18
GAP	globex_interest_rates	NormalWeekPhaseWithheld	#79	2016-09-25	2016-09-25
GAP	globex_interest_rates	NormalWeekPhaseWithheld	#79	2016-10-02	2016-10-02
GAP	globex_interest_rates	NormalWeekPhaseWithheld	#79	2016-10-09	2016-10-09
GAP	globex_interest_rates	NormalWeekPhaseWithheld	#79	2016-10-16	2016-10-16
GAP	globex_interest_rates	NormalWeekPhaseWithheld	#79	2016-10-23	2016-10-23
GAP	globex_interest_rates	NormalWeekPhaseWithheld	#79	2016-10-30	2016-10-30
GAP	globex_interest_rates	NormalWeekPhaseWithheld	#79	2016-11-06	2016-11-06
GAP	globex_interest_rates	NormalWeekPhaseWithheld	#79	2016-11-13	2016-11-13
GAP	globex_interest_rates	NormalWeekPhaseWithheld	#79	2016-11-20	2016-11-20
GAP	globex_interest_rates	NormalWeekPhaseWithheld	#79	2016-11-27	2016-11-27
GAP	globex_interest_rates	NormalWeekPhaseWithheld	#79	2016-12-04	2016-12-04
GAP	globex_interest_rates	NormalWeekPhaseWithheld	#79	2016-12-11	2016-12-11
GAP	globex_interest_rates	NormalWeekPhaseWithheld	#79	2016-12-18	2016-12-18
GAP	globex_interest_rates	NormalWeekPhaseWithheld	#79	2017-01-08	2017-01-08
GAP	globex_interest_rates	NormalWeekPhaseWithheld	#79	2017-01-15	2017-01-15
GAP	globex_interest_rates	NormalWeekPhaseWithheld	#79	2017-01-22	2017-01-22
GAP	globex_interest_rates	NormalWeekPhaseWithheld	#79	2017-01-29	2017-01-29
GAP	globex_interest_rates	NormalWeekPhaseWithheld	#79	2017-02-05	2017-02-05
GAP	globex_interest_rates	NormalWeekPhaseWithheld	#79	2017-02-12	2017-02-12
GAP	globex_interest_rates	NormalWeekPhaseWithheld	#79	2017-02-19	2017-02-19
GAP	globex_interest_rates	NormalWeekPhaseWithheld	#79	2017-02-26	2017-02-26
GAP	globex_interest_rates	NormalWeekPhaseWithheld	#79	2017-03-05	2017-03-05
GAP	globex_interest_rates	NormalWeekPhaseWithheld	#79	2017-03-12	2017-03-12
GAP	globex_interest_rates	NormalWeekPhaseWithheld	#79	2017-03-19	2017-03-19
GAP	globex_interest_rates	NormalWeekPhaseWithheld	#79	2017-03-26	2017-03-26
GAP	globex_interest_rates	NormalWeekPhaseWithheld	#79	2017-04-02	2017-04-02
GAP	globex_interest_rates	NormalWeekPhaseWithheld	#79	2017-04-09	2017-04-09
GAP	globex_interest_rates	NormalWeekPhaseWithheld	#79	2017-04-16	2017-04-16
GAP	globex_interest_rates	NormalWeekPhaseWithheld	#79	2017-04-23	2017-04-23
GAP	globex_interest_rates	NormalWeekPhaseWithheld	#79	2017-04-30	2017-04-30
GAP	globex_interest_rates	NormalWeekPhaseWithheld	#79	2017-05-07	2017-05-07
GAP	globex_interest_rates	NormalWeekPhaseWithheld	#79	2017-05-14	2017-05-14
GAP	globex_interest_rates	NormalWeekPhaseWithheld	#79	2017-05-21	2017-05-21
GAP	globex_interest_rates	NormalWeekPhaseWithheld	#79	2017-05-28	2017-05-28
GAP	globex_interest_rates	NormalWeekPhaseWithheld	#79	2017-06-04	2017-06-04
GAP	globex_interest_rates	NormalWeekPhaseWithheld	#79	2017-06-11	2017-06-11
GAP	globex_interest_rates	NormalWeekPhaseWithheld	#79	2017-06-18	2017-06-18
GAP	globex_interest_rates	NormalWeekPhaseWithheld	#79	2017-06-25	2017-06-25
GAP	globex_interest_rates	NormalWeekPhaseWithheld	#79	2017-07-02	2017-07-02
GAP	globex_interest_rates	NormalWeekPhaseWithheld	#79	2017-07-09	2017-07-09
GAP	globex_interest_rates	NormalWeekPhaseWithheld	#79	2017-07-16	2017-07-16
GAP	globex_interest_rates	NormalWeekPhaseWithheld	#79	2017-07-23	2017-07-23
GAP	globex_interest_rates	NormalWeekPhaseWithheld	#79	2017-07-30	2017-07-30
GAP	globex_interest_rates	NormalWeekPhaseWithheld	#79	2017-08-06	2017-08-06
GAP	globex_interest_rates	NormalWeekPhaseWithheld	#79	2017-08-13	2017-08-13
GAP	globex_interest_rates	NormalWeekPhaseWithheld	#79	2017-08-20	2017-08-20
GAP	globex_interest_rates	NormalWeekPhaseWithheld	#79	2017-08-27	2017-08-27
GAP	globex_interest_rates	NormalWeekPhaseWithheld	#79	2017-09-03	2017-09-03
GAP	globex_interest_rates	NormalWeekPhaseWithheld	#79	2017-09-10	2017-09-10
GAP	globex_interest_rates	NormalWeekPhaseWithheld	#79	2017-09-17	2017-09-17
GAP	globex_interest_rates	NormalWeekPhaseWithheld	#79	2017-09-24	2017-09-24
GAP	globex_interest_rates	NormalWeekPhaseWithheld	#79	2017-10-01	2017-10-01
GAP	globex_interest_rates	NormalWeekPhaseWithheld	#79	2017-10-08	2017-10-08
GAP	globex_interest_rates	NormalWeekPhaseWithheld	#79	2017-10-15	2017-10-15
GAP	globex_interest_rates	NormalWeekPhaseWithheld	#79	2017-10-22	2017-10-22
GAP	globex_interest_rates	NormalWeekPhaseWithheld	#79	2017-10-29	2017-10-29
GAP	globex_interest_rates	NormalWeekPhaseWithheld	#79	2017-11-05	2017-11-05
GAP	globex_interest_rates	NormalWeekPhaseWithheld	#79	2017-11-12	2017-11-12
GAP	globex_interest_rates	NormalWeekPhaseWithheld	#79	2017-11-19	2017-11-19
GAP	globex_interest_rates	NormalWeekPhaseWithheld	#79	2017-11-26	2017-11-26
GAP	globex_interest_rates	NormalWeekPhaseWithheld	#79	2017-12-03	2017-12-03
GAP	globex_interest_rates	NormalWeekPhaseWithheld	#79	2017-12-10	2017-12-10
GAP	globex_interest_rates	NormalWeekPhaseWithheld	#79	2017-12-17	2017-12-17
GAP	globex_interest_rates	NormalWeekPhaseWithheld	#79	2018-01-07	2018-01-07
GAP	globex_interest_rates	NormalWeekPhaseWithheld	#79	2018-01-14	2018-01-14
GAP	globex_interest_rates	NormalWeekPhaseWithheld	#79	2018-01-21	2018-01-21
GAP	globex_interest_rates	NormalWeekPhaseWithheld	#79	2018-01-28	2018-01-28
GAP	globex_interest_rates	NormalWeekPhaseWithheld	#79	2018-02-04	2018-02-04
GAP	globex_interest_rates	NormalWeekPhaseWithheld	#79	2018-02-11	2018-02-11
GAP	globex_interest_rates	NormalWeekPhaseWithheld	#79	2018-02-18	2018-02-18
GAP	globex_interest_rates	NormalWeekPhaseWithheld	#79	2018-02-25	2018-02-25
GAP	globex_interest_rates	NormalWeekPhaseWithheld	#79	2018-03-04	2018-03-04
GAP	globex_interest_rates	NormalWeekPhaseWithheld	#79	2018-03-11	2018-03-11
GAP	globex_interest_rates	NormalWeekPhaseWithheld	#79	2018-03-18	2018-03-18
GAP	globex_interest_rates	NormalWeekPhaseWithheld	#79	2018-03-25	2018-03-25
GAP	globex_interest_rates	NormalWeekPhaseWithheld	#79	2018-04-01	2018-04-01
GAP	globex_interest_rates	NormalWeekPhaseWithheld	#79	2018-04-08	2018-04-08
GAP	globex_interest_rates	NormalWeekPhaseWithheld	#79	2018-04-15	2018-04-15
GAP	globex_interest_rates	NormalWeekPhaseWithheld	#79	2018-04-22	2018-04-22
GAP	globex_interest_rates	NormalWeekPhaseWithheld	#79	2018-04-29	2018-04-29
GAP	globex_interest_rates	NormalWeekPhaseWithheld	#79	2018-05-06	2018-05-06
GAP	globex_interest_rates	NormalWeekPhaseWithheld	#79	2018-05-13	2018-05-13
GAP	globex_interest_rates	NormalWeekPhaseWithheld	#79	2018-05-20	2018-05-20
GAP	globex_interest_rates	NormalWeekPhaseWithheld	#79	2018-05-27	2018-05-27
GAP	globex_interest_rates	NormalWeekPhaseWithheld	#79	2018-06-03	2018-06-03
GAP	globex_interest_rates	NormalWeekPhaseWithheld	#79	2018-06-10	2018-06-10
GAP	globex_interest_rates	NormalWeekPhaseWithheld	#79	2018-06-17	2018-06-17
GAP	globex_interest_rates	NormalWeekPhaseWithheld	#79	2018-06-24	2018-06-24
GAP	globex_interest_rates	NormalWeekPhaseWithheld	#79	2018-07-01	2018-07-01
GAP	globex_interest_rates	NormalWeekPhaseWithheld	#79	2018-07-08	2018-07-08
GAP	globex_interest_rates	NormalWeekPhaseWithheld	#79	2018-07-15	2018-07-15
GAP	globex_interest_rates	NormalWeekPhaseWithheld	#79	2018-07-22	2018-07-22
GAP	globex_interest_rates	NormalWeekPhaseWithheld	#79	2018-07-29	2018-07-29
GAP	globex_interest_rates	NormalWeekPhaseWithheld	#79	2018-08-05	2018-08-05
GAP	globex_interest_rates	NormalWeekPhaseWithheld	#79	2018-08-12	2018-08-12
GAP	globex_interest_rates	NormalWeekPhaseWithheld	#79	2018-08-19	2018-08-19
GAP	globex_interest_rates	NormalWeekPhaseWithheld	#79	2018-08-26	2018-08-26
GAP	globex_interest_rates	NormalWeekPhaseWithheld	#79	2018-09-02	2018-09-02
GAP	globex_interest_rates	NormalWeekPhaseWithheld	#79	2018-09-09	2018-09-09
GAP	globex_interest_rates	NormalWeekPhaseWithheld	#79	2018-09-16	2018-09-16
GAP	globex_interest_rates	NormalWeekPhaseWithheld	#79	2018-09-23	2018-09-23
GAP	globex_interest_rates	NormalWeekPhaseWithheld	#79	2018-09-30	2018-09-30
GAP	globex_interest_rates	NormalWeekPhaseWithheld	#79	2018-10-07	2018-10-07
GAP	globex_interest_rates	NormalWeekPhaseWithheld	#79	2018-10-14	2018-10-14
GAP	globex_interest_rates	NormalWeekPhaseWithheld	#79	2018-10-21	2018-10-21
GAP	globex_interest_rates	NormalWeekPhaseWithheld	#79	2018-10-28	2018-10-28
GAP	globex_interest_rates	NormalWeekPhaseWithheld	#79	2018-11-04	2018-11-04
GAP	globex_interest_rates	NormalWeekPhaseWithheld	#79	2018-11-11	2018-11-11
GAP	globex_interest_rates	NormalWeekPhaseWithheld	#79	2018-11-18	2018-11-18
GAP	globex_interest_rates	NormalWeekPhaseWithheld	#79	2018-11-25	2018-11-25
GAP	globex_interest_rates	NormalWeekPhaseWithheld	#79	2018-12-02	2018-12-02
GAP	globex_interest_rates	NormalWeekPhaseWithheld	#79	2018-12-09	2018-12-09
GAP	globex_interest_rates	NormalWeekPhaseWithheld	#79	2018-12-16	2018-12-16
GAP	globex_interest_rates	NormalWeekPhaseWithheld	#79	2018-12-23	2018-12-23
GAP	globex_interest_rates	NormalWeekPhaseWithheld	#79	2018-12-30	2018-12-30
GAP	globex_interest_rates	NormalWeekPhaseWithheld	#79	2019-01-06	2019-01-06
GAP	globex_interest_rates	NormalWeekPhaseWithheld	#79	2019-01-13	2019-01-13
GAP	globex_interest_rates	NormalWeekPhaseWithheld	#79	2019-01-20	2019-01-20
GAP	globex_interest_rates	NormalWeekPhaseWithheld	#79	2019-01-27	2019-01-27
GAP	globex_interest_rates	NormalWeekPhaseWithheld	#79	2019-02-03	2019-02-03
GAP	globex_interest_rates	NormalWeekPhaseWithheld	#79	2019-02-10	2019-02-10
GAP	globex_interest_rates	NormalWeekPhaseWithheld	#79	2019-02-17	2019-02-17
GAP	globex_interest_rates	NormalWeekPhaseWithheld	#79	2019-02-24	2019-02-24
GAP	globex_interest_rates	NormalWeekPhaseWithheld	#79	2019-03-03	2019-03-03
GAP	globex_interest_rates	NormalWeekPhaseWithheld	#79	2019-03-10	2019-03-10
GAP	globex_interest_rates	NormalWeekPhaseWithheld	#79	2019-03-17	2019-03-17
GAP	globex_interest_rates	NormalWeekPhaseWithheld	#79	2019-03-24	2019-03-24
GAP	globex_interest_rates	NormalWeekPhaseWithheld	#79	2019-03-31	2019-03-31
GAP	globex_interest_rates	NormalWeekPhaseWithheld	#79	2019-04-07	2019-04-07
GAP	globex_interest_rates	NormalWeekPhaseWithheld	#79	2019-04-14	2019-04-14
GAP	globex_interest_rates	NormalWeekPhaseWithheld	#79	2019-04-21	2019-04-21
GAP	globex_interest_rates	NormalWeekPhaseWithheld	#79	2019-04-28	2019-04-28
GAP	globex_interest_rates	NormalWeekPhaseWithheld	#79	2019-05-05	2019-05-05
GAP	globex_interest_rates	NormalWeekPhaseWithheld	#79	2019-05-12	2019-05-12
GAP	globex_interest_rates	NormalWeekPhaseWithheld	#79	2019-05-19	2019-05-19
GAP	globex_interest_rates	NormalWeekPhaseWithheld	#79	2019-05-26	2019-05-26
GAP	globex_interest_rates	NormalWeekPhaseWithheld	#79	2019-06-02	2019-06-02
GAP	globex_interest_rates	NormalWeekPhaseWithheld	#79	2019-06-09	2019-06-09
GAP	globex_interest_rates	NormalWeekPhaseWithheld	#79	2019-06-16	2019-06-16
GAP	globex_interest_rates	ResolutionEdge	-	2019-06-18	2019-06-18
GAP	globex_interest_rates	WithheldDate	-	2019-06-19	2019-06-19
GAP	globex_interest_rates	ResolutionEdge	-	2019-06-20	2019-06-22
GAP	globex_interest_rates	NormalWeekPhaseWithheld	#79	2019-06-23	2019-06-23
GAP	globex_interest_rates	NormalWeekPhaseWithheld	#79	2019-06-30	2019-06-30
GAP	globex_interest_rates	NormalWeekPhaseWithheld	#79	2019-07-07	2019-07-07
GAP	globex_interest_rates	NormalWeekPhaseWithheld	#79	2019-07-14	2019-07-14
GAP	globex_interest_rates	NormalWeekPhaseWithheld	#79	2019-07-21	2019-07-21
GAP	globex_interest_rates	NormalWeekPhaseWithheld	#79	2019-07-28	2019-07-28
GAP	globex_interest_rates	NormalWeekPhaseWithheld	#79	2019-08-04	2019-08-04
GAP	globex_interest_rates	NormalWeekPhaseWithheld	#79	2019-08-11	2019-08-11
GAP	globex_interest_rates	NormalWeekPhaseWithheld	#79	2019-08-18	2019-08-18
GAP	globex_interest_rates	NormalWeekPhaseWithheld	#79	2019-08-25	2019-08-25
GAP	globex_interest_rates	NormalWeekPhaseWithheld	#79	2019-09-01	2019-09-01
GAP	globex_interest_rates	NormalWeekPhaseWithheld	#79	2019-09-08	2019-09-08
GAP	globex_interest_rates	NormalWeekPhaseWithheld	#79	2019-09-15	2019-09-15
GAP	globex_interest_rates	NormalWeekPhaseWithheld	#79	2019-09-22	2019-09-22
GAP	globex_interest_rates	NormalWeekPhaseWithheld	#79	2019-09-29	2019-09-29
GAP	globex_interest_rates	NormalWeekPhaseWithheld	#79	2019-10-06	2019-10-06
GAP	globex_interest_rates	NormalWeekPhaseWithheld	#79	2019-10-13	2019-10-13
GAP	globex_interest_rates	NormalWeekPhaseWithheld	#79	2019-10-20	2019-10-20
GAP	globex_interest_rates	NormalWeekPhaseWithheld	#79	2019-10-27	2019-10-27
GAP	globex_interest_rates	NormalWeekPhaseWithheld	#79	2019-11-03	2019-11-03
GAP	globex_interest_rates	NormalWeekPhaseWithheld	#79	2019-11-10	2019-11-10
GAP	globex_interest_rates	NormalWeekPhaseWithheld	#79	2019-11-17	2019-11-17
GAP	globex_interest_rates	NormalWeekPhaseWithheld	#79	2019-11-24	2019-11-24
GAP	globex_interest_rates	NormalWeekPhaseWithheld	#79	2019-12-01	2019-12-01
GAP	globex_interest_rates	NormalWeekPhaseWithheld	#79	2019-12-08	2019-12-08
GAP	globex_interest_rates	NormalWeekPhaseWithheld	#79	2019-12-15	2019-12-15
GAP	globex_interest_rates	NormalWeekPhaseWithheld	#79	2019-12-22	2019-12-22
GAP	globex_interest_rates	NormalWeekPhaseWithheld	#79	2019-12-29	2019-12-29
GAP	globex_interest_rates	NormalWeekPhaseWithheld	#79	2020-01-05	2020-01-05
GAP	globex_interest_rates	NormalWeekPhaseWithheld	#79	2020-01-12	2020-01-12
GAP	globex_interest_rates	NormalWeekPhaseWithheld	#79	2020-01-19	2020-01-19
GAP	globex_interest_rates	NormalWeekPhaseWithheld	#79	2020-01-26	2020-01-26
GAP	globex_interest_rates	NormalWeekPhaseWithheld	#79	2020-02-02	2020-02-02
GAP	globex_interest_rates	NormalWeekPhaseWithheld	#79	2020-02-09	2020-02-09
GAP	globex_interest_rates	NormalWeekPhaseWithheld	#79	2020-02-16	2020-02-16
GAP	globex_interest_rates	NormalWeekPhaseWithheld	#79	2020-02-23	2020-02-23
GAP	globex_interest_rates	NormalWeekPhaseWithheld	#79	2020-03-01	2020-03-01
GAP	globex_interest_rates	NormalWeekPhaseWithheld	#79	2020-03-08	2020-03-08
GAP	globex_interest_rates	NormalWeekPhaseWithheld	#79	2020-03-15	2020-03-15
GAP	globex_interest_rates	NormalWeekPhaseWithheld	#79	2020-03-22	2020-03-22
GAP	globex_interest_rates	NormalWeekPhaseWithheld	#79	2020-03-29	2020-03-29
GAP	globex_interest_rates	NormalWeekPhaseWithheld	#79	2020-04-05	2020-04-05
GAP	globex_interest_rates	NormalWeekPhaseWithheld	#79	2020-04-12	2020-04-12
GAP	globex_interest_rates	NormalWeekPhaseWithheld	#79	2020-04-19	2020-04-19
GAP	globex_interest_rates	NormalWeekPhaseWithheld	#79	2020-04-26	2020-04-26
GAP	globex_interest_rates	NormalWeekPhaseWithheld	#79	2020-05-03	2020-05-03
GAP	globex_interest_rates	NormalWeekPhaseWithheld	#79	2020-05-10	2020-05-10
GAP	globex_interest_rates	NormalWeekPhaseWithheld	#79	2020-05-17	2020-05-17
GAP	globex_interest_rates	NormalWeekPhaseWithheld	#79	2020-05-24	2020-05-24
GAP	globex_interest_rates	NormalWeekPhaseWithheld	#79	2020-05-31	2020-05-31
GAP	globex_interest_rates	NormalWeekPhaseWithheld	#79	2020-06-07	2020-06-07
GAP	globex_interest_rates	NormalWeekPhaseWithheld	#79	2020-06-14	2020-06-14
GAP	globex_interest_rates	ResolutionEdge	-	2020-06-18	2020-06-18
GAP	globex_interest_rates	WithheldDate	-	2020-06-19	2020-06-19
GAP	globex_interest_rates	ResolutionEdge	-	2020-06-20	2020-06-20
GAP	globex_interest_rates	NormalWeekPhaseWithheld	#79	2020-06-21	2020-06-21
GAP	globex_interest_rates	NormalWeekPhaseWithheld	#79	2020-06-28	2020-06-28
GAP	globex_interest_rates	NormalWeekPhaseWithheld	#79	2020-07-05	2020-07-05
GAP	globex_interest_rates	NormalWeekPhaseWithheld	#79	2020-07-12	2020-07-12
GAP	globex_interest_rates	NormalWeekPhaseWithheld	#79	2020-07-19	2020-07-19
GAP	globex_interest_rates	NormalWeekPhaseWithheld	#79	2020-07-26	2020-07-26
GAP	globex_interest_rates	NormalWeekPhaseWithheld	#79	2020-08-02	2020-08-02
GAP	globex_interest_rates	NormalWeekPhaseWithheld	#79	2020-08-09	2020-08-09
GAP	globex_interest_rates	NormalWeekPhaseWithheld	#79	2020-08-16	2020-08-16
GAP	globex_interest_rates	NormalWeekPhaseWithheld	#79	2020-08-23	2020-08-23
GAP	globex_interest_rates	NormalWeekPhaseWithheld	#79	2020-08-30	2020-08-30
GAP	globex_interest_rates	NormalWeekPhaseWithheld	#79	2020-09-06	2020-09-06
GAP	globex_interest_rates	NormalWeekPhaseWithheld	#79	2020-09-13	2020-09-13
GAP	globex_interest_rates	NormalWeekPhaseWithheld	#79	2020-09-20	2020-09-20
GAP	globex_interest_rates	NormalWeekPhaseWithheld	#79	2020-09-27	2020-09-27
GAP	globex_interest_rates	NormalWeekPhaseWithheld	#79	2020-10-04	2020-10-04
GAP	globex_interest_rates	NormalWeekPhaseWithheld	#79	2020-10-11	2020-10-11
GAP	globex_interest_rates	NormalWeekPhaseWithheld	#79	2020-10-18	2020-10-18
GAP	globex_interest_rates	NormalWeekPhaseWithheld	#79	2020-10-25	2020-10-25
GAP	globex_interest_rates	NormalWeekPhaseWithheld	#79	2020-11-01	2020-11-01
GAP	globex_interest_rates	NormalWeekPhaseWithheld	#79	2020-11-08	2020-11-08
GAP	globex_interest_rates	NormalWeekPhaseWithheld	#79	2020-11-15	2020-11-15
GAP	globex_interest_rates	NormalWeekPhaseWithheld	#79	2020-11-22	2020-11-22
GAP	globex_interest_rates	NormalWeekPhaseWithheld	#79	2020-11-29	2020-11-29
GAP	globex_interest_rates	NormalWeekPhaseWithheld	#79	2020-12-06	2020-12-06
GAP	globex_interest_rates	NormalWeekPhaseWithheld	#79	2020-12-13	2020-12-13
GAP	globex_interest_rates	NormalWeekPhaseWithheld	#79	2020-12-20	2020-12-20
GAP	globex_interest_rates	NormalWeekPhaseWithheld	#79	2020-12-27	2020-12-27
GAP	globex_interest_rates	NormalWeekPhaseWithheld	#79	2021-01-03	2021-01-03
GAP	globex_interest_rates	NormalWeekPhaseWithheld	#79	2021-01-10	2021-01-10
GAP	globex_interest_rates	NormalWeekPhaseWithheld	#79	2021-01-17	2021-01-17
GAP	globex_interest_rates	NormalWeekPhaseWithheld	#79	2021-01-24	2021-01-24
GAP	globex_interest_rates	NormalWeekPhaseWithheld	#79	2021-01-31	2021-01-31
GAP	globex_interest_rates	NormalWeekPhaseWithheld	#79	2021-02-07	2021-02-07
GAP	globex_interest_rates	NormalWeekPhaseWithheld	#79	2021-02-14	2021-02-14
GAP	globex_interest_rates	NormalWeekPhaseWithheld	#79	2021-02-21	2021-02-21
GAP	globex_interest_rates	NormalWeekPhaseWithheld	#79	2021-02-28	2021-02-28
GAP	globex_interest_rates	NormalWeekPhaseWithheld	#79	2021-03-07	2021-03-07
GAP	globex_interest_rates	NormalWeekPhaseWithheld	#79	2021-03-14	2021-03-14
GAP	globex_interest_rates	NormalWeekPhaseWithheld	#79	2021-03-21	2021-03-21
GAP	globex_interest_rates	NormalWeekPhaseWithheld	#79	2021-03-28	2021-03-28
GAP	globex_interest_rates	NormalWeekPhaseWithheld	#79	2021-04-04	2021-04-04
GAP	globex_interest_rates	NormalWeekPhaseWithheld	#79	2021-04-11	2021-04-11
GAP	globex_interest_rates	NormalWeekPhaseWithheld	#79	2021-04-18	2021-04-18
GAP	globex_interest_rates	NormalWeekPhaseWithheld	#79	2021-04-25	2021-04-25
GAP	globex_interest_rates	NormalWeekPhaseWithheld	#79	2021-05-02	2021-05-02
GAP	globex_interest_rates	NormalWeekPhaseWithheld	#79	2021-05-09	2021-05-09
GAP	globex_interest_rates	NormalWeekPhaseWithheld	#79	2021-05-16	2021-05-16
GAP	globex_interest_rates	NormalWeekPhaseWithheld	#79	2021-05-23	2021-05-23
GAP	globex_interest_rates	NormalWeekPhaseWithheld	#79	2021-05-30	2021-05-30
GAP	globex_interest_rates	NormalWeekPhaseWithheld	#79	2021-06-06	2021-06-06
GAP	globex_interest_rates	NormalWeekPhaseWithheld	#79	2021-06-13	2021-06-13
GAP	globex_interest_rates	ResolutionEdge	-	2021-06-18	2021-06-18
GAP	globex_interest_rates	WithheldDate	-	2021-06-19	2021-06-19
GAP	globex_interest_rates	NormalWeekPhaseWithheld	#79	2021-06-20	2021-06-20
GAP	globex_interest_rates	NormalWeekPhaseWithheld	#79	2021-06-27	2021-06-27
GAP	globex_interest_rates	NormalWeekPhaseWithheld	#79	2021-07-04	2021-07-04
GAP	globex_interest_rates	NormalWeekPhaseWithheld	#79	2021-07-11	2021-07-11
GAP	globex_interest_rates	NormalWeekPhaseWithheld	#79	2021-07-18	2021-07-18
GAP	globex_interest_rates	NormalWeekPhaseWithheld	#79	2021-07-25	2021-07-25
GAP	globex_interest_rates	NormalWeekPhaseWithheld	#79	2021-08-01	2021-08-01
GAP	globex_interest_rates	NormalWeekPhaseWithheld	#79	2021-08-08	2021-08-08
GAP	globex_interest_rates	NormalWeekPhaseWithheld	#79	2021-08-15	2021-08-15
GAP	globex_interest_rates	NormalWeekPhaseWithheld	#79	2021-08-22	2021-08-22
GAP	globex_interest_rates	NormalWeekPhaseWithheld	#79	2021-08-29	2021-08-29
GAP	globex_interest_rates	NormalWeekPhaseWithheld	#79	2021-09-05	2021-09-05
GAP	globex_interest_rates	NormalWeekPhaseWithheld	#79	2021-09-12	2021-09-12
GAP	globex_interest_rates	NormalWeekPhaseWithheld	#79	2021-09-19	2021-09-19
GAP	globex_interest_rates	NormalWeekPhaseWithheld	#79	2021-09-26	2021-09-26
GAP	globex_interest_rates	NormalWeekPhaseWithheld	#79	2021-10-03	2021-10-03
GAP	globex_interest_rates	NormalWeekPhaseWithheld	#79	2021-10-10	2021-10-10
GAP	globex_interest_rates	NormalWeekPhaseWithheld	#79	2021-10-17	2021-10-17
GAP	globex_interest_rates	NormalWeekPhaseWithheld	#79	2021-10-24	2021-10-24
GAP	globex_interest_rates	NormalWeekPhaseWithheld	#79	2021-10-31	2021-10-31
GAP	globex_interest_rates	NormalWeekPhaseWithheld	#79	2021-11-07	2021-11-07
GAP	globex_interest_rates	NormalWeekPhaseWithheld	#79	2021-11-14	2021-11-14
GAP	globex_interest_rates	NormalWeekPhaseWithheld	#79	2021-11-21	2021-11-21
GAP	globex_interest_rates	NormalWeekPhaseWithheld	#79	2021-11-28	2021-11-28
GAP	globex_interest_rates	NormalWeekPhaseWithheld	#79	2021-12-05	2021-12-05
GAP	globex_interest_rates	NormalWeekPhaseWithheld	#79	2021-12-12	2021-12-12
GAP	globex_interest_rates	NormalWeekPhaseWithheld	#79	2021-12-19	2021-12-19
GAP	globex_interest_rates	NormalWeekPhaseWithheld	#79	2021-12-26	2021-12-26
GAP	globex_interest_rates	NormalWeekPhaseWithheld	#79	2022-01-02	2022-01-02
GAP	globex_interest_rates	NormalWeekPhaseWithheld	#79	2022-01-09	2022-01-09
GAP	globex_interest_rates	NormalWeekPhaseWithheld	#79	2022-01-16	2022-01-16
GAP	globex_interest_rates	NormalWeekPhaseWithheld	#79	2022-01-23	2022-01-23
GAP	globex_interest_rates	NormalWeekPhaseWithheld	#79	2022-01-30	2022-01-30
GAP	globex_interest_rates	NormalWeekPhaseWithheld	#79	2022-02-06	2022-02-06
GAP	globex_interest_rates	NormalWeekPhaseWithheld	#79	2022-02-13	2022-02-13
GAP	globex_interest_rates	NormalWeekPhaseWithheld	#79	2022-02-20	2022-02-20
GAP	globex_interest_rates	NormalWeekPhaseWithheld	#79	2022-02-27	2022-02-27
GAP	globex_interest_rates	NormalWeekPhaseWithheld	#79	2022-03-06	2022-03-06
GAP	globex_interest_rates	NormalWeekPhaseWithheld	#79	2022-03-13	2022-03-13
GAP	globex_interest_rates	NormalWeekPhaseWithheld	#79	2022-03-20	2022-03-20
GAP	globex_interest_rates	NormalWeekPhaseWithheld	#79	2022-03-27	2022-03-27
GAP	globex_interest_rates	NormalWeekPhaseWithheld	#79	2022-04-03	2022-04-03
GAP	globex_interest_rates	NormalWeekPhaseWithheld	#79	2022-04-10	2022-04-10
GAP	globex_interest_rates	NormalWeekPhaseWithheld	#79	2022-04-17	2022-04-17
GAP	globex_interest_rates	NormalWeekPhaseWithheld	#79	2022-04-24	2022-04-24
GAP	globex_interest_rates	NormalWeekPhaseWithheld	#79	2022-05-01	2022-05-01
GAP	globex_interest_rates	NormalWeekPhaseWithheld	#79	2022-05-08	2022-05-08
GAP	globex_interest_rates	NormalWeekPhaseWithheld	#79	2022-05-15	2022-05-15
GAP	globex_interest_rates	NormalWeekPhaseWithheld	#79	2022-05-22	2022-05-22
GAP	globex_interest_rates	NormalWeekPhaseWithheld	#79	2022-05-29	2022-05-29
GAP	globex_interest_rates	NormalWeekPhaseWithheld	#79	2022-06-05	2022-06-05
GAP	globex_interest_rates	NormalWeekPhaseWithheld	#79	2022-06-12	2022-06-12
GAP	globex_interest_rates	NormalWeekPhaseWithheld	#79	2022-06-19	2022-06-19
GAP	globex_interest_rates	NormalWeekPhaseWithheld	#79	2022-06-26	2022-06-26
GAP	globex_interest_rates	NormalWeekPhaseWithheld	#79	2022-07-03	2022-07-03
GAP	globex_interest_rates	NormalWeekPhaseWithheld	#79	2022-07-10	2022-07-10
GAP	globex_interest_rates	NormalWeekPhaseWithheld	#79	2022-07-17	2022-07-17
GAP	globex_interest_rates	NormalWeekPhaseWithheld	#79	2022-07-24	2022-07-24
GAP	globex_interest_rates	NormalWeekPhaseWithheld	#79	2022-07-31	2022-07-31
GAP	globex_interest_rates	NormalWeekPhaseWithheld	#79	2022-08-07	2022-08-07
GAP	globex_interest_rates	NormalWeekPhaseWithheld	#79	2022-08-14	2022-08-14
GAP	globex_interest_rates	NormalWeekPhaseWithheld	#79	2022-08-21	2022-08-21
GAP	globex_interest_rates	NormalWeekPhaseWithheld	#79	2022-08-28	2022-08-28
GAP	globex_interest_rates	NormalWeekPhaseWithheld	#79	2022-09-04	2022-09-04
GAP	globex_interest_rates	NormalWeekPhaseWithheld	#79	2022-09-11	2022-09-11
GAP	globex_interest_rates	NormalWeekPhaseWithheld	#79	2022-09-18	2022-09-18
GAP	globex_interest_rates	NormalWeekPhaseWithheld	#79	2022-09-25	2022-09-25
GAP	globex_interest_rates	NormalWeekPhaseWithheld	#79	2022-10-02	2022-10-02
GAP	globex_interest_rates	NormalWeekPhaseWithheld	#79	2022-10-09	2022-10-09
GAP	globex_interest_rates	NormalWeekPhaseWithheld	#79	2022-10-16	2022-10-16
GAP	globex_interest_rates	NormalWeekPhaseWithheld	#79	2022-10-23	2022-10-23
GAP	globex_interest_rates	NormalWeekPhaseWithheld	#79	2022-10-30	2022-10-30
GAP	globex_interest_rates	NormalWeekPhaseWithheld	#79	2022-11-06	2022-11-06
GAP	globex_interest_rates	NormalWeekPhaseWithheld	#79	2022-11-13	2022-11-13
GAP	globex_interest_rates	NormalWeekPhaseWithheld	#79	2022-11-20	2022-11-20
GAP	globex_interest_rates	NormalWeekPhaseWithheld	#79	2022-11-27	2022-11-27
GAP	globex_interest_rates	NormalWeekPhaseWithheld	#79	2022-12-04	2022-12-04
GAP	globex_interest_rates	NormalWeekPhaseWithheld	#79	2022-12-11	2022-12-11
GAP	globex_interest_rates	NormalWeekPhaseWithheld	#79	2022-12-18	2022-12-18
GAP	globex_interest_rates	NormalWeekPhaseWithheld	#79	2023-01-08	2023-01-08
GAP	globex_interest_rates	ResolutionEdge	-	2023-01-13	2023-01-14
GAP	globex_interest_rates	NormalWeekPhaseWithheld	#79	2023-01-15	2023-01-15
GAP	globex_interest_rates	WithheldDate	-	2023-01-16	2023-01-16
GAP	globex_interest_rates	ResolutionEdge	-	2023-01-17	2023-01-17
GAP	globex_interest_rates	NormalWeekPhaseWithheld	#79	2023-01-22	2023-01-22
GAP	globex_interest_rates	NormalWeekPhaseWithheld	#79	2023-01-29	2023-01-29
GAP	globex_interest_rates	NormalWeekPhaseWithheld	#79	2023-02-05	2023-02-05
GAP	globex_interest_rates	NormalWeekPhaseWithheld	#79	2023-02-12	2023-02-12
GAP	globex_interest_rates	NormalWeekPhaseWithheld	#79	2023-02-19	2023-02-19
GAP	globex_interest_rates	NormalWeekPhaseWithheld	#79	2023-02-26	2023-02-26
GAP	globex_interest_rates	NormalWeekPhaseWithheld	#79	2023-03-05	2023-03-05
GAP	globex_interest_rates	NormalWeekPhaseWithheld	#79	2023-03-12	2023-03-12
GAP	globex_interest_rates	NormalWeekPhaseWithheld	#79	2023-03-19	2023-03-19
GAP	globex_interest_rates	NormalWeekPhaseWithheld	#79	2023-03-26	2023-03-26
GAP	globex_interest_rates	NormalWeekPhaseWithheld	#79	2023-04-02	2023-04-02
GAP	globex_interest_rates	NormalWeekPhaseWithheld	#79	2023-04-09	2023-04-09
GAP	globex_interest_rates	NormalWeekPhaseWithheld	#79	2023-04-16	2023-04-16
GAP	globex_interest_rates	NormalWeekPhaseWithheld	#79	2023-04-23	2023-04-23
GAP	globex_interest_rates	NormalWeekPhaseWithheld	#79	2023-04-30	2023-04-30
GAP	globex_interest_rates	NormalWeekPhaseWithheld	#79	2023-05-07	2023-05-07
GAP	globex_interest_rates	NormalWeekPhaseWithheld	#79	2023-05-14	2023-05-14
GAP	globex_interest_rates	NormalWeekPhaseWithheld	#79	2023-05-21	2023-05-21
GAP	globex_interest_rates	NormalWeekPhaseWithheld	#79	2023-05-28	2023-05-28
GAP	globex_interest_rates	NormalWeekPhaseWithheld	#79	2023-06-04	2023-06-04
GAP	globex_interest_rates	NormalWeekPhaseWithheld	#79	2023-06-11	2023-06-11
GAP	globex_interest_rates	NormalWeekPhaseWithheld	#79	2023-06-18	2023-06-18
GAP	globex_interest_rates	NormalWeekPhaseWithheld	#79	2023-06-25	2023-06-25
GAP	globex_interest_rates	NormalWeekPhaseWithheld	#79	2023-07-02	2023-07-02
GAP	globex_interest_rates	NormalWeekPhaseWithheld	#79	2023-07-09	2023-07-09
GAP	globex_interest_rates	NormalWeekPhaseWithheld	#79	2023-07-16	2023-07-16
GAP	globex_interest_rates	NormalWeekPhaseWithheld	#79	2023-07-23	2023-07-23
GAP	globex_interest_rates	NormalWeekPhaseWithheld	#79	2023-07-30	2023-07-30
GAP	globex_interest_rates	NormalWeekPhaseWithheld	#79	2023-08-06	2023-08-06
GAP	globex_interest_rates	NormalWeekPhaseWithheld	#79	2023-08-13	2023-08-13
GAP	globex_interest_rates	NormalWeekPhaseWithheld	#79	2023-08-20	2023-08-20
GAP	globex_interest_rates	NormalWeekPhaseWithheld	#79	2023-08-27	2023-08-27
GAP	globex_interest_rates	NormalWeekPhaseWithheld	#79	2023-09-03	2023-09-03
GAP	globex_interest_rates	NormalWeekPhaseWithheld	#79	2023-09-10	2023-09-10
GAP	globex_interest_rates	NormalWeekPhaseWithheld	#79	2023-09-17	2023-09-17
GAP	globex_interest_rates	NormalWeekPhaseWithheld	#79	2023-09-24	2023-09-24
GAP	globex_interest_rates	NormalWeekPhaseWithheld	#79	2023-10-01	2023-10-01
GAP	globex_interest_rates	NormalWeekPhaseWithheld	#79	2023-10-08	2023-10-08
GAP	globex_interest_rates	NormalWeekPhaseWithheld	#79	2023-10-15	2023-10-15
GAP	globex_interest_rates	NormalWeekPhaseWithheld	#79	2023-10-22	2023-10-22
GAP	globex_interest_rates	NormalWeekPhaseWithheld	#79	2023-10-29	2023-10-29
GAP	globex_interest_rates	NormalWeekPhaseWithheld	#79	2023-11-05	2023-11-05
GAP	globex_interest_rates	NormalWeekPhaseWithheld	#79	2023-11-12	2023-11-12
GAP	globex_interest_rates	NormalWeekPhaseWithheld	#79	2023-11-19	2023-11-19
GAP	globex_interest_rates	NormalWeekPhaseWithheld	#79	2023-11-26	2023-11-26
GAP	globex_interest_rates	NormalWeekPhaseWithheld	#79	2023-12-03	2023-12-03
GAP	globex_interest_rates	NormalWeekPhaseWithheld	#79	2023-12-10	2023-12-10
GAP	globex_interest_rates	NormalWeekPhaseWithheld	#79	2023-12-17	2023-12-17
GAP	globex_interest_rates	NormalWeekPhaseWithheld	#79	2024-01-07	2024-01-07
GAP	globex_interest_rates	NormalWeekPhaseWithheld	#79	2024-01-14	2024-01-14
GAP	globex_interest_rates	NormalWeekPhaseWithheld	#79	2024-01-21	2024-01-21
GAP	globex_interest_rates	NormalWeekPhaseWithheld	#79	2024-01-28	2024-01-28
GAP	globex_interest_rates	NormalWeekPhaseWithheld	#79	2024-02-04	2024-02-04
GAP	globex_interest_rates	NormalWeekPhaseWithheld	#79	2024-02-11	2024-02-11
GAP	globex_interest_rates	NormalWeekPhaseWithheld	#79	2024-02-18	2024-02-18
GAP	globex_interest_rates	NormalWeekPhaseWithheld	#79	2024-02-25	2024-02-25
GAP	globex_interest_rates	NormalWeekPhaseWithheld	#79	2024-03-03	2024-03-03
GAP	globex_interest_rates	NormalWeekPhaseWithheld	#79	2024-03-10	2024-03-10
GAP	globex_interest_rates	NormalWeekPhaseWithheld	#79	2024-03-17	2024-03-17
GAP	globex_interest_rates	NormalWeekPhaseWithheld	#79	2024-03-24	2024-03-24
GAP	globex_interest_rates	NormalWeekPhaseWithheld	#79	2024-03-31	2024-03-31
GAP	globex_interest_rates	NormalWeekPhaseWithheld	#79	2024-04-07	2024-04-07
GAP	globex_interest_rates	NormalWeekPhaseWithheld	#79	2024-04-14	2024-04-14
GAP	globex_interest_rates	NormalWeekPhaseWithheld	#79	2024-04-21	2024-04-21
GAP	globex_interest_rates	NormalWeekPhaseWithheld	#79	2024-04-28	2024-04-28
GAP	globex_interest_rates	NormalWeekPhaseWithheld	#79	2024-05-05	2024-05-05
GAP	globex_interest_rates	NormalWeekPhaseWithheld	#79	2024-05-12	2024-05-12
GAP	globex_interest_rates	NormalWeekPhaseWithheld	#79	2024-05-19	2024-05-19
GAP	globex_interest_rates	NormalWeekPhaseWithheld	#79	2024-05-26	2024-05-26
GAP	globex_interest_rates	NormalWeekPhaseWithheld	#79	2024-06-02	2024-06-02
GAP	globex_interest_rates	NormalWeekPhaseWithheld	#79	2024-06-09	2024-06-09
GAP	globex_interest_rates	NormalWeekPhaseWithheld	#79	2024-06-16	2024-06-16
GAP	globex_interest_rates	NormalWeekPhaseWithheld	#79	2024-06-23	2024-06-23
GAP	globex_interest_rates	NormalWeekPhaseWithheld	#79	2024-06-30	2024-06-30
GAP	globex_interest_rates	NormalWeekPhaseWithheld	#79	2024-07-07	2024-07-07
GAP	globex_interest_rates	NormalWeekPhaseWithheld	#79	2024-07-14	2024-07-14
GAP	globex_interest_rates	NormalWeekPhaseWithheld	#79	2024-07-21	2024-07-21
GAP	globex_interest_rates	NormalWeekPhaseWithheld	#79	2024-07-28	2024-07-28
GAP	globex_interest_rates	NormalWeekPhaseWithheld	#79	2024-08-04	2024-08-04
GAP	globex_interest_rates	NormalWeekPhaseWithheld	#79	2024-08-11	2024-08-11
GAP	globex_interest_rates	NormalWeekPhaseWithheld	#79	2024-08-18	2024-08-18
GAP	globex_interest_rates	NormalWeekPhaseWithheld	#79	2024-08-25	2024-08-25
GAP	globex_interest_rates	NormalWeekPhaseWithheld	#79	2024-09-01	2024-09-01
GAP	globex_interest_rates	NormalWeekPhaseWithheld	#79	2024-09-08	2024-09-08
GAP	globex_interest_rates	NormalWeekPhaseWithheld	#79	2024-09-15	2024-09-15
GAP	globex_interest_rates	NormalWeekPhaseWithheld	#79	2024-09-22	2024-09-22
GAP	globex_interest_rates	NormalWeekPhaseWithheld	#79	2024-09-29	2024-09-29
GAP	globex_interest_rates	NormalWeekPhaseWithheld	#79	2024-10-06	2024-10-06
GAP	globex_interest_rates	NormalWeekPhaseWithheld	#79	2024-10-13	2024-10-13
GAP	globex_interest_rates	NormalWeekPhaseWithheld	#79	2024-10-20	2024-10-20
GAP	globex_interest_rates	NormalWeekPhaseWithheld	#79	2024-10-27	2024-10-27
GAP	globex_interest_rates	NormalWeekPhaseWithheld	#79	2024-11-03	2024-11-03
GAP	globex_interest_rates	NormalWeekPhaseWithheld	#79	2024-11-10	2024-11-10
GAP	globex_interest_rates	NormalWeekPhaseWithheld	#79	2024-11-17	2024-11-17
GAP	globex_interest_rates	NormalWeekPhaseWithheld	#79	2024-11-24	2024-11-24
GAP	globex_interest_rates	NormalWeekPhaseWithheld	#79	2024-12-01	2024-12-01
GAP	globex_interest_rates	NormalWeekPhaseWithheld	#79	2024-12-08	2024-12-08
GAP	globex_interest_rates	NormalWeekPhaseWithheld	#79	2024-12-15	2024-12-15
GAP	globex_interest_rates	NormalWeekPhaseWithheld	#79	2024-12-22	2024-12-22
GAP	globex_interest_rates	NormalWeekPhaseWithheld	#79	2024-12-29	2024-12-29
GAP	globex_interest_rates	NormalWeekPhaseWithheld	#79	2025-01-05	2025-01-05
GAP	globex_interest_rates	NormalWeekPhaseWithheld	#79	2025-01-12	2025-01-12
GAP	globex_interest_rates	NormalWeekPhaseWithheld	#79	2025-01-19	2025-01-19
GAP	globex_interest_rates	NormalWeekPhaseWithheld	#79	2025-01-26	2025-01-26
GAP	globex_interest_rates	NormalWeekPhaseWithheld	#79	2025-02-02	2025-02-02
GAP	globex_interest_rates	NormalWeekPhaseWithheld	#79	2025-02-09	2025-02-09
GAP	globex_interest_rates	NormalWeekPhaseWithheld	#79	2025-02-16	2025-02-16
GAP	globex_interest_rates	NormalWeekPhaseWithheld	#79	2025-02-23	2025-02-23
GAP	globex_interest_rates	NormalWeekPhaseWithheld	#79	2025-03-02	2025-03-02
GAP	globex_interest_rates	NormalWeekPhaseWithheld	#79	2025-03-09	2025-03-09
GAP	globex_interest_rates	NormalWeekPhaseWithheld	#79	2025-03-16	2025-03-16
GAP	globex_interest_rates	NormalWeekPhaseWithheld	#79	2025-03-23	2025-03-23
GAP	globex_interest_rates	NormalWeekPhaseWithheld	#79	2025-03-30	2025-03-30
GAP	globex_interest_rates	NormalWeekPhaseWithheld	#79	2025-04-06	2025-04-06
GAP	globex_interest_rates	NormalWeekPhaseWithheld	#79	2025-04-13	2025-04-13
GAP	globex_interest_rates	NormalWeekPhaseWithheld	#79	2025-04-20	2025-04-20
GAP	globex_interest_rates	NormalWeekPhaseWithheld	#79	2025-04-27	2025-04-27
GAP	globex_interest_rates	NormalWeekPhaseWithheld	#79	2025-05-04	2025-05-04
GAP	globex_interest_rates	NormalWeekPhaseWithheld	#79	2025-05-11	2025-05-11
GAP	globex_interest_rates	NormalWeekPhaseWithheld	#79	2025-05-18	2025-05-18
GAP	globex_interest_rates	NormalWeekPhaseWithheld	#79	2025-05-25	2025-05-25
GAP	globex_interest_rates	NormalWeekPhaseWithheld	#79	2025-06-01	2025-06-01
GAP	globex_interest_rates	NormalWeekPhaseWithheld	#79	2025-06-08	2025-06-08
GAP	globex_interest_rates	NormalWeekPhaseWithheld	#79	2025-06-15	2025-06-15
GAP	globex_interest_rates	NormalWeekPhaseWithheld	#79	2025-06-22	2025-06-22
GAP	globex_interest_rates	NormalWeekPhaseWithheld	#79	2025-06-29	2025-06-29
GAP	globex_interest_rates	NormalWeekPhaseWithheld	#79	2025-07-06	2025-07-06
GAP	globex_interest_rates	NormalWeekPhaseWithheld	#79	2025-07-13	2025-07-13
GAP	globex_interest_rates	NormalWeekPhaseWithheld	#79	2025-07-20	2025-07-20
GAP	globex_interest_rates	NormalWeekPhaseWithheld	#79	2025-07-27	2025-07-27
GAP	globex_interest_rates	NormalWeekPhaseWithheld	#79	2025-08-03	2025-08-03
GAP	globex_interest_rates	NormalWeekPhaseWithheld	#79	2025-08-10	2025-08-10
GAP	globex_interest_rates	NormalWeekPhaseWithheld	#79	2025-08-17	2025-08-17
GAP	globex_interest_rates	NormalWeekPhaseWithheld	#79	2025-08-24	2025-08-24
GAP	globex_interest_rates	NormalWeekPhaseWithheld	#79	2025-08-31	2025-08-31
GAP	globex_interest_rates	NormalWeekPhaseWithheld	#79	2025-09-07	2025-09-07
GAP	globex_interest_rates	NormalWeekPhaseWithheld	#79	2025-09-14	2025-09-14
GAP	globex_interest_rates	NormalWeekPhaseWithheld	#79	2025-09-21	2025-09-21
GAP	globex_interest_rates	NormalWeekPhaseWithheld	#79	2025-09-28	2025-09-28
GAP	globex_interest_rates	NormalWeekPhaseWithheld	#79	2025-10-05	2025-10-05
GAP	globex_interest_rates	NormalWeekPhaseWithheld	#79	2025-10-12	2025-10-12
GAP	globex_interest_rates	NormalWeekPhaseWithheld	#79	2025-10-19	2025-10-19
GAP	globex_interest_rates	NormalWeekPhaseWithheld	#79	2025-10-26	2025-10-26
GAP	globex_interest_rates	NormalWeekPhaseWithheld	#79	2025-11-02	2025-11-02
GAP	globex_interest_rates	NormalWeekPhaseWithheld	#79	2025-11-09	2025-11-09
GAP	globex_interest_rates	NormalWeekPhaseWithheld	#79	2025-11-16	2025-11-16
GAP	globex_interest_rates	NormalWeekPhaseWithheld	#79	2025-11-23	2025-11-23
GAP	globex_interest_rates	NormalWeekPhaseWithheld	#79	2025-11-30	2025-11-30
GAP	globex_interest_rates	NormalWeekPhaseWithheld	#79	2025-12-07	2025-12-07
GAP	globex_interest_rates	NormalWeekPhaseWithheld	#79	2025-12-14	2025-12-14
GAP	globex_interest_rates	NormalWeekPhaseWithheld	#79	2025-12-21	2025-12-21
GAP	globex_interest_rates	NormalWeekPhaseWithheld	#79	2025-12-28	2025-12-28
GAP	globex_interest_rates	NormalWeekPhaseWithheld	#79	2026-01-04	2026-01-04
GAP	globex_interest_rates	NormalWeekPhaseWithheld	#79	2026-01-11	2026-01-11
GAP	globex_interest_rates	NormalWeekPhaseWithheld	#79	2026-01-18	2026-01-18
GAP	globex_interest_rates	NormalWeekPhaseWithheld	#79	2026-01-25	2026-01-25
GAP	globex_interest_rates	NormalWeekPhaseWithheld	#79	2026-02-01	2026-02-01
GAP	globex_interest_rates	NormalWeekPhaseWithheld	#79	2026-02-08	2026-02-08
GAP	globex_interest_rates	NormalWeekPhaseWithheld	#79	2026-02-15	2026-02-15
GAP	globex_interest_rates	NormalWeekPhaseWithheld	#79	2026-02-22	2026-02-22
GAP	globex_interest_rates	NormalWeekPhaseWithheld	#79	2026-03-01	2026-03-01
GAP	globex_interest_rates	NormalWeekPhaseWithheld	#79	2026-03-08	2026-03-08
GAP	globex_interest_rates	NormalWeekPhaseWithheld	#79	2026-03-15	2026-03-15
GAP	globex_interest_rates	NormalWeekPhaseWithheld	#79	2026-03-22	2026-03-22
GAP	globex_interest_rates	NormalWeekPhaseWithheld	#79	2026-03-29	2026-03-29
GAP	globex_interest_rates	NormalWeekPhaseWithheld	#79	2026-04-05	2026-04-05
GAP	globex_interest_rates	NormalWeekPhaseWithheld	#79	2026-04-12	2026-04-12
GAP	globex_interest_rates	NormalWeekPhaseWithheld	#79	2026-04-19	2026-04-19
GAP	globex_interest_rates	NormalWeekPhaseWithheld	#79	2026-04-26	2026-04-26
GAP	globex_interest_rates	NormalWeekPhaseWithheld	#79	2026-05-03	2026-05-03
GAP	globex_interest_rates	NormalWeekPhaseWithheld	#79	2026-05-10	2026-05-10
GAP	globex_interest_rates	NormalWeekPhaseWithheld	#79	2026-05-17	2026-05-17
GAP	globex_interest_rates	NormalWeekPhaseWithheld	#79	2026-05-24	2026-05-24
GAP	globex_interest_rates	NormalWeekPhaseWithheld	#79	2026-05-31	2026-05-31
GAP	globex_interest_rates	NormalWeekPhaseWithheld	#79	2026-06-07	2026-06-07
GAP	globex_interest_rates	NormalWeekPhaseWithheld	#79	2026-06-14	2026-06-14
GAP	globex_interest_rates	NormalWeekPhaseWithheld	#79	2026-06-28	2026-06-28
GAP	globex_interest_rates	NormalWeekPhaseWithheld	#79	2026-07-12	2026-07-12
GAP	globex_interest_rates	NormalWeekPhaseWithheld	#79	2026-07-19	2026-07-19
GAP	globex_interest_rates	NormalWeekPhaseWithheld	#79	2026-07-26	2026-07-26
GAP	globex_interest_rates	NormalWeekPhaseWithheld	#79	2026-08-02	2026-08-02
GAP	globex_interest_rates	NormalWeekPhaseWithheld	#79	2026-08-09	2026-08-09
GAP	globex_interest_rates	NormalWeekPhaseWithheld	#79	2026-08-16	2026-08-16
GAP	globex_interest_rates	ResolutionEdge	-	2027-12-31	2027-12-31
GAP	globex_interest_rates	NoHolidayCoverage	-	2028-01-01	open
GAP	globex_livestock	ResolutionEdge	-	2019-06-18	2019-06-18
GAP	globex_livestock	WithheldDate	-	2019-06-19	2019-06-19
GAP	globex_livestock	ResolutionEdge	-	2019-06-20	2019-06-20
GAP	globex_livestock	ResolutionEdge	-	2020-06-18	2020-06-18
GAP	globex_livestock	WithheldDate	-	2020-06-19	2020-06-19
GAP	globex_livestock	ResolutionEdge	-	2020-06-20	2020-06-21
GAP	globex_livestock	ResolutionEdge	-	2021-06-18	2021-06-18
GAP	globex_livestock	WithheldDate	-	2021-06-19	2021-06-19
GAP	globex_livestock	ResolutionEdge	-	2021-06-20	2021-06-20
GAP	globex_livestock	ResolutionEdge	-	2023-01-14	2023-01-15
GAP	globex_livestock	WithheldDate	-	2023-01-16	2023-01-16
GAP	globex_livestock	ResolutionEdge	-	2023-01-17	2023-01-17
GAP	globex_livestock	ResolutionEdge	-	2023-02-18	2023-02-19
GAP	globex_livestock	WithheldDate	-	2023-02-20	2023-02-20
GAP	globex_livestock	ResolutionEdge	-	2023-02-21	2023-02-21
GAP	globex_livestock	ResolutionEdge	-	2023-04-06	2023-04-06
GAP	globex_livestock	WithheldDate	-	2023-04-07	2023-04-07
GAP	globex_livestock	ResolutionEdge	-	2023-04-08	2023-04-09
GAP	globex_livestock	ResolutionEdge	-	2027-12-31	2027-12-31
GAP	globex_livestock	NoHolidayCoverage	-	2028-01-01	open
GAP	globex_cryptocurrency	NoHolidayCoverage	-	2010-01-01	2017-12-15
GAP	globex_cryptocurrency	NoHolidayCoverage	-	2017-12-16	2017-12-16
GAP	globex_cryptocurrency	NoHolidayCoverage	-	2017-12-17	2018-12-31
GAP	globex_cryptocurrency	NormalWeekPhaseWithheld	#123	2019-01-01	2019-01-01
GAP	globex_cryptocurrency	NormalWeekPhaseWithheld	#123	2019-01-02	2019-06-17
GAP	globex_cryptocurrency	NormalWeekPhaseWithheld	#123	2019-06-18	2019-06-18
GAP	globex_cryptocurrency	WithheldDate	-	2019-06-19	2019-06-19
GAP	globex_cryptocurrency	NormalWeekPhaseWithheld	#123	2019-06-20	2019-06-22
GAP	globex_cryptocurrency	NormalWeekPhaseWithheld	#123	2019-06-23	2020-06-17
GAP	globex_cryptocurrency	NormalWeekPhaseWithheld	#123	2020-06-18	2020-06-18
GAP	globex_cryptocurrency	WithheldDate	-	2020-06-19	2020-06-19
GAP	globex_cryptocurrency	NormalWeekPhaseWithheld	#123	2020-06-20	2020-06-20
GAP	globex_cryptocurrency	NormalWeekPhaseWithheld	#123	2020-06-21	2021-06-17
GAP	globex_cryptocurrency	NormalWeekPhaseWithheld	#123	2021-06-18	2021-06-18
GAP	globex_cryptocurrency	WithheldDate	-	2021-06-19	2021-06-19
GAP	globex_cryptocurrency	NormalWeekPhaseWithheld	#123	2021-06-20	2021-06-20
GAP	globex_cryptocurrency	NormalWeekPhaseWithheld	#123	2021-06-21	2021-12-29
GAP	globex_cryptocurrency	NormalWeekPhaseWithheld	#123	2021-12-30	2021-12-30
GAP	globex_cryptocurrency	NormalWeekPhaseWithheld	#123	2021-12-31	2021-12-31
GAP	globex_cryptocurrency	NormalWeekPhaseWithheld	#123	2022-01-01	2022-01-01
GAP	globex_cryptocurrency	NormalWeekPhaseWithheld	#123	2022-01-02	2022-01-02
GAP	globex_cryptocurrency	NormalWeekPhaseWithheld	#123	2022-01-03	2023-01-12
GAP	globex_cryptocurrency	NormalWeekPhaseWithheld	#123	2023-01-13	2023-01-15
GAP	globex_cryptocurrency	WithheldDate	-	2023-01-16	2023-01-16
GAP	globex_cryptocurrency	NormalWeekPhaseWithheld	#123	2023-01-17	2023-01-17
GAP	globex_cryptocurrency	NormalWeekPhaseWithheld	#123	2023-01-18	2023-02-16
GAP	globex_cryptocurrency	NormalWeekPhaseWithheld	#123	2023-02-17	2023-02-19
GAP	globex_cryptocurrency	WithheldDate	-	2023-02-20	2023-02-20
GAP	globex_cryptocurrency	NormalWeekPhaseWithheld	#123	2023-02-21	2023-02-21
GAP	globex_cryptocurrency	NormalWeekPhaseWithheld	#123	2023-02-22	2023-04-05
GAP	globex_cryptocurrency	NormalWeekPhaseWithheld	#123	2023-04-06	2023-04-06
GAP	globex_cryptocurrency	WithheldDate	-	2023-04-07	2023-04-07
GAP	globex_cryptocurrency	NormalWeekPhaseWithheld	#123	2023-04-08	2023-04-08
GAP	globex_cryptocurrency	NormalWeekPhaseWithheld	#123	2023-04-09	2024-12-29
GAP	globex_cryptocurrency	NormalWeekPhaseWithheld	#123	2024-12-30	2024-12-30
GAP	globex_cryptocurrency	NormalWeekPhaseWithheld	#123	2024-12-31	2024-12-31
GAP	globex_cryptocurrency	NormalWeekPhaseWithheld	#123	2025-01-01	2025-01-01
GAP	globex_cryptocurrency	NormalWeekPhaseWithheld	#123	2025-01-02	2025-01-04
GAP	globex_cryptocurrency	NormalWeekPhaseWithheld	#123	2025-01-05	2026-05-27
GAP	globex_cryptocurrency	NormalWeekPhaseWithheld	#123	2026-05-28	2026-05-28
GAP	globex_cryptocurrency	ResolutionEdge	-	2027-12-31	2027-12-31
GAP	globex_cryptocurrency	NoHolidayCoverage	-	2028-01-01	open
GAP	cfe_vix	NoHolidayCoverage	-	2010-01-01	2017-04-09
GAP	cfe_vix	ResolutionEdge	-	2017-04-10	2017-04-10
GAP	cfe_vix	ResolutionEdge	-	2017-07-01	2017-07-02
GAP	cfe_vix	WithheldDate	-	2017-07-03	2017-07-03
GAP	cfe_vix	ResolutionEdge	-	2017-07-04	2017-07-04
GAP	cfe_vix	ResolutionEdge	-	2026-12-31	2026-12-31
GAP	cfe_vix	NoHolidayCoverage	-	2027-01-01	open
GAP	eurex	UnpublishedClosureDates	#157	2010-01-01	2010-01-03
GAP	eurex	UnpublishedClosureDates	#157	2010-01-04	2026-12-30
GAP	eurex	UnpublishedClosureDates	#157	2026-12-31	2026-12-31
GAP	eurex	NoHolidayCoverage	-	2027-01-01	open
GAP	ice_us	NoHolidayCoverage	-	2010-01-01	2024-12-31
GAP	ice_us	ResolutionEdge	-	2025-01-01	2025-01-01
GAP	ice_us	ResolutionEdge	-	2025-07-02	2025-07-02
GAP	ice_us	WithheldDate	-	2025-07-03	2025-07-03
GAP	ice_us	WithheldDate	-	2025-07-04	2025-07-04
GAP	ice_us	ResolutionEdge	-	2025-07-05	2025-07-05
GAP	ice_us	ResolutionEdge	-	2025-12-23	2025-12-23
GAP	ice_us	WithheldDate	-	2025-12-24	2025-12-24
GAP	ice_us	ResolutionEdge	-	2025-12-25	2025-12-25
GAP	ice_us	WithheldDate	-	2025-12-26	2025-12-26
GAP	ice_us	ResolutionEdge	-	2025-12-27	2025-12-27
GAP	ice_us	ResolutionEdge	-	2026-01-16	2026-01-18
GAP	ice_us	WithheldDate	-	2026-01-19	2026-01-19
GAP	ice_us	ResolutionEdge	-	2026-01-20	2026-01-20
GAP	ice_us	ResolutionEdge	-	2026-02-13	2026-02-15
GAP	ice_us	WithheldDate	-	2026-02-16	2026-02-16
GAP	ice_us	ResolutionEdge	-	2026-02-17	2026-02-17
GAP	ice_us	ResolutionEdge	-	2026-12-25	2026-12-27
GAP	ice_us	WithheldDate	-	2026-12-28	2026-12-28
GAP	ice_us	ResolutionEdge	-	2026-12-29	2026-12-29
GAP	ice_us	ResolutionEdge	-	2027-01-15	2027-01-17
GAP	ice_us	WithheldDate	-	2027-01-18	2027-01-18
GAP	ice_us	ResolutionEdge	-	2027-01-19	2027-01-19
GAP	ice_us	ResolutionEdge	-	2027-02-12	2027-02-14
GAP	ice_us	WithheldDate	-	2027-02-15	2027-02-15
GAP	ice_us	ResolutionEdge	-	2027-02-16	2027-02-16
GAP	ice_us	ResolutionEdge	-	2027-03-25	2027-03-25
GAP	ice_us	WithheldDate	-	2027-03-26	2027-03-26
GAP	ice_us	ResolutionEdge	-	2027-03-27	2027-03-27
GAP	ice_us	ResolutionEdge	-	2027-05-28	2027-05-30
GAP	ice_us	WithheldDate	-	2027-05-31	2027-05-31
GAP	ice_us	ResolutionEdge	-	2027-06-01	2027-06-01
GAP	ice_us	ResolutionEdge	-	2027-06-17	2027-06-17
GAP	ice_us	WithheldDate	-	2027-06-18	2027-06-18
GAP	ice_us	ResolutionEdge	-	2027-06-19	2027-06-19
GAP	ice_us	ResolutionEdge	-	2027-07-02	2027-07-04
GAP	ice_us	WithheldDate	-	2027-07-05	2027-07-05
GAP	ice_us	ResolutionEdge	-	2027-07-06	2027-07-06
GAP	ice_us	ResolutionEdge	-	2027-09-03	2027-09-05
GAP	ice_us	WithheldDate	-	2027-09-06	2027-09-06
GAP	ice_us	ResolutionEdge	-	2027-09-07	2027-09-07
GAP	ice_us	ResolutionEdge	-	2027-11-24	2027-11-24
GAP	ice_us	WithheldDate	-	2027-11-25	2027-11-25
GAP	ice_us	ResolutionEdge	-	2027-11-26	2027-11-27
GAP	ice_us	ResolutionEdge	-	2027-12-24	2027-12-26
GAP	ice_us	WithheldDate	-	2027-12-27	2027-12-27
GAP	ice_us	ResolutionEdge	-	2027-12-28	2027-12-28
GAP	ice_us	ResolutionEdge	-	2028-01-03	2028-01-03
GAP	ice_us	NoHolidayCoverage	-	2028-01-04	open
GAP	ice_us_sugar	NormalWeekCarried	-	2010-01-01	2011-07-31
GAP	ice_us_sugar	NoHolidayCoverage	-	2011-08-01	2024-12-31
GAP	ice_us_sugar	ResolutionEdge	-	2025-01-01	2025-01-01
GAP	ice_us_sugar	ResolutionEdge	-	2028-01-01	2028-01-03
GAP	ice_us_sugar	NoHolidayCoverage	-	2028-01-04	open
GAP	ice_us_coffee	NormalWeekCarried	-	2010-01-01	2011-07-31
GAP	ice_us_coffee	NoHolidayCoverage	-	2011-08-01	2024-12-31
GAP	ice_us_coffee	ResolutionEdge	-	2025-01-01	2025-01-01
GAP	ice_us_coffee	ResolutionEdge	-	2028-01-01	2028-01-03
GAP	ice_us_coffee	NoHolidayCoverage	-	2028-01-04	open
GAP	ice_us_cocoa	NormalWeekCarried	-	2010-01-01	2011-07-31
GAP	ice_us_cocoa	NoHolidayCoverage	-	2011-08-01	2024-12-31
GAP	ice_us_cocoa	ResolutionEdge	-	2025-01-01	2025-01-01
GAP	ice_us_cocoa	ResolutionEdge	-	2028-01-01	2028-01-03
GAP	ice_us_cocoa	NoHolidayCoverage	-	2028-01-04	open
GAP	ice_us_cotton	NormalWeekCarried	-	2010-01-01	2011-07-31
GAP	ice_us_cotton	NoHolidayCoverage	-	2011-08-01	2024-12-31
GAP	ice_us_cotton	ResolutionEdge	-	2025-01-01	2025-01-01
GAP	ice_us_cotton	ResolutionEdge	-	2027-12-31	2028-01-03
GAP	ice_us_cotton	NoHolidayCoverage	-	2028-01-04	open
GAP	ice_us_orange_juice	NormalWeekCarried	-	2010-01-01	2011-07-31
GAP	ice_us_orange_juice	NoHolidayCoverage	-	2011-08-01	2024-12-31
GAP	ice_us_orange_juice	ResolutionEdge	-	2025-01-01	2025-01-01
GAP	ice_us_orange_juice	ResolutionEdge	-	2028-01-01	2028-01-03
GAP	ice_us_orange_juice	NoHolidayCoverage	-	2028-01-04	open
GAP	ice_us_dollar_index	NormalWeekCarried	-	2010-01-01	2011-02-06
GAP	ice_us_dollar_index	NoHolidayCoverage	-	2011-02-07	2024-12-31
GAP	ice_us_dollar_index	ResolutionEdge	-	2025-01-01	2025-01-01
GAP	ice_us_dollar_index	ResolutionEdge	-	2025-07-02	2025-07-02
GAP	ice_us_dollar_index	WithheldDate	-	2025-07-03	2025-07-03
GAP	ice_us_dollar_index	WithheldDate	-	2025-07-04	2025-07-04
GAP	ice_us_dollar_index	ResolutionEdge	-	2025-07-05	2025-07-05
GAP	ice_us_dollar_index	ResolutionEdge	-	2025-12-23	2025-12-23
GAP	ice_us_dollar_index	WithheldDate	-	2025-12-24	2025-12-24
GAP	ice_us_dollar_index	ResolutionEdge	-	2025-12-25	2025-12-25
GAP	ice_us_dollar_index	WithheldDate	-	2025-12-26	2025-12-26
GAP	ice_us_dollar_index	ResolutionEdge	-	2025-12-27	2025-12-27
GAP	ice_us_dollar_index	ResolutionEdge	-	2026-01-16	2026-01-18
GAP	ice_us_dollar_index	WithheldDate	-	2026-01-19	2026-01-19
GAP	ice_us_dollar_index	ResolutionEdge	-	2026-01-20	2026-01-20
GAP	ice_us_dollar_index	ResolutionEdge	-	2026-02-13	2026-02-15
GAP	ice_us_dollar_index	WithheldDate	-	2026-02-16	2026-02-16
GAP	ice_us_dollar_index	ResolutionEdge	-	2026-02-17	2026-02-17
GAP	ice_us_dollar_index	ResolutionEdge	-	2026-12-25	2026-12-27
GAP	ice_us_dollar_index	WithheldDate	-	2026-12-28	2026-12-28
GAP	ice_us_dollar_index	ResolutionEdge	-	2026-12-29	2026-12-29
GAP	ice_us_dollar_index	ResolutionEdge	-	2027-01-15	2027-01-17
GAP	ice_us_dollar_index	WithheldDate	-	2027-01-18	2027-01-18
GAP	ice_us_dollar_index	ResolutionEdge	-	2027-01-19	2027-01-19
GAP	ice_us_dollar_index	ResolutionEdge	-	2027-02-12	2027-02-14
GAP	ice_us_dollar_index	WithheldDate	-	2027-02-15	2027-02-15
GAP	ice_us_dollar_index	ResolutionEdge	-	2027-02-16	2027-02-16
GAP	ice_us_dollar_index	ResolutionEdge	-	2027-03-25	2027-03-25
GAP	ice_us_dollar_index	WithheldDate	-	2027-03-26	2027-03-26
GAP	ice_us_dollar_index	ResolutionEdge	-	2027-03-27	2027-03-27
GAP	ice_us_dollar_index	ResolutionEdge	-	2027-05-28	2027-05-30
GAP	ice_us_dollar_index	WithheldDate	-	2027-05-31	2027-05-31
GAP	ice_us_dollar_index	ResolutionEdge	-	2027-06-01	2027-06-01
GAP	ice_us_dollar_index	ResolutionEdge	-	2027-06-17	2027-06-17
GAP	ice_us_dollar_index	WithheldDate	-	2027-06-18	2027-06-18
GAP	ice_us_dollar_index	ResolutionEdge	-	2027-06-19	2027-06-19
GAP	ice_us_dollar_index	ResolutionEdge	-	2027-07-02	2027-07-04
GAP	ice_us_dollar_index	WithheldDate	-	2027-07-05	2027-07-05
GAP	ice_us_dollar_index	ResolutionEdge	-	2027-07-06	2027-07-06
GAP	ice_us_dollar_index	ResolutionEdge	-	2027-09-03	2027-09-05
GAP	ice_us_dollar_index	WithheldDate	-	2027-09-06	2027-09-06
GAP	ice_us_dollar_index	ResolutionEdge	-	2027-09-07	2027-09-07
GAP	ice_us_dollar_index	ResolutionEdge	-	2027-11-24	2027-11-24
GAP	ice_us_dollar_index	WithheldDate	-	2027-11-25	2027-11-25
GAP	ice_us_dollar_index	ResolutionEdge	-	2027-11-26	2027-11-27
GAP	ice_us_dollar_index	ResolutionEdge	-	2027-12-24	2027-12-26
GAP	ice_us_dollar_index	WithheldDate	-	2027-12-27	2027-12-27
GAP	ice_us_dollar_index	ResolutionEdge	-	2027-12-28	2027-12-28
GAP	ice_us_dollar_index	ResolutionEdge	-	2028-01-03	2028-01-03
GAP	ice_us_dollar_index	NoHolidayCoverage	-	2028-01-04	open
GAP	globex_nikkei_225_dollar	ResolutionEdge	-	2010-01-01	2010-01-03
GAP	globex_nikkei_225_dollar	ResolutionEdge	-	2019-06-18	2019-06-18
GAP	globex_nikkei_225_dollar	WithheldDate	-	2019-06-19	2019-06-19
GAP	globex_nikkei_225_dollar	ResolutionEdge	-	2019-06-20	2019-06-22
GAP	globex_nikkei_225_dollar	ResolutionEdge	-	2020-06-18	2020-06-18
GAP	globex_nikkei_225_dollar	WithheldDate	-	2020-06-19	2020-06-19
GAP	globex_nikkei_225_dollar	ResolutionEdge	-	2020-06-20	2020-06-20
GAP	globex_nikkei_225_dollar	ResolutionEdge	-	2021-06-18	2021-06-18
GAP	globex_nikkei_225_dollar	WithheldDate	-	2021-06-19	2021-06-19
GAP	globex_nikkei_225_dollar	ResolutionEdge	-	2021-06-20	2021-06-20
GAP	globex_nikkei_225_dollar	ResolutionEdge	-	2022-05-27	2022-05-29
GAP	globex_nikkei_225_dollar	WithheldDate	-	2022-05-30	2022-05-30
GAP	globex_nikkei_225_dollar	ResolutionEdge	-	2022-05-31	2022-05-31
GAP	globex_nikkei_225_dollar	ResolutionEdge	-	2023-01-13	2023-01-15
GAP	globex_nikkei_225_dollar	WithheldDate	-	2023-01-16	2023-01-16
GAP	globex_nikkei_225_dollar	ResolutionEdge	-	2023-01-17	2023-01-17
GAP	globex_nikkei_225_dollar	ResolutionEdge	-	2023-02-17	2023-02-19
GAP	globex_nikkei_225_dollar	WithheldDate	-	2023-02-20	2023-02-20
GAP	globex_nikkei_225_dollar	ResolutionEdge	-	2023-02-21	2023-02-21
GAP	globex_nikkei_225_dollar	ResolutionEdge	-	2023-04-06	2023-04-06
GAP	globex_nikkei_225_dollar	WithheldDate	-	2023-04-07	2023-04-07
GAP	globex_nikkei_225_dollar	ResolutionEdge	-	2023-04-08	2023-04-08
GAP	globex_nikkei_225_dollar	ResolutionEdge	-	2024-01-12	2024-01-14
GAP	globex_nikkei_225_dollar	WithheldDate	-	2024-01-15	2024-01-15
GAP	globex_nikkei_225_dollar	ResolutionEdge	-	2024-01-16	2024-01-16
GAP	globex_nikkei_225_dollar	ResolutionEdge	-	2024-02-16	2024-02-18
GAP	globex_nikkei_225_dollar	WithheldDate	-	2024-02-19	2024-02-19
GAP	globex_nikkei_225_dollar	ResolutionEdge	-	2024-02-20	2024-02-20
GAP	globex_nikkei_225_dollar	ResolutionEdge	-	2024-03-28	2024-03-28
GAP	globex_nikkei_225_dollar	WithheldDate	-	2024-03-29	2024-03-29
GAP	globex_nikkei_225_dollar	ResolutionEdge	-	2024-03-30	2024-03-30
GAP	globex_nikkei_225_dollar	ResolutionEdge	-	2024-05-24	2024-05-26
GAP	globex_nikkei_225_dollar	WithheldDate	-	2024-05-27	2024-05-27
GAP	globex_nikkei_225_dollar	ResolutionEdge	-	2024-05-28	2024-05-28
GAP	globex_nikkei_225_dollar	ResolutionEdge	-	2024-06-18	2024-06-18
GAP	globex_nikkei_225_dollar	WithheldDate	-	2024-06-19	2024-06-19
GAP	globex_nikkei_225_dollar	ResolutionEdge	-	2024-06-20	2024-06-22
GAP	globex_nikkei_225_dollar	ResolutionEdge	-	2024-07-02	2024-07-02
GAP	globex_nikkei_225_dollar	WithheldDate	-	2024-07-03	2024-07-03
GAP	globex_nikkei_225_dollar	WithheldDate	-	2024-07-04	2024-07-04
GAP	globex_nikkei_225_dollar	ResolutionEdge	-	2024-07-05	2024-07-06
GAP	globex_nikkei_225_dollar	ResolutionEdge	-	2024-08-30	2024-09-01
GAP	globex_nikkei_225_dollar	WithheldDate	-	2024-09-02	2024-09-02
GAP	globex_nikkei_225_dollar	ResolutionEdge	-	2024-09-03	2024-09-03
GAP	globex_nikkei_225_dollar	ResolutionEdge	-	2024-11-27	2024-11-27
GAP	globex_nikkei_225_dollar	WithheldDate	-	2024-11-28	2024-11-28
GAP	globex_nikkei_225_dollar	WithheldDate	-	2024-11-29	2024-11-29
GAP	globex_nikkei_225_dollar	ResolutionEdge	-	2024-11-30	2024-11-30
GAP	globex_nikkei_225_dollar	ResolutionEdge	-	2024-12-23	2024-12-23
GAP	globex_nikkei_225_dollar	WithheldDate	-	2024-12-24	2024-12-24
GAP	globex_nikkei_225_dollar	WithheldDate	-	2024-12-25	2024-12-25
GAP	globex_nikkei_225_dollar	ResolutionEdge	-	2024-12-26	2024-12-28
GAP	globex_nikkei_225_dollar	ResolutionEdge	-	2024-12-30	2024-12-30
GAP	globex_nikkei_225_dollar	WithheldDate	-	2024-12-31	2024-12-31
GAP	globex_nikkei_225_dollar	ResolutionEdge	-	2025-01-01	2025-01-04
GAP	globex_nikkei_225_dollar	ResolutionEdge	-	2027-12-31	2027-12-31
GAP	globex_nikkei_225_dollar	NoHolidayCoverage	-	2028-01-01	open
GAP	eurex_fixed_income	ResolutionEdge	-	2026-12-31	2026-12-31
GAP	eurex_fixed_income	NoHolidayCoverage	-	2027-01-01	open
GAP	sgx_equity_index_japan	NoHolidayTable	-	2010-01-01	open
GAP	sgx_equity_index_china	NoHolidayTable	-	2010-01-01	open
GAP	sgx_equity_index_singapore	NoHolidayTable	-	2010-01-01	open
GAP	sgx_equity_index_taiwan	NoHolidayTable	-	2010-01-01	open
GAP	sgx_equity_index_ntr_usd	NoHolidayTable	-	2010-01-01	open
GAP	globex_rough_rice	NormalWeekCarried	-	2010-01-01	2010-03-14
GAP	globex_rough_rice	NoHolidayTable	-	2010-03-15	open
GAP	globex_weather	NormalWeekCarried	-	2010-01-01	2010-02-05
GAP	globex_weather	NoHolidayTable	-	2010-02-06	open
GAP	globex_spot_quoted	NoHolidayTable	-	2010-01-01	open
GAP	globex_event_contracts	NoHolidayTable	-	2010-01-01	open
GAP	globex_event_contracts_btc	NoHolidayTable	-	2010-01-01	open
GAP	globex_gold_tas	NoHolidayTable	-	2010-01-01	open
GAP	globex_silver_tas	NoHolidayTable	-	2010-01-01	open
GAP	globex_copper_tas	NoHolidayTable	-	2010-01-01	open
GAP	globex_platinum_tas	NoHolidayTable	-	2010-01-01	open
GAP	globex_palladium_tas	NoHolidayTable	-	2010-01-01	open
GAP	sgx	NoHolidayTable	-	2010-01-01	open

SCOPE	nasdaq	6190	380	4	724	370	1	194	4
SCOPE	nasdaq_bx	0	6574	0	0	1095	0	0	0
SCOPE	nasdaq_psx	0	6574	0	0	1095	0	0	0
SCOPE	cboe_bzx	0	6574	0	0	1095	0	0	0
SCOPE	cboe_byx	0	6574	0	0	1095	0	0	0
SCOPE	cboe_edga	0	6574	0	0	1095	0	0	0
SCOPE	cboe_edgx	0	6574	0	0	1095	0	0	0
SCOPE	nyse	6574	0	0	1095	0	0	217	0
SCOPE	nyse_arca	0	6574	0	0	1095	0	0	0
SCOPE	nyse_american	0	6574	0	0	1095	0	0	0
SCOPE	nyse_national	0	6574	0	0	1095	0	0	0
SCOPE	nyse_texas	0	6574	0	0	1095	0	0	0
SCOPE	memx_eq	0	6574	0	0	1095	0	0	0
SCOPE	miax_pearl_eq	0	6574	0	0	1095	0	0	0
SCOPE	iex	0	6574	0	0	1095	0	0	0
SCOPE	ltse	0	6574	0	0	1095	0	0	0
SCOPE	24x	0	6574	0	0	1095	0	0	0
SCOPE	txse	0	6574	0	0	1095	0	0	0
SCOPE	blue_ocean_ats	0	6574	0	0	1095	0	0	0
SCOPE	finra_trf_carteret	0	6574	0	0	1095	0	0	0
SCOPE	finra_trf_chicago	0	6574	0	0	1095	0	0	0
SCOPE	finra_trf_nyse	0	6574	0	0	1095	0	0	0
SCOPE	cboe_options_c1	0	6574	0	0	1095	0	0	0
SCOPE	cboe_c2_options	0	6574	0	0	1095	0	0	0
SCOPE	cboe_bzx_options	0	6574	0	0	1095	0	0	0
SCOPE	cboe_edgx_options	0	6574	0	0	1095	0	0	0
SCOPE	nyse_arca_options	0	6574	0	0	1095	0	0	0
SCOPE	nyse_american_options	0	6574	0	0	1095	0	0	0
SCOPE	nasdaq_phlx	0	6574	0	0	1095	0	0	0
SCOPE	nasdaq_ise	0	6574	0	0	1095	0	0	0
SCOPE	nasdaq_nom	0	6574	0	0	1095	0	0	0
SCOPE	nasdaq_mrx	0	6574	0	0	1095	0	0	0
SCOPE	nasdaq_gemx	0	6574	0	0	1095	0	0	0
SCOPE	nasdaq_bx_options	0	6574	0	0	1095	0	0	0
SCOPE	miax_options	0	6574	0	0	1095	0	0	0
SCOPE	miax_emerald_options	0	6574	0	0	1095	0	0	0
SCOPE	miax_pearl_options	0	6574	0	0	1095	0	0	0
SCOPE	miax_sapphire_options	0	6574	0	0	1095	0	0	0
SCOPE	box_options	0	6574	0	0	1095	0	0	0
SCOPE	memx_options	0	6574	0	0	1095	0	0	0
SCOPE	cme	5348	1042	184	905	145	45	231	184
SCOPE	cbot	5924	448	202	955	82	58	249	202
SCOPE	comex	4957	1611	6	1011	84	0	223	6
SCOPE	nymex	4957	1611	6	1011	84	0	223	6
SCOPE	cfe	3547	3026	1	729	366	0	113	1
SCOPE	coinbase_derivatives	1892	4680	2	614	481	0	58	2
SCOPE	small_exchange	0	6574	0	0	1095	0	0	0
SCOPE	eurex	0	6574	0	0	1095	0	108	0
SCOPE	eex	0	6574	0	0	1095	0	0	0
SCOPE	iceus	945	5588	41	945	109	41	48	41
SCOPE	iceeu	0	6574	0	0	1095	0	0	0
SCOPE	ice_europe_commodities	0	6574	0	0	1095	0	0	0
SCOPE	ice_europe_financials	0	6574	0	0	1095	0	0	0
SCOPE	ice_endex	0	6574	0	0	1095	0	0	0
SCOPE	ice_abu_dhabi	0	6574	0	0	1095	0	0	0
SCOPE	ice_canada	0	6574	0	0	1095	0	0	0
SCOPE	sgx	0	6574	0	0	1095	0	0	0
SCOPE	asx	5218	1356	0	1094	1	0	174	0
SCOPE	tmx_australia	0	6574	0	0	1095	0	0	0
SCOPE	nzx	6203	371	0	729	366	0	216	0
SCOPE	tse	6573	1	0	1094	1	0	295	0
SCOPE	nse_india	5417	1143	14	720	373	2	216	14
SCOPE	bse_india	0	6574	0	0	1095	0	0	0
SCOPE	hkex	6573	1	0	1094	1	0	289	0
SCOPE	sgx_securities	2917	3657	0	728	367	0	95	0
SCOPE	bursa_malaysia	0	6574	0	0	1095	0	0	0
SCOPE	set_thailand	0	6574	0	0	1095	0	0	0
SCOPE	idx	0	6574	0	0	1095	0	0	0
SCOPE	pse	0	6574	0	0	1095	0	0	0
SCOPE	hose	0	6574	0	0	1095	0	0	0
SCOPE	sse	5840	734	0	729	366	0	284	0
SCOPE	szse	0	6574	0	0	1095	0	0	0
SCOPE	krx	0	6574	0	0	1095	0	0	0
SCOPE	twse	0	6574	0	0	1095	0	0	0
SCOPE	lse	6555	14	5	1076	14	5	184	5
SCOPE	xetra	6573	1	0	1094	1	0	127	0
SCOPE	six	5107	1467	0	1094	1	0	134	0
SCOPE	euronext_paris	5842	730	2	723	370	2	108	2
SCOPE	euronext_amsterdam	0	6574	0	0	1095	0	0	0
SCOPE	euronext_brussels	0	6574	0	0	1095	0	0	0
SCOPE	euronext_lisbon	0	6574	0	0	1095	0	0	0
SCOPE	euronext_dublin	0	6574	0	0	1095	0	0	0
SCOPE	euronext_milan	0	6574	0	0	1095	0	0	0
SCOPE	bme	0	6574	0	0	1095	0	0	0
SCOPE	nasdaq_stockholm	0	6574	0	0	1095	0	0	0
SCOPE	nasdaq_helsinki	0	6574	0	0	1095	0	0	0
SCOPE	nasdaq_copenhagen	0	6574	0	0	1095	0	0	0
SCOPE	vienna	0	6574	0	0	1095	0	0	0
SCOPE	borsa_istanbul	5414	1160	0	729	366	0	177	0
SCOPE	tsx	6208	366	0	729	366	0	181	0
SCOPE	jse	0	6574	0	0	1095	0	0	0
SCOPE	tadawul	2553	4021	0	1094	1	0	78	0
SCOPE	b3	5841	733	0	729	366	0	224	0
SCOPE	bmv	0	6574	0	0	1095	0	0	0
SCOPE	binance_futures	6574	0	0	1095	0	0	0	0
SCOPE	globex_equity_index	5824	744	6	1011	84	0	231	6
SCOPE	globex_energy	4957	1611	6	1011	84	0	223	6
SCOPE	globex_silver_100oz	0	6574	0	0	1095	0	0	0
SCOPE	globex_grains	6164	406	4	1094	1	0	249	4
SCOPE	globex_mini_grains	0	6574	0	0	1095	0	0	0
SCOPE	globex_fx	4964	1604	6	1011	84	0	214	6
SCOPE	globex_interest_rates	5827	743	4	1011	84	0	265	4
SCOPE	globex_livestock	6551	17	6	1094	1	0	211	6
SCOPE	globex_cryptocurrency	581	5987	6	581	514	0	90	6
SCOPE	cfe_vix	3547	3026	1	729	366	0	113	1
SCOPE	eurex	0	6574	0	0	1095	0	108	0
SCOPE	ice_us	1030	5528	16	1030	49	16	38	16
SCOPE	ice_us_sugar	1094	5480	0	1094	1	0	39	0
SCOPE	ice_us_coffee	1094	5480	0	1094	1	0	39	0
SCOPE	ice_us_cocoa	1094	5480	0	1094	1	0	39	0
SCOPE	ice_us_cotton	1093	5481	0	1093	2	0	33	0
SCOPE	ice_us_orange_juice	1094	5480	0	1094	1	0	32	0
SCOPE	ice_us_dollar_index	1030	5528	16	1030	49	16	31	16
SCOPE	globex_nikkei_225_dollar	6492	62	20	1090	5	0	227	20
SCOPE	eurex_fixed_income	6208	366	0	729	366	0	108	0
SCOPE	sgx_equity_index_japan	0	6574	0	0	1095	0	0	0
SCOPE	sgx_equity_index_china	0	6574	0	0	1095	0	0	0
SCOPE	sgx_equity_index_singapore	0	6574	0	0	1095	0	0	0
SCOPE	sgx_equity_index_taiwan	0	6574	0	0	1095	0	0	0
SCOPE	sgx_equity_index_ntr_usd	0	6574	0	0	1095	0	0	0
SCOPE	globex_rough_rice	0	6574	0	0	1095	0	0	0
SCOPE	globex_weather	0	6574	0	0	1095	0	0	0
SCOPE	globex_spot_quoted	0	6574	0	0	1095	0	0	0
SCOPE	globex_event_contracts	0	6574	0	0	1095	0	0	0
SCOPE	globex_event_contracts_btc	0	6574	0	0	1095	0	0	0
SCOPE	globex_gold_tas	0	6574	0	0	1095	0	0	0
SCOPE	globex_silver_tas	0	6574	0	0	1095	0	0	0
SCOPE	globex_copper_tas	0	6574	0	0	1095	0	0	0
SCOPE	globex_platinum_tas	0	6574	0	0	1095	0	0	0
SCOPE	globex_palladium_tas	0	6574	0	0	1095	0	0	0
SCOPE	sgx	0	6574	0	0	1095	0	0	0
SCOPE	always_open	6574	0	0	1095	0	0	0	0
