2025-12-31	2026-01-02		20260622192727	4582	https://www.cmegroup.com/services/trading-hours-by-product?pageNumber=1&pageSize=7&exch=&cleared=Futures&group=&subGroup=&sortField=most-active&sortAsc=true&fromEventDate=2025-12-31&toEventDate=2026-01-02&isProtected&_t=1671597056027
2026-09-06	2026-09-08	316,133,425,300,58,437,22,8478,5201,10191	20260830142930	5011	https://www.cmegroup.com/services/trading-hours-by-product?id=316,133,425,300,58,437,22,8478,5201,10191&pageNumber=1&pageSize=999&sortAsc=true&fromEventDate=2026-09-06&toEventDate=2026-09-08&isProtected&_t=1720049954497
2026-11-25	2026-11-27	316,133,425,300,58,437,22,8478,5201,10191	20260830142904	5046	https://www.cmegroup.com/services/trading-hours-by-product?id=316,133,425,300,58,437,22,8478,5201,10191&pageNumber=1&pageSize=999&sortAsc=true&fromEventDate=2026-11-25&toEventDate=2026-11-27&isProtected&_t=1720049954500
2026-12-24	2026-12-26	316,133,425,300,58,437,22,8478,5201,10191	20260830142904	4917	https://www.cmegroup.com/services/trading-hours-by-product?id=316,133,425,300,58,437,22,8478,5201,10191&pageNumber=1&pageSize=999&sortAsc=true&fromEventDate=2026-12-24&toEventDate=2026-12-26&isProtected&_t=1720049954503
2026-12-31	2027-01-02	316,133,425,300,58,437,22,8478,5201,10191	20260830142904	4985	https://www.cmegroup.com/services/trading-hours-by-product?id=316,133,425,300,58,437,22,8478,5201,10191&pageNumber=1&pageSize=999&sortAsc=true&fromEventDate=2026-12-31&toEventDate=2027-01-02&isProtected&_t=1720049954507
2026-12-23	2026-12-25	316,133,425,300,58,437,22,8478,5201,10191	20260310063244	4983	https://www.cmegroup.com/services/trading-hours-by-product?id=316,133,425,300,58,437,22,8478,5201,10191&pageNumber=1&pageSize=999&sortAsc=true&fromEventDate=2026-12-23&toEventDate=2026-12-25&isProtected&_t=1720050009698
2026-12-30	2027-01-01	316,133,425,300,58,437,22,8478,5201,10191	20260310063233	5016	https://www.cmegroup.com/services/trading-hours-by-product?id=316,133,425,300,58,437,22,8478,5201,10191&pageNumber=1&pageSize=999&sortAsc=true&fromEventDate=2026-12-30&toEventDate=2027-01-01&isProtected&_t=1720050009698
2024-12-31	2025-01-02	316,133,425,300,58,437,22,8478,5201,10191	20240708161439	4155	https://www.cmegroup.com/services/trading-hours-by-product?id=316,133,425,300,58,437,22,8478,5201,10191&pageNumber=1&pageSize=999&sortAsc=true&fromEventDate=2024-12-31&toEventDate=2025-01-02&isProtected&_t=1720455278688
2026-01-18	2026-01-20	316,133,425,300,58,437,22,8478,5201,10191	20260812185118	4961	https://www.cmegroup.com/services/trading-hours-by-product?id=316,133,425,300,58,437,22,8478,5201,10191&pageNumber=1&pageSize=999&sortAsc=true&fromEventDate=2026-01-18&toEventDate=2026-01-20&isProtected&_t=1720455320274
2026-02-15	2026-02-17	316,133,425,300,58,437,22,8478,5201,10191	20260812185118	4428	https://www.cmegroup.com/services/trading-hours-by-product?id=316,133,425,300,58,437,22,8478,5201,10191&pageNumber=1&pageSize=999&sortAsc=true&fromEventDate=2026-02-15&toEventDate=2026-02-17&isProtected&_t=1720455320274
2025-12-31	2026-01-02	316,133,425,300,58,437,22,8478,5201,10191	20260622192902	4977	https://www.cmegroup.com/services/trading-hours-by-product?id=316,133,425,300,58,437,22,8478,5201,10191&pageNumber=1&pageSize=999&sortAsc=true&fromEventDate=2025-12-31&toEventDate=2026-01-02&isProtected&_t=1731442807398
2026-07-03	2026-07-05	316,133,425,300,58,437,22,8478,5201,10191	20260622192902	4313	https://www.cmegroup.com/services/trading-hours-by-product?id=316,133,425,300,58,437,22,8478,5201,10191&pageNumber=1&pageSize=999&sortAsc=true&fromEventDate=2026-07-03&toEventDate=2026-07-05&isProtected&_t=1731442807400
2026-09-06	2026-09-08	316,133,425,300,58,437,22,8478,5201,10191	20260622192912	4958	https://www.cmegroup.com/services/trading-hours-by-product?id=316,133,425,300,58,437,22,8478,5201,10191&pageNumber=1&pageSize=999&sortAsc=true&fromEventDate=2026-09-06&toEventDate=2026-09-08&isProtected&_t=1731442807400
2026-11-25	2026-11-27	316,133,425,300,58,437,22,8478,5201,10191	20260622192902	5002	https://www.cmegroup.com/services/trading-hours-by-product?id=316,133,425,300,58,437,22,8478,5201,10191&pageNumber=1&pageSize=999&sortAsc=true&fromEventDate=2026-11-25&toEventDate=2026-11-27&isProtected&_t=1731442807400
2026-12-24	2026-12-26	316,133,425,300,58,437,22,8478,5201,10191	20260622192902	4881	https://www.cmegroup.com/services/trading-hours-by-product?id=316,133,425,300,58,437,22,8478,5201,10191&pageNumber=1&pageSize=999&sortAsc=true&fromEventDate=2026-12-24&toEventDate=2026-12-26&isProtected&_t=1731442807400
2024-12-31	2025-01-02	316,133,425,300,58,437,22,8478,5201,10191	20241220155340	4174	https://www.cmegroup.com/services/trading-hours-by-product?id=316,133,425,300,58,437,22,8478,5201,10191&pageNumber=1&pageSize=999&sortAsc=true&fromEventDate=2024-12-31&toEventDate=2025-01-02&isProtected&_t=1734710019538
2025-01-19	2025-01-21	316,133,425,300,58,437,22,8478,5201,10191	20241220155340	4142	https://www.cmegroup.com/services/trading-hours-by-product?id=316,133,425,300,58,437,22,8478,5201,10191&pageNumber=1&pageSize=999&sortAsc=true&fromEventDate=2025-01-19&toEventDate=2025-01-21&isProtected&_t=1734710019539
2025-02-16	2025-02-18	316,133,425,300,58,437,22,8478,5201,10191	20241220155340	4124	https://www.cmegroup.com/services/trading-hours-by-product?id=316,133,425,300,58,437,22,8478,5201,10191&pageNumber=1&pageSize=999&sortAsc=true&fromEventDate=2025-02-16&toEventDate=2025-02-18&isProtected&_t=1734710019540
2025-04-17	2025-04-19	316,133,425,300,58,437,22,8478,5201,10191	20241220155340	4054	https://www.cmegroup.com/services/trading-hours-by-product?id=316,133,425,300,58,437,22,8478,5201,10191&pageNumber=1&pageSize=999&sortAsc=true&fromEventDate=2025-04-17&toEventDate=2025-04-19&isProtected&_t=1734710019542
2025-05-25	2025-05-27	316,133,425,300,58,437,22,8478,5201,10191	20241220155340	4126	https://www.cmegroup.com/services/trading-hours-by-product?id=316,133,425,300,58,437,22,8478,5201,10191&pageNumber=1&pageSize=999&sortAsc=true&fromEventDate=2025-05-25&toEventDate=2025-05-27&isProtected&_t=1734710019543
2025-06-18	2025-06-20	316,133,425,300,58,437,22,8478,5201,10191	20241220155340	4189	https://www.cmegroup.com/services/trading-hours-by-product?id=316,133,425,300,58,437,22,8478,5201,10191&pageNumber=1&pageSize=999&sortAsc=true&fromEventDate=2025-06-18&toEventDate=2025-06-20&isProtected&_t=1734710019544
2025-07-03	2025-07-05	316,133,425,300,58,437,22,8478,5201,10191	20241220155340	4113	https://www.cmegroup.com/services/trading-hours-by-product?id=316,133,425,300,58,437,22,8478,5201,10191&pageNumber=1&pageSize=999&sortAsc=true&fromEventDate=2025-07-03&toEventDate=2025-07-05&isProtected&_t=1734710019545
2025-08-31	2025-09-02	316,133,425,300,58,437,22,8478,5201,10191	20241220155340	4133	https://www.cmegroup.com/services/trading-hours-by-product?id=316,133,425,300,58,437,22,8478,5201,10191&pageNumber=1&pageSize=999&sortAsc=true&fromEventDate=2025-08-31&toEventDate=2025-09-02&isProtected&_t=1734710019546
2025-11-26	2025-11-28	316,133,425,300,58,437,22,8478,5201,10191	20241220155340	4167	https://www.cmegroup.com/services/trading-hours-by-product?id=316,133,425,300,58,437,22,8478,5201,10191&pageNumber=1&pageSize=999&sortAsc=true&fromEventDate=2025-11-26&toEventDate=2025-11-28&isProtected&_t=1734710019547
2025-12-24	2025-12-26	316,133,425,300,58,437,22,8478,5201,10191	20241220155341	3905	https://www.cmegroup.com/services/trading-hours-by-product?id=316,133,425,300,58,437,22,8478,5201,10191&pageNumber=1&pageSize=999&sortAsc=true&fromEventDate=2025-12-24&toEventDate=2025-12-26&isProtected&_t=1734710019548
2025-12-31	2026-01-02	316,133,425,300,58,437,22,8478,5201,10191	20241220155341	3905	https://www.cmegroup.com/services/trading-hours-by-product?id=316,133,425,300,58,437,22,8478,5201,10191&pageNumber=1&pageSize=999&sortAsc=true&fromEventDate=2025-12-31&toEventDate=2026-01-02&isProtected&_t=1734710019549
2025-02-14	2025-02-16		20260310033910	4510	https://www.cmegroup.com/services/trading-hours-by-product?pageNumber=1&pageSize=7&exch=&cleared=Futures&group=&subGroup=&sortField=most-active&sortAsc=true&fromEventDate=2025-02-14&toEventDate=2025-02-16&isProtected&_t=1739563848140
2025-12-31	2026-01-02	316,133,425,300,58,437,22,8478,5201,10191	20260610104510	4965	https://www.cmegroup.com/services/trading-hours-by-product?id=316,133,425,300,58,437,22,8478,5201,10191&pageNumber=1&pageSize=999&sortAsc=true&fromEventDate=2025-12-31&toEventDate=2026-01-02&isProtected&_t=1743113432012
2026-02-15	2026-02-17	316,133,425,300,58,437,22,8478,5201,10191	20260610104510	4939	https://www.cmegroup.com/services/trading-hours-by-product?id=316,133,425,300,58,437,22,8478,5201,10191&pageNumber=1&pageSize=999&sortAsc=true&fromEventDate=2026-02-15&toEventDate=2026-02-17&isProtected&_t=1743113432015
2026-04-01	2026-04-03	316,133,425,300,58,437,22,8478,5201,10191	20260610104510	5016	https://www.cmegroup.com/services/trading-hours-by-product?id=316,133,425,300,58,437,22,8478,5201,10191&pageNumber=1&pageSize=999&sortAsc=true&fromEventDate=2026-04-01&toEventDate=2026-04-03&isProtected&_t=1743113432016
2025-12-31	2026-01-02	316,133,425,300,58,437,22,8478,5201,10191	20260619114105	5013	https://www.cmegroup.com/services/trading-hours-by-product?id=316,133,425,300,58,437,22,8478,5201,10191&pageNumber=1&pageSize=999&sortAsc=true&fromEventDate=2025-12-31&toEventDate=2026-01-02&isProtected&_t=1749141516006
2026-01-18	2026-01-20	316,133,425,300,58,437,22,8478,5201,10191	20260619114105	4984	https://www.cmegroup.com/services/trading-hours-by-product?id=316,133,425,300,58,437,22,8478,5201,10191&pageNumber=1&pageSize=999&sortAsc=true&fromEventDate=2026-01-18&toEventDate=2026-01-20&isProtected&_t=1749141516007
2026-02-15	2026-02-17	316,133,425,300,58,437,22,8478,5201,10191	20260619114105	4974	https://www.cmegroup.com/services/trading-hours-by-product?id=316,133,425,300,58,437,22,8478,5201,10191&pageNumber=1&pageSize=999&sortAsc=true&fromEventDate=2026-02-15&toEventDate=2026-02-17&isProtected&_t=1749141516009
2026-04-01	2026-04-03	316,133,425,300,58,437,22,8478,5201,10191	20260619114118	5050	https://www.cmegroup.com/services/trading-hours-by-product?id=316,133,425,300,58,437,22,8478,5201,10191&pageNumber=1&pageSize=999&sortAsc=true&fromEventDate=2026-04-01&toEventDate=2026-04-03&isProtected&_t=1749141516011
2026-05-24	2026-05-26	316,133,425,300,58,437,22,8478,5201,10191	20260619114105	4974	https://www.cmegroup.com/services/trading-hours-by-product?id=316,133,425,300,58,437,22,8478,5201,10191&pageNumber=1&pageSize=999&sortAsc=true&fromEventDate=2026-05-24&toEventDate=2026-05-26&isProtected&_t=1749141516014
2026-07-03	2026-07-05	316,133,425,300,58,437,22,8478,5201,10191	20260619114108	4905	https://www.cmegroup.com/services/trading-hours-by-product?id=316,133,425,300,58,437,22,8478,5201,10191&pageNumber=1&pageSize=999&sortAsc=true&fromEventDate=2026-07-03&toEventDate=2026-07-05&isProtected&_t=1749141516018
2026-09-06	2026-09-08	316,133,425,300,58,437,22,8478,5201,10191	20260619114105	4985	https://www.cmegroup.com/services/trading-hours-by-product?id=316,133,425,300,58,437,22,8478,5201,10191&pageNumber=1&pageSize=999&sortAsc=true&fromEventDate=2026-09-06&toEventDate=2026-09-08&isProtected&_t=1749141516020
2026-11-25	2026-11-27	316,133,425,300,58,437,22,8478,5201,10191	20260619114105	5046	https://www.cmegroup.com/services/trading-hours-by-product?id=316,133,425,300,58,437,22,8478,5201,10191&pageNumber=1&pageSize=999&sortAsc=true&fromEventDate=2026-11-25&toEventDate=2026-11-27&isProtected&_t=1749141516021
2026-12-24	2026-12-26	316,133,425,300,58,437,22,8478,5201,10191	20260619114108	4907	https://www.cmegroup.com/services/trading-hours-by-product?id=316,133,425,300,58,437,22,8478,5201,10191&pageNumber=1&pageSize=999&sortAsc=true&fromEventDate=2026-12-24&toEventDate=2026-12-26&isProtected&_t=1749141516023
2026-12-31	2027-01-02	316,133,425,300,58,437,22,8478,5201,10191	20260619114118	4958	https://www.cmegroup.com/services/trading-hours-by-product?id=316,133,425,300,58,437,22,8478,5201,10191&pageNumber=1&pageSize=999&sortAsc=true&fromEventDate=2026-12-31&toEventDate=2027-01-02&isProtected&_t=1749141516025
2026-06-18	2026-06-20	316,133,425,300,58,437,22,8478,5201,10191	20260619113404	4994	https://www.cmegroup.com/services/trading-hours-by-product?id=316,133,425,300,58,437,22,8478,5201,10191&pageNumber=1&pageSize=999&sortAsc=true&fromEventDate=2026-06-18&toEventDate=2026-06-20&isProtected&_t=1749141523693
2026-12-24	2026-12-26	316,133,425,300,58,437,22,8478,5201,10191	20260619113406	4911	https://www.cmegroup.com/services/trading-hours-by-product?id=316,133,425,300,58,437,22,8478,5201,10191&pageNumber=1&pageSize=999&sortAsc=true&fromEventDate=2026-12-24&toEventDate=2026-12-26&isProtected&_t=1749141523700
2026-12-31	2027-01-02	316,133,425,300,58,437,22,8478,5201,10191	20260619113406	4953	https://www.cmegroup.com/services/trading-hours-by-product?id=316,133,425,300,58,437,22,8478,5201,10191&pageNumber=1&pageSize=999&sortAsc=true&fromEventDate=2026-12-31&toEventDate=2027-01-02&isProtected&_t=1749141523702
2025-11-26	2025-11-28	316,133,425,300,58,437,22,8478,5201,10191	20260129012143	4066	https://www.cmegroup.com/services/trading-hours-by-product?id=316,133,425,300,58,437,22,8478,5201,10191&pageNumber=1&pageSize=999&sortAsc=true&fromEventDate=2025-11-26&toEventDate=2025-11-28&isProtected&_t=1769649703060
2025-12-24	2025-12-26	316,133,425,300,58,437,22,8478,5201,10191	20260129012143	4011	https://www.cmegroup.com/services/trading-hours-by-product?id=316,133,425,300,58,437,22,8478,5201,10191&pageNumber=1&pageSize=999&sortAsc=true&fromEventDate=2025-12-24&toEventDate=2025-12-26&isProtected&_t=1769649703064
2025-12-31	2026-01-02	316,133,425,300,58,437,22,8478,5201,10191	20260129012143	4020	https://www.cmegroup.com/services/trading-hours-by-product?id=316,133,425,300,58,437,22,8478,5201,10191&pageNumber=1&pageSize=999&sortAsc=true&fromEventDate=2025-12-31&toEventDate=2026-01-02&isProtected&_t=1769649703066
2026-01-18	2026-01-20	316,133,425,300,58,437,22,8478,5201,10191	20260129012143	4001	https://www.cmegroup.com/services/trading-hours-by-product?id=316,133,425,300,58,437,22,8478,5201,10191&pageNumber=1&pageSize=999&sortAsc=true&fromEventDate=2026-01-18&toEventDate=2026-01-20&isProtected&_t=1769649703068
2026-02-15	2026-02-17	316,133,425,300,58,437,22,8478,5201,10191	20260129012143	3989	https://www.cmegroup.com/services/trading-hours-by-product?id=316,133,425,300,58,437,22,8478,5201,10191&pageNumber=1&pageSize=999&sortAsc=true&fromEventDate=2026-02-15&toEventDate=2026-02-17&isProtected&_t=1769649703070
2026-04-01	2026-04-03	316,133,425,300,58,437,22,8478,5201,10191	20260129012143	4071	https://www.cmegroup.com/services/trading-hours-by-product?id=316,133,425,300,58,437,22,8478,5201,10191&pageNumber=1&pageSize=999&sortAsc=true&fromEventDate=2026-04-01&toEventDate=2026-04-03&isProtected&_t=1769649703072
2026-05-24	2026-05-26	316,133,425,300,58,437,22,8478,5201,10191	20260129012143	3988	https://www.cmegroup.com/services/trading-hours-by-product?id=316,133,425,300,58,437,22,8478,5201,10191&pageNumber=1&pageSize=999&sortAsc=true&fromEventDate=2026-05-24&toEventDate=2026-05-26&isProtected&_t=1769649703074
2026-06-17	2026-06-19	316,133,425,300,58,437,22,8478,5201,10191	20260129012143	4064	https://www.cmegroup.com/services/trading-hours-by-product?id=316,133,425,300,58,437,22,8478,5201,10191&pageNumber=1&pageSize=999&sortAsc=true&fromEventDate=2026-06-17&toEventDate=2026-06-19&isProtected&_t=1769649703075
2026-07-02	2026-07-04	316,133,425,300,58,437,22,8478,5201,10191	20260129012143	3970	https://www.cmegroup.com/services/trading-hours-by-product?id=316,133,425,300,58,437,22,8478,5201,10191&pageNumber=1&pageSize=999&sortAsc=true&fromEventDate=2026-07-02&toEventDate=2026-07-04&isProtected&_t=1769649703077
2026-09-06	2026-09-08	316,133,425,300,58,437,22,8478,5201,10191	20260129012143	3993	https://www.cmegroup.com/services/trading-hours-by-product?id=316,133,425,300,58,437,22,8478,5201,10191&pageNumber=1&pageSize=999&sortAsc=true&fromEventDate=2026-09-06&toEventDate=2026-09-08&isProtected&_t=1769649703078
2026-11-25	2026-11-27	316,133,425,300,58,437,22,8478,5201,10191	20260129012143	4030	https://www.cmegroup.com/services/trading-hours-by-product?id=316,133,425,300,58,437,22,8478,5201,10191&pageNumber=1&pageSize=999&sortAsc=true&fromEventDate=2026-11-25&toEventDate=2026-11-27&isProtected&_t=1769649703079
2026-12-23	2026-12-25	316,133,425,300,58,437,22,8478,5201,10191	20260129012143	4009	https://www.cmegroup.com/services/trading-hours-by-product?id=316,133,425,300,58,437,22,8478,5201,10191&pageNumber=1&pageSize=999&sortAsc=true&fromEventDate=2026-12-23&toEventDate=2026-12-25&isProtected&_t=1769649703081
2026-12-30	2027-01-01	316,133,425,300,58,437,22,8478,5201,10191	20260129012143	4038	https://www.cmegroup.com/services/trading-hours-by-product?id=316,133,425,300,58,437,22,8478,5201,10191&pageNumber=1&pageSize=999&sortAsc=true&fromEventDate=2026-12-30&toEventDate=2027-01-01&isProtected&_t=1769649703082
2025-11-26	2025-11-28	316,133,425,300,58,437,22,8478,5201,10191	20260129012143	4057	https://www.cmegroup.com/services/trading-hours-by-product?id=316,133,425,300,58,437,22,8478,5201,10191&pageNumber=1&pageSize=999&sortAsc=true&fromEventDate=2025-11-26&toEventDate=2025-11-28&isProtected&_t=1769649703142
2025-12-24	2025-12-26	316,133,425,300,58,437,22,8478,5201,10191	20260129012143	4012	https://www.cmegroup.com/services/trading-hours-by-product?id=316,133,425,300,58,437,22,8478,5201,10191&pageNumber=1&pageSize=999&sortAsc=true&fromEventDate=2025-12-24&toEventDate=2025-12-26&isProtected&_t=1769649703145
2025-12-31	2026-01-02	316,133,425,300,58,437,22,8478,5201,10191	20260129012143	4019	https://www.cmegroup.com/services/trading-hours-by-product?id=316,133,425,300,58,437,22,8478,5201,10191&pageNumber=1&pageSize=999&sortAsc=true&fromEventDate=2025-12-31&toEventDate=2026-01-02&isProtected&_t=1769649703146
2026-01-18	2026-01-20	316,133,425,300,58,437,22,8478,5201,10191	20260129012143	4008	https://www.cmegroup.com/services/trading-hours-by-product?id=316,133,425,300,58,437,22,8478,5201,10191&pageNumber=1&pageSize=999&sortAsc=true&fromEventDate=2026-01-18&toEventDate=2026-01-20&isProtected&_t=1769649703147
2026-02-15	2026-02-17	316,133,425,300,58,437,22,8478,5201,10191	20260129012143	3988	https://www.cmegroup.com/services/trading-hours-by-product?id=316,133,425,300,58,437,22,8478,5201,10191&pageNumber=1&pageSize=999&sortAsc=true&fromEventDate=2026-02-15&toEventDate=2026-02-17&isProtected&_t=1769649703149
2026-04-01	2026-04-03	316,133,425,300,58,437,22,8478,5201,10191	20260129012143	4067	https://www.cmegroup.com/services/trading-hours-by-product?id=316,133,425,300,58,437,22,8478,5201,10191&pageNumber=1&pageSize=999&sortAsc=true&fromEventDate=2026-04-01&toEventDate=2026-04-03&isProtected&_t=1769649703150
2026-05-24	2026-05-26	316,133,425,300,58,437,22,8478,5201,10191	20260129012143	3997	https://www.cmegroup.com/services/trading-hours-by-product?id=316,133,425,300,58,437,22,8478,5201,10191&pageNumber=1&pageSize=999&sortAsc=true&fromEventDate=2026-05-24&toEventDate=2026-05-26&isProtected&_t=1769649703151
2026-06-17	2026-06-19	316,133,425,300,58,437,22,8478,5201,10191	20260129012143	4063	https://www.cmegroup.com/services/trading-hours-by-product?id=316,133,425,300,58,437,22,8478,5201,10191&pageNumber=1&pageSize=999&sortAsc=true&fromEventDate=2026-06-17&toEventDate=2026-06-19&isProtected&_t=1769649703152
2026-07-02	2026-07-04	316,133,425,300,58,437,22,8478,5201,10191	20260129012143	3970	https://www.cmegroup.com/services/trading-hours-by-product?id=316,133,425,300,58,437,22,8478,5201,10191&pageNumber=1&pageSize=999&sortAsc=true&fromEventDate=2026-07-02&toEventDate=2026-07-04&isProtected&_t=1769649703153
2026-09-06	2026-09-08	316,133,425,300,58,437,22,8478,5201,10191	20260129012143	3994	https://www.cmegroup.com/services/trading-hours-by-product?id=316,133,425,300,58,437,22,8478,5201,10191&pageNumber=1&pageSize=999&sortAsc=true&fromEventDate=2026-09-06&toEventDate=2026-09-08&isProtected&_t=1769649703154
2026-11-25	2026-11-27	316,133,425,300,58,437,22,8478,5201,10191	20260129012143	4034	https://www.cmegroup.com/services/trading-hours-by-product?id=316,133,425,300,58,437,22,8478,5201,10191&pageNumber=1&pageSize=999&sortAsc=true&fromEventDate=2026-11-25&toEventDate=2026-11-27&isProtected&_t=1769649703155
2026-12-23	2026-12-25	316,133,425,300,58,437,22,8478,5201,10191	20260129012143	4011	https://www.cmegroup.com/services/trading-hours-by-product?id=316,133,425,300,58,437,22,8478,5201,10191&pageNumber=1&pageSize=999&sortAsc=true&fromEventDate=2026-12-23&toEventDate=2026-12-25&isProtected&_t=1769649703156
2026-12-30	2027-01-01	316,133,425,300,58,437,22,8478,5201,10191	20260129012144	4040	https://www.cmegroup.com/services/trading-hours-by-product?id=316,133,425,300,58,437,22,8478,5201,10191&pageNumber=1&pageSize=999&sortAsc=true&fromEventDate=2026-12-30&toEventDate=2027-01-01&isProtected&_t=1769649703157
2025-11-26	2025-11-28	316,133,425,300,58,437,22,8478,5201,10191	20260129012143	4057	https://www.cmegroup.com/services/trading-hours-by-product?id=316,133,425,300,58,437,22,8478,5201,10191&pageNumber=1&pageSize=999&sortAsc=true&fromEventDate=2025-11-26&toEventDate=2025-11-28&isProtected&_t=1769649703869
2025-12-24	2025-12-26	316,133,425,300,58,437,22,8478,5201,10191	20260129012143	4012	https://www.cmegroup.com/services/trading-hours-by-product?id=316,133,425,300,58,437,22,8478,5201,10191&pageNumber=1&pageSize=999&sortAsc=true&fromEventDate=2025-12-24&toEventDate=2025-12-26&isProtected&_t=1769649703871
2025-12-31	2026-01-02	316,133,425,300,58,437,22,8478,5201,10191	20260129012143	4024	https://www.cmegroup.com/services/trading-hours-by-product?id=316,133,425,300,58,437,22,8478,5201,10191&pageNumber=1&pageSize=999&sortAsc=true&fromEventDate=2025-12-31&toEventDate=2026-01-02&isProtected&_t=1769649703873
2026-01-18	2026-01-20	316,133,425,300,58,437,22,8478,5201,10191	20260129012143	3997	https://www.cmegroup.com/services/trading-hours-by-product?id=316,133,425,300,58,437,22,8478,5201,10191&pageNumber=1&pageSize=999&sortAsc=true&fromEventDate=2026-01-18&toEventDate=2026-01-20&isProtected&_t=1769649703874
2026-02-15	2026-02-17	316,133,425,300,58,437,22,8478,5201,10191	20260129012143	3994	https://www.cmegroup.com/services/trading-hours-by-product?id=316,133,425,300,58,437,22,8478,5201,10191&pageNumber=1&pageSize=999&sortAsc=true&fromEventDate=2026-02-15&toEventDate=2026-02-17&isProtected&_t=1769649703875
2026-04-01	2026-04-03	316,133,425,300,58,437,22,8478,5201,10191	20260129012144	4075	https://www.cmegroup.com/services/trading-hours-by-product?id=316,133,425,300,58,437,22,8478,5201,10191&pageNumber=1&pageSize=999&sortAsc=true&fromEventDate=2026-04-01&toEventDate=2026-04-03&isProtected&_t=1769649703876
2026-05-24	2026-05-26	316,133,425,300,58,437,22,8478,5201,10191	20260129012144	3989	https://www.cmegroup.com/services/trading-hours-by-product?id=316,133,425,300,58,437,22,8478,5201,10191&pageNumber=1&pageSize=999&sortAsc=true&fromEventDate=2026-05-24&toEventDate=2026-05-26&isProtected&_t=1769649703877
2026-06-17	2026-06-19	316,133,425,300,58,437,22,8478,5201,10191	20260129012144	4063	https://www.cmegroup.com/services/trading-hours-by-product?id=316,133,425,300,58,437,22,8478,5201,10191&pageNumber=1&pageSize=999&sortAsc=true&fromEventDate=2026-06-17&toEventDate=2026-06-19&isProtected&_t=1769649703879
2026-07-02	2026-07-04	316,133,425,300,58,437,22,8478,5201,10191	20260129012144	3970	https://www.cmegroup.com/services/trading-hours-by-product?id=316,133,425,300,58,437,22,8478,5201,10191&pageNumber=1&pageSize=999&sortAsc=true&fromEventDate=2026-07-02&toEventDate=2026-07-04&isProtected&_t=1769649703879
2026-09-06	2026-09-08	316,133,425,300,58,437,22,8478,5201,10191	20260129012144	3991	https://www.cmegroup.com/services/trading-hours-by-product?id=316,133,425,300,58,437,22,8478,5201,10191&pageNumber=1&pageSize=999&sortAsc=true&fromEventDate=2026-09-06&toEventDate=2026-09-08&isProtected&_t=1769649703880
2026-11-25	2026-11-27	316,133,425,300,58,437,22,8478,5201,10191	20260129012144	4032	https://www.cmegroup.com/services/trading-hours-by-product?id=316,133,425,300,58,437,22,8478,5201,10191&pageNumber=1&pageSize=999&sortAsc=true&fromEventDate=2026-11-25&toEventDate=2026-11-27&isProtected&_t=1769649703881
2026-12-23	2026-12-25	316,133,425,300,58,437,22,8478,5201,10191	20260129012144	4008	https://www.cmegroup.com/services/trading-hours-by-product?id=316,133,425,300,58,437,22,8478,5201,10191&pageNumber=1&pageSize=999&sortAsc=true&fromEventDate=2026-12-23&toEventDate=2026-12-25&isProtected&_t=1769649703882
2026-12-30	2027-01-01	316,133,425,300,58,437,22,8478,5201,10191	20260129012144	4040	https://www.cmegroup.com/services/trading-hours-by-product?id=316,133,425,300,58,437,22,8478,5201,10191&pageNumber=1&pageSize=999&sortAsc=true&fromEventDate=2026-12-30&toEventDate=2027-01-01&isProtected&_t=1769649703883
2025-11-26	2025-11-28	316,133,425,300,58,437,22,8478,5201,10191	20260129012144	4061	https://www.cmegroup.com/services/trading-hours-by-product?id=316,133,425,300,58,437,22,8478,5201,10191&pageNumber=1&pageSize=999&sortAsc=true&fromEventDate=2025-11-26&toEventDate=2025-11-28&isProtected&_t=1769649704433
2025-12-24	2025-12-26	316,133,425,300,58,437,22,8478,5201,10191	20260129012144	4004	https://www.cmegroup.com/services/trading-hours-by-product?id=316,133,425,300,58,437,22,8478,5201,10191&pageNumber=1&pageSize=999&sortAsc=true&fromEventDate=2025-12-24&toEventDate=2025-12-26&isProtected&_t=1769649704436
2025-12-31	2026-01-02	316,133,425,300,58,437,22,8478,5201,10191	20260129012144	4016	https://www.cmegroup.com/services/trading-hours-by-product?id=316,133,425,300,58,437,22,8478,5201,10191&pageNumber=1&pageSize=999&sortAsc=true&fromEventDate=2025-12-31&toEventDate=2026-01-02&isProtected&_t=1769649704438
2026-01-18	2026-01-20	316,133,425,300,58,437,22,8478,5201,10191	20260129012144	3998	https://www.cmegroup.com/services/trading-hours-by-product?id=316,133,425,300,58,437,22,8478,5201,10191&pageNumber=1&pageSize=999&sortAsc=true&fromEventDate=2026-01-18&toEventDate=2026-01-20&isProtected&_t=1769649704440
2026-02-15	2026-02-17	316,133,425,300,58,437,22,8478,5201,10191	20260129012144	3987	https://www.cmegroup.com/services/trading-hours-by-product?id=316,133,425,300,58,437,22,8478,5201,10191&pageNumber=1&pageSize=999&sortAsc=true&fromEventDate=2026-02-15&toEventDate=2026-02-17&isProtected&_t=1769649704441
2026-04-01	2026-04-03	316,133,425,300,58,437,22,8478,5201,10191	20260129012144	4071	https://www.cmegroup.com/services/trading-hours-by-product?id=316,133,425,300,58,437,22,8478,5201,10191&pageNumber=1&pageSize=999&sortAsc=true&fromEventDate=2026-04-01&toEventDate=2026-04-03&isProtected&_t=1769649704443
2026-05-24	2026-05-26	316,133,425,300,58,437,22,8478,5201,10191	20260129012144	3986	https://www.cmegroup.com/services/trading-hours-by-product?id=316,133,425,300,58,437,22,8478,5201,10191&pageNumber=1&pageSize=999&sortAsc=true&fromEventDate=2026-05-24&toEventDate=2026-05-26&isProtected&_t=1769649704445
2026-06-17	2026-06-19	316,133,425,300,58,437,22,8478,5201,10191	20260129012144	4057	https://www.cmegroup.com/services/trading-hours-by-product?id=316,133,425,300,58,437,22,8478,5201,10191&pageNumber=1&pageSize=999&sortAsc=true&fromEventDate=2026-06-17&toEventDate=2026-06-19&isProtected&_t=1769649704446
2026-07-02	2026-07-04	316,133,425,300,58,437,22,8478,5201,10191	20260129012144	3970	https://www.cmegroup.com/services/trading-hours-by-product?id=316,133,425,300,58,437,22,8478,5201,10191&pageNumber=1&pageSize=999&sortAsc=true&fromEventDate=2026-07-02&toEventDate=2026-07-04&isProtected&_t=1769649704448
2026-09-06	2026-09-08	316,133,425,300,58,437,22,8478,5201,10191	20260129012144	3992	https://www.cmegroup.com/services/trading-hours-by-product?id=316,133,425,300,58,437,22,8478,5201,10191&pageNumber=1&pageSize=999&sortAsc=true&fromEventDate=2026-09-06&toEventDate=2026-09-08&isProtected&_t=1769649704449
2026-11-25	2026-11-27	316,133,425,300,58,437,22,8478,5201,10191	20260129012144	4023	https://www.cmegroup.com/services/trading-hours-by-product?id=316,133,425,300,58,437,22,8478,5201,10191&pageNumber=1&pageSize=999&sortAsc=true&fromEventDate=2026-11-25&toEventDate=2026-11-27&isProtected&_t=1769649704450
2026-12-23	2026-12-25	316,133,425,300,58,437,22,8478,5201,10191	20260129012144	4005	https://www.cmegroup.com/services/trading-hours-by-product?id=316,133,425,300,58,437,22,8478,5201,10191&pageNumber=1&pageSize=999&sortAsc=true&fromEventDate=2026-12-23&toEventDate=2026-12-25&isProtected&_t=1769649704452
2026-12-30	2027-01-01	316,133,425,300,58,437,22,8478,5201,10191	20260129012145	4040	https://www.cmegroup.com/services/trading-hours-by-product?id=316,133,425,300,58,437,22,8478,5201,10191&pageNumber=1&pageSize=999&sortAsc=true&fromEventDate=2026-12-30&toEventDate=2027-01-01&isProtected&_t=1769649704453
2025-11-26	2025-11-28	316,133,425,300,58,437,22,8478,5201,10191	20260129012144	4059	https://www.cmegroup.com/services/trading-hours-by-product?id=316,133,425,300,58,437,22,8478,5201,10191&pageNumber=1&pageSize=999&sortAsc=true&fromEventDate=2025-11-26&toEventDate=2025-11-28&isProtected&_t=1769649704712
2025-12-24	2025-12-26	316,133,425,300,58,437,22,8478,5201,10191	20260129012144	4003	https://www.cmegroup.com/services/trading-hours-by-product?id=316,133,425,300,58,437,22,8478,5201,10191&pageNumber=1&pageSize=999&sortAsc=true&fromEventDate=2025-12-24&toEventDate=2025-12-26&isProtected&_t=1769649704715
2025-12-31	2026-01-02	316,133,425,300,58,437,22,8478,5201,10191	20260129012144	4019	https://www.cmegroup.com/services/trading-hours-by-product?id=316,133,425,300,58,437,22,8478,5201,10191&pageNumber=1&pageSize=999&sortAsc=true&fromEventDate=2025-12-31&toEventDate=2026-01-02&isProtected&_t=1769649704717
2026-01-18	2026-01-20	316,133,425,300,58,437,22,8478,5201,10191	20260129012144	4003	https://www.cmegroup.com/services/trading-hours-by-product?id=316,133,425,300,58,437,22,8478,5201,10191&pageNumber=1&pageSize=999&sortAsc=true&fromEventDate=2026-01-18&toEventDate=2026-01-20&isProtected&_t=1769649704719
2026-02-15	2026-02-17	316,133,425,300,58,437,22,8478,5201,10191	20260129012144	3991	https://www.cmegroup.com/services/trading-hours-by-product?id=316,133,425,300,58,437,22,8478,5201,10191&pageNumber=1&pageSize=999&sortAsc=true&fromEventDate=2026-02-15&toEventDate=2026-02-17&isProtected&_t=1769649704721
2026-04-01	2026-04-03	316,133,425,300,58,437,22,8478,5201,10191	20260129012144	4072	https://www.cmegroup.com/services/trading-hours-by-product?id=316,133,425,300,58,437,22,8478,5201,10191&pageNumber=1&pageSize=999&sortAsc=true&fromEventDate=2026-04-01&toEventDate=2026-04-03&isProtected&_t=1769649704723
2026-05-24	2026-05-26	316,133,425,300,58,437,22,8478,5201,10191	20260129012145	3990	https://www.cmegroup.com/services/trading-hours-by-product?id=316,133,425,300,58,437,22,8478,5201,10191&pageNumber=1&pageSize=999&sortAsc=true&fromEventDate=2026-05-24&toEventDate=2026-05-26&isProtected&_t=1769649704725
2026-06-17	2026-06-19	316,133,425,300,58,437,22,8478,5201,10191	20260129012145	4068	https://www.cmegroup.com/services/trading-hours-by-product?id=316,133,425,300,58,437,22,8478,5201,10191&pageNumber=1&pageSize=999&sortAsc=true&fromEventDate=2026-06-17&toEventDate=2026-06-19&isProtected&_t=1769649704727
2026-07-02	2026-07-04	316,133,425,300,58,437,22,8478,5201,10191	20260129012145	3972	https://www.cmegroup.com/services/trading-hours-by-product?id=316,133,425,300,58,437,22,8478,5201,10191&pageNumber=1&pageSize=999&sortAsc=true&fromEventDate=2026-07-02&toEventDate=2026-07-04&isProtected&_t=1769649704728
2026-09-06	2026-09-08	316,133,425,300,58,437,22,8478,5201,10191	20260129012145	3993	https://www.cmegroup.com/services/trading-hours-by-product?id=316,133,425,300,58,437,22,8478,5201,10191&pageNumber=1&pageSize=999&sortAsc=true&fromEventDate=2026-09-06&toEventDate=2026-09-08&isProtected&_t=1769649704729
2026-11-25	2026-11-27	316,133,425,300,58,437,22,8478,5201,10191	20260129012145	4029	https://www.cmegroup.com/services/trading-hours-by-product?id=316,133,425,300,58,437,22,8478,5201,10191&pageNumber=1&pageSize=999&sortAsc=true&fromEventDate=2026-11-25&toEventDate=2026-11-27&isProtected&_t=1769649704731
2026-12-23	2026-12-25	316,133,425,300,58,437,22,8478,5201,10191	20260129012145	4005	https://www.cmegroup.com/services/trading-hours-by-product?id=316,133,425,300,58,437,22,8478,5201,10191&pageNumber=1&pageSize=999&sortAsc=true&fromEventDate=2026-12-23&toEventDate=2026-12-25&isProtected&_t=1769649704732
2026-12-30	2027-01-01	316,133,425,300,58,437,22,8478,5201,10191	20260129012145	4047	https://www.cmegroup.com/services/trading-hours-by-product?id=316,133,425,300,58,437,22,8478,5201,10191&pageNumber=1&pageSize=999&sortAsc=true&fromEventDate=2026-12-30&toEventDate=2027-01-01&isProtected&_t=1769649704733
2025-11-26	2025-11-28	316,133,425,300,58,437,22,8478,5201,10191	20260129012144	4065	https://www.cmegroup.com/services/trading-hours-by-product?id=316,133,425,300,58,437,22,8478,5201,10191&pageNumber=1&pageSize=999&sortAsc=true&fromEventDate=2025-11-26&toEventDate=2025-11-28&isProtected&_t=1769649704736
2025-12-24	2025-12-26	316,133,425,300,58,437,22,8478,5201,10191	20260129012144	4007	https://www.cmegroup.com/services/trading-hours-by-product?id=316,133,425,300,58,437,22,8478,5201,10191&pageNumber=1&pageSize=999&sortAsc=true&fromEventDate=2025-12-24&toEventDate=2025-12-26&isProtected&_t=1769649704740
2025-12-31	2026-01-02	316,133,425,300,58,437,22,8478,5201,10191	20260129012144	4019	https://www.cmegroup.com/services/trading-hours-by-product?id=316,133,425,300,58,437,22,8478,5201,10191&pageNumber=1&pageSize=999&sortAsc=true&fromEventDate=2025-12-31&toEventDate=2026-01-02&isProtected&_t=1769649704742
2026-01-18	2026-01-20	316,133,425,300,58,437,22,8478,5201,10191	20260129012144	4002	https://www.cmegroup.com/services/trading-hours-by-product?id=316,133,425,300,58,437,22,8478,5201,10191&pageNumber=1&pageSize=999&sortAsc=true&fromEventDate=2026-01-18&toEventDate=2026-01-20&isProtected&_t=1769649704743
2026-02-15	2026-02-17	316,133,425,300,58,437,22,8478,5201,10191	20260129012145	3993	https://www.cmegroup.com/services/trading-hours-by-product?id=316,133,425,300,58,437,22,8478,5201,10191&pageNumber=1&pageSize=999&sortAsc=true&fromEventDate=2026-02-15&toEventDate=2026-02-17&isProtected&_t=1769649704744
2026-04-01	2026-04-03	316,133,425,300,58,437,22,8478,5201,10191	20260129012145	4073	https://www.cmegroup.com/services/trading-hours-by-product?id=316,133,425,300,58,437,22,8478,5201,10191&pageNumber=1&pageSize=999&sortAsc=true&fromEventDate=2026-04-01&toEventDate=2026-04-03&isProtected&_t=1769649704745
2026-05-24	2026-05-26	316,133,425,300,58,437,22,8478,5201,10191	20260129012145	3991	https://www.cmegroup.com/services/trading-hours-by-product?id=316,133,425,300,58,437,22,8478,5201,10191&pageNumber=1&pageSize=999&sortAsc=true&fromEventDate=2026-05-24&toEventDate=2026-05-26&isProtected&_t=1769649704746
2026-06-17	2026-06-19	316,133,425,300,58,437,22,8478,5201,10191	20260129012145	4062	https://www.cmegroup.com/services/trading-hours-by-product?id=316,133,425,300,58,437,22,8478,5201,10191&pageNumber=1&pageSize=999&sortAsc=true&fromEventDate=2026-06-17&toEventDate=2026-06-19&isProtected&_t=1769649704747
2026-07-02	2026-07-04	316,133,425,300,58,437,22,8478,5201,10191	20260129012145	3976	https://www.cmegroup.com/services/trading-hours-by-product?id=316,133,425,300,58,437,22,8478,5201,10191&pageNumber=1&pageSize=999&sortAsc=true&fromEventDate=2026-07-02&toEventDate=2026-07-04&isProtected&_t=1769649704748
2026-09-06	2026-09-08	316,133,425,300,58,437,22,8478,5201,10191	20260129012145	3992	https://www.cmegroup.com/services/trading-hours-by-product?id=316,133,425,300,58,437,22,8478,5201,10191&pageNumber=1&pageSize=999&sortAsc=true&fromEventDate=2026-09-06&toEventDate=2026-09-08&isProtected&_t=1769649704749
2026-11-25	2026-11-27	316,133,425,300,58,437,22,8478,5201,10191	20260129012145	4026	https://www.cmegroup.com/services/trading-hours-by-product?id=316,133,425,300,58,437,22,8478,5201,10191&pageNumber=1&pageSize=999&sortAsc=true&fromEventDate=2026-11-25&toEventDate=2026-11-27&isProtected&_t=1769649704750
2026-12-23	2026-12-25	316,133,425,300,58,437,22,8478,5201,10191	20260129012145	4001	https://www.cmegroup.com/services/trading-hours-by-product?id=316,133,425,300,58,437,22,8478,5201,10191&pageNumber=1&pageSize=999&sortAsc=true&fromEventDate=2026-12-23&toEventDate=2026-12-25&isProtected&_t=1769649704750
2026-12-30	2027-01-01	316,133,425,300,58,437,22,8478,5201,10191	20260129012145	4041	https://www.cmegroup.com/services/trading-hours-by-product?id=316,133,425,300,58,437,22,8478,5201,10191&pageNumber=1&pageSize=999&sortAsc=true&fromEventDate=2026-12-30&toEventDate=2027-01-01&isProtected&_t=1769649704751
2025-11-26	2025-11-28	316,133,425,300,58,437,22,8478,5201,10191	20260129012145	4072	https://www.cmegroup.com/services/trading-hours-by-product?id=316,133,425,300,58,437,22,8478,5201,10191&pageNumber=1&pageSize=999&sortAsc=true&fromEventDate=2025-11-26&toEventDate=2025-11-28&isProtected&_t=1769649705078
2025-12-24	2025-12-26	316,133,425,300,58,437,22,8478,5201,10191	20260129012145	4006	https://www.cmegroup.com/services/trading-hours-by-product?id=316,133,425,300,58,437,22,8478,5201,10191&pageNumber=1&pageSize=999&sortAsc=true&fromEventDate=2025-12-24&toEventDate=2025-12-26&isProtected&_t=1769649705081
2025-12-31	2026-01-02	316,133,425,300,58,437,22,8478,5201,10191	20260129012145	4010	https://www.cmegroup.com/services/trading-hours-by-product?id=316,133,425,300,58,437,22,8478,5201,10191&pageNumber=1&pageSize=999&sortAsc=true&fromEventDate=2025-12-31&toEventDate=2026-01-02&isProtected&_t=1769649705084
2026-01-18	2026-01-20	316,133,425,300,58,437,22,8478,5201,10191	20260129012145	3999	https://www.cmegroup.com/services/trading-hours-by-product?id=316,133,425,300,58,437,22,8478,5201,10191&pageNumber=1&pageSize=999&sortAsc=true&fromEventDate=2026-01-18&toEventDate=2026-01-20&isProtected&_t=1769649705085
2026-02-15	2026-02-17	316,133,425,300,58,437,22,8478,5201,10191	20260129012145	3999	https://www.cmegroup.com/services/trading-hours-by-product?id=316,133,425,300,58,437,22,8478,5201,10191&pageNumber=1&pageSize=999&sortAsc=true&fromEventDate=2026-02-15&toEventDate=2026-02-17&isProtected&_t=1769649705088
2026-04-01	2026-04-03	316,133,425,300,58,437,22,8478,5201,10191	20260129012145	4068	https://www.cmegroup.com/services/trading-hours-by-product?id=316,133,425,300,58,437,22,8478,5201,10191&pageNumber=1&pageSize=999&sortAsc=true&fromEventDate=2026-04-01&toEventDate=2026-04-03&isProtected&_t=1769649705090
2026-05-24	2026-05-26	316,133,425,300,58,437,22,8478,5201,10191	20260129012145	3990	https://www.cmegroup.com/services/trading-hours-by-product?id=316,133,425,300,58,437,22,8478,5201,10191&pageNumber=1&pageSize=999&sortAsc=true&fromEventDate=2026-05-24&toEventDate=2026-05-26&isProtected&_t=1769649705092
2026-06-17	2026-06-19	316,133,425,300,58,437,22,8478,5201,10191	20260129012145	4063	https://www.cmegroup.com/services/trading-hours-by-product?id=316,133,425,300,58,437,22,8478,5201,10191&pageNumber=1&pageSize=999&sortAsc=true&fromEventDate=2026-06-17&toEventDate=2026-06-19&isProtected&_t=1769649705094
2026-07-02	2026-07-04	316,133,425,300,58,437,22,8478,5201,10191	20260129012145	3975	https://www.cmegroup.com/services/trading-hours-by-product?id=316,133,425,300,58,437,22,8478,5201,10191&pageNumber=1&pageSize=999&sortAsc=true&fromEventDate=2026-07-02&toEventDate=2026-07-04&isProtected&_t=1769649705096
2026-09-06	2026-09-08	316,133,425,300,58,437,22,8478,5201,10191	20260129012145	3998	https://www.cmegroup.com/services/trading-hours-by-product?id=316,133,425,300,58,437,22,8478,5201,10191&pageNumber=1&pageSize=999&sortAsc=true&fromEventDate=2026-09-06&toEventDate=2026-09-08&isProtected&_t=1769649705097
2026-11-25	2026-11-27	316,133,425,300,58,437,22,8478,5201,10191	20260129012145	4031	https://www.cmegroup.com/services/trading-hours-by-product?id=316,133,425,300,58,437,22,8478,5201,10191&pageNumber=1&pageSize=999&sortAsc=true&fromEventDate=2026-11-25&toEventDate=2026-11-27&isProtected&_t=1769649705098
2026-12-23	2026-12-25	316,133,425,300,58,437,22,8478,5201,10191	20260129012145	4009	https://www.cmegroup.com/services/trading-hours-by-product?id=316,133,425,300,58,437,22,8478,5201,10191&pageNumber=1&pageSize=999&sortAsc=true&fromEventDate=2026-12-23&toEventDate=2026-12-25&isProtected&_t=1769649705100
2026-12-30	2027-01-01	316,133,425,300,58,437,22,8478,5201,10191	20260129012145	4043	https://www.cmegroup.com/services/trading-hours-by-product?id=316,133,425,300,58,437,22,8478,5201,10191&pageNumber=1&pageSize=999&sortAsc=true&fromEventDate=2026-12-30&toEventDate=2027-01-01&isProtected&_t=1769649705101
2025-11-26	2025-11-28	316,133,425,300,58,437,22,8478,5201,10191	20260129012145	4061	https://www.cmegroup.com/services/trading-hours-by-product?id=316,133,425,300,58,437,22,8478,5201,10191&pageNumber=1&pageSize=999&sortAsc=true&fromEventDate=2025-11-26&toEventDate=2025-11-28&isProtected&_t=1769649705111
2025-12-24	2025-12-26	316,133,425,300,58,437,22,8478,5201,10191	20260129012145	4008	https://www.cmegroup.com/services/trading-hours-by-product?id=316,133,425,300,58,437,22,8478,5201,10191&pageNumber=1&pageSize=999&sortAsc=true&fromEventDate=2025-12-24&toEventDate=2025-12-26&isProtected&_t=1769649705116
2025-12-31	2026-01-02	316,133,425,300,58,437,22,8478,5201,10191	20260129012145	4020	https://www.cmegroup.com/services/trading-hours-by-product?id=316,133,425,300,58,437,22,8478,5201,10191&pageNumber=1&pageSize=999&sortAsc=true&fromEventDate=2025-12-31&toEventDate=2026-01-02&isProtected&_t=1769649705120
2026-01-18	2026-01-20	316,133,425,300,58,437,22,8478,5201,10191	20260129012145	4000	https://www.cmegroup.com/services/trading-hours-by-product?id=316,133,425,300,58,437,22,8478,5201,10191&pageNumber=1&pageSize=999&sortAsc=true&fromEventDate=2026-01-18&toEventDate=2026-01-20&isProtected&_t=1769649705122
2026-02-15	2026-02-17	316,133,425,300,58,437,22,8478,5201,10191	20260129012145	3993	https://www.cmegroup.com/services/trading-hours-by-product?id=316,133,425,300,58,437,22,8478,5201,10191&pageNumber=1&pageSize=999&sortAsc=true&fromEventDate=2026-02-15&toEventDate=2026-02-17&isProtected&_t=1769649705123
2026-04-01	2026-04-03	316,133,425,300,58,437,22,8478,5201,10191	20260129012145	4077	https://www.cmegroup.com/services/trading-hours-by-product?id=316,133,425,300,58,437,22,8478,5201,10191&pageNumber=1&pageSize=999&sortAsc=true&fromEventDate=2026-04-01&toEventDate=2026-04-03&isProtected&_t=1769649705124
2026-05-24	2026-05-26	316,133,425,300,58,437,22,8478,5201,10191	20260129012145	3990	https://www.cmegroup.com/services/trading-hours-by-product?id=316,133,425,300,58,437,22,8478,5201,10191&pageNumber=1&pageSize=999&sortAsc=true&fromEventDate=2026-05-24&toEventDate=2026-05-26&isProtected&_t=1769649705126
2026-06-17	2026-06-19	316,133,425,300,58,437,22,8478,5201,10191	20260129012145	4062	https://www.cmegroup.com/services/trading-hours-by-product?id=316,133,425,300,58,437,22,8478,5201,10191&pageNumber=1&pageSize=999&sortAsc=true&fromEventDate=2026-06-17&toEventDate=2026-06-19&isProtected&_t=1769649705127
2026-07-02	2026-07-04	316,133,425,300,58,437,22,8478,5201,10191	20260129012145	3971	https://www.cmegroup.com/services/trading-hours-by-product?id=316,133,425,300,58,437,22,8478,5201,10191&pageNumber=1&pageSize=999&sortAsc=true&fromEventDate=2026-07-02&toEventDate=2026-07-04&isProtected&_t=1769649705128
2026-09-06	2026-09-08	316,133,425,300,58,437,22,8478,5201,10191	20260129012145	3994	https://www.cmegroup.com/services/trading-hours-by-product?id=316,133,425,300,58,437,22,8478,5201,10191&pageNumber=1&pageSize=999&sortAsc=true&fromEventDate=2026-09-06&toEventDate=2026-09-08&isProtected&_t=1769649705129
2026-11-25	2026-11-27	316,133,425,300,58,437,22,8478,5201,10191	20260129012145	4031	https://www.cmegroup.com/services/trading-hours-by-product?id=316,133,425,300,58,437,22,8478,5201,10191&pageNumber=1&pageSize=999&sortAsc=true&fromEventDate=2026-11-25&toEventDate=2026-11-27&isProtected&_t=1769649705130
2026-12-23	2026-12-25	316,133,425,300,58,437,22,8478,5201,10191	20260129012145	4006	https://www.cmegroup.com/services/trading-hours-by-product?id=316,133,425,300,58,437,22,8478,5201,10191&pageNumber=1&pageSize=999&sortAsc=true&fromEventDate=2026-12-23&toEventDate=2026-12-25&isProtected&_t=1769649705131
2026-12-30	2027-01-01	316,133,425,300,58,437,22,8478,5201,10191	20260129012145	4044	https://www.cmegroup.com/services/trading-hours-by-product?id=316,133,425,300,58,437,22,8478,5201,10191&pageNumber=1&pageSize=999&sortAsc=true&fromEventDate=2026-12-30&toEventDate=2027-01-01&isProtected&_t=1769649705132
2025-11-26	2025-11-28	316,133,425,300,58,437,22,8478,5201,10191	20260129012145	4064	https://www.cmegroup.com/services/trading-hours-by-product?id=316,133,425,300,58,437,22,8478,5201,10191&pageNumber=1&pageSize=999&sortAsc=true&fromEventDate=2025-11-26&toEventDate=2025-11-28&isProtected&_t=1769649705448
2025-12-24	2025-12-26	316,133,425,300,58,437,22,8478,5201,10191	20260129012145	4005	https://www.cmegroup.com/services/trading-hours-by-product?id=316,133,425,300,58,437,22,8478,5201,10191&pageNumber=1&pageSize=999&sortAsc=true&fromEventDate=2025-12-24&toEventDate=2025-12-26&isProtected&_t=1769649705451
2025-12-31	2026-01-02	316,133,425,300,58,437,22,8478,5201,10191	20260129012145	4022	https://www.cmegroup.com/services/trading-hours-by-product?id=316,133,425,300,58,437,22,8478,5201,10191&pageNumber=1&pageSize=999&sortAsc=true&fromEventDate=2025-12-31&toEventDate=2026-01-02&isProtected&_t=1769649705452
2026-01-18	2026-01-20	316,133,425,300,58,437,22,8478,5201,10191	20260129012145	4003	https://www.cmegroup.com/services/trading-hours-by-product?id=316,133,425,300,58,437,22,8478,5201,10191&pageNumber=1&pageSize=999&sortAsc=true&fromEventDate=2026-01-18&toEventDate=2026-01-20&isProtected&_t=1769649705461
2026-02-15	2026-02-17	316,133,425,300,58,437,22,8478,5201,10191	20260129012145	3989	https://www.cmegroup.com/services/trading-hours-by-product?id=316,133,425,300,58,437,22,8478,5201,10191&pageNumber=1&pageSize=999&sortAsc=true&fromEventDate=2026-02-15&toEventDate=2026-02-17&isProtected&_t=1769649705463
2026-04-01	2026-04-03	316,133,425,300,58,437,22,8478,5201,10191	20260129012145	4073	https://www.cmegroup.com/services/trading-hours-by-product?id=316,133,425,300,58,437,22,8478,5201,10191&pageNumber=1&pageSize=999&sortAsc=true&fromEventDate=2026-04-01&toEventDate=2026-04-03&isProtected&_t=1769649705465
2026-05-24	2026-05-26	316,133,425,300,58,437,22,8478,5201,10191	20260129012145	3993	https://www.cmegroup.com/services/trading-hours-by-product?id=316,133,425,300,58,437,22,8478,5201,10191&pageNumber=1&pageSize=999&sortAsc=true&fromEventDate=2026-05-24&toEventDate=2026-05-26&isProtected&_t=1769649705466
2026-06-17	2026-06-19	316,133,425,300,58,437,22,8478,5201,10191	20260129012145	4067	https://www.cmegroup.com/services/trading-hours-by-product?id=316,133,425,300,58,437,22,8478,5201,10191&pageNumber=1&pageSize=999&sortAsc=true&fromEventDate=2026-06-17&toEventDate=2026-06-19&isProtected&_t=1769649705468
2026-07-02	2026-07-04	316,133,425,300,58,437,22,8478,5201,10191	20260129012145	3971	https://www.cmegroup.com/services/trading-hours-by-product?id=316,133,425,300,58,437,22,8478,5201,10191&pageNumber=1&pageSize=999&sortAsc=true&fromEventDate=2026-07-02&toEventDate=2026-07-04&isProtected&_t=1769649705469
2026-09-06	2026-09-08	316,133,425,300,58,437,22,8478,5201,10191	20260129012145	3993	https://www.cmegroup.com/services/trading-hours-by-product?id=316,133,425,300,58,437,22,8478,5201,10191&pageNumber=1&pageSize=999&sortAsc=true&fromEventDate=2026-09-06&toEventDate=2026-09-08&isProtected&_t=1769649705469
2026-11-25	2026-11-27	316,133,425,300,58,437,22,8478,5201,10191	20260129012146	4026	https://www.cmegroup.com/services/trading-hours-by-product?id=316,133,425,300,58,437,22,8478,5201,10191&pageNumber=1&pageSize=999&sortAsc=true&fromEventDate=2026-11-25&toEventDate=2026-11-27&isProtected&_t=1769649705470
2026-12-23	2026-12-25	316,133,425,300,58,437,22,8478,5201,10191	20260129012146	4009	https://www.cmegroup.com/services/trading-hours-by-product?id=316,133,425,300,58,437,22,8478,5201,10191&pageNumber=1&pageSize=999&sortAsc=true&fromEventDate=2026-12-23&toEventDate=2026-12-25&isProtected&_t=1769649705471
2026-12-30	2027-01-01	316,133,425,300,58,437,22,8478,5201,10191	20260129012146	4039	https://www.cmegroup.com/services/trading-hours-by-product?id=316,133,425,300,58,437,22,8478,5201,10191&pageNumber=1&pageSize=999&sortAsc=true&fromEventDate=2026-12-30&toEventDate=2027-01-01&isProtected&_t=1769649705472
2025-11-26	2025-11-28	316,133,425,300,58,437,22,8478,5201,10191	20260129012145	4057	https://www.cmegroup.com/services/trading-hours-by-product?id=316,133,425,300,58,437,22,8478,5201,10191&pageNumber=1&pageSize=999&sortAsc=true&fromEventDate=2025-11-26&toEventDate=2025-11-28&isProtected&_t=1769649705480
2025-12-24	2025-12-26	316,133,425,300,58,437,22,8478,5201,10191	20260129012145	4009	https://www.cmegroup.com/services/trading-hours-by-product?id=316,133,425,300,58,437,22,8478,5201,10191&pageNumber=1&pageSize=999&sortAsc=true&fromEventDate=2025-12-24&toEventDate=2025-12-26&isProtected&_t=1769649705483
2025-12-31	2026-01-02	316,133,425,300,58,437,22,8478,5201,10191	20260129012145	4022	https://www.cmegroup.com/services/trading-hours-by-product?id=316,133,425,300,58,437,22,8478,5201,10191&pageNumber=1&pageSize=999&sortAsc=true&fromEventDate=2025-12-31&toEventDate=2026-01-02&isProtected&_t=1769649705486
2026-01-18	2026-01-20	316,133,425,300,58,437,22,8478,5201,10191	20260129012145	4000	https://www.cmegroup.com/services/trading-hours-by-product?id=316,133,425,300,58,437,22,8478,5201,10191&pageNumber=1&pageSize=999&sortAsc=true&fromEventDate=2026-01-18&toEventDate=2026-01-20&isProtected&_t=1769649705488
2026-02-15	2026-02-17	316,133,425,300,58,437,22,8478,5201,10191	20260129012145	3984	https://www.cmegroup.com/services/trading-hours-by-product?id=316,133,425,300,58,437,22,8478,5201,10191&pageNumber=1&pageSize=999&sortAsc=true&fromEventDate=2026-02-15&toEventDate=2026-02-17&isProtected&_t=1769649705490
2026-04-01	2026-04-03	316,133,425,300,58,437,22,8478,5201,10191	20260129012145	4064	https://www.cmegroup.com/services/trading-hours-by-product?id=316,133,425,300,58,437,22,8478,5201,10191&pageNumber=1&pageSize=999&sortAsc=true&fromEventDate=2026-04-01&toEventDate=2026-04-03&isProtected&_t=1769649705492
2026-05-24	2026-05-26	316,133,425,300,58,437,22,8478,5201,10191	20260129012145	3992	https://www.cmegroup.com/services/trading-hours-by-product?id=316,133,425,300,58,437,22,8478,5201,10191&pageNumber=1&pageSize=999&sortAsc=true&fromEventDate=2026-05-24&toEventDate=2026-05-26&isProtected&_t=1769649705493
2026-06-17	2026-06-19	316,133,425,300,58,437,22,8478,5201,10191	20260129012145	4063	https://www.cmegroup.com/services/trading-hours-by-product?id=316,133,425,300,58,437,22,8478,5201,10191&pageNumber=1&pageSize=999&sortAsc=true&fromEventDate=2026-06-17&toEventDate=2026-06-19&isProtected&_t=1769649705494
2026-07-02	2026-07-04	316,133,425,300,58,437,22,8478,5201,10191	20260129012145	3971	https://www.cmegroup.com/services/trading-hours-by-product?id=316,133,425,300,58,437,22,8478,5201,10191&pageNumber=1&pageSize=999&sortAsc=true&fromEventDate=2026-07-02&toEventDate=2026-07-04&isProtected&_t=1769649705496
2026-09-06	2026-09-08	316,133,425,300,58,437,22,8478,5201,10191	20260129012146	3996	https://www.cmegroup.com/services/trading-hours-by-product?id=316,133,425,300,58,437,22,8478,5201,10191&pageNumber=1&pageSize=999&sortAsc=true&fromEventDate=2026-09-06&toEventDate=2026-09-08&isProtected&_t=1769649705497
2026-11-25	2026-11-27	316,133,425,300,58,437,22,8478,5201,10191	20260129012146	4029	https://www.cmegroup.com/services/trading-hours-by-product?id=316,133,425,300,58,437,22,8478,5201,10191&pageNumber=1&pageSize=999&sortAsc=true&fromEventDate=2026-11-25&toEventDate=2026-11-27&isProtected&_t=1769649705498
2026-12-23	2026-12-25	316,133,425,300,58,437,22,8478,5201,10191	20260129012146	4002	https://www.cmegroup.com/services/trading-hours-by-product?id=316,133,425,300,58,437,22,8478,5201,10191&pageNumber=1&pageSize=999&sortAsc=true&fromEventDate=2026-12-23&toEventDate=2026-12-25&isProtected&_t=1769649705500
2026-12-30	2027-01-01	316,133,425,300,58,437,22,8478,5201,10191	20260129012146	4039	https://www.cmegroup.com/services/trading-hours-by-product?id=316,133,425,300,58,437,22,8478,5201,10191&pageNumber=1&pageSize=999&sortAsc=true&fromEventDate=2026-12-30&toEventDate=2027-01-01&isProtected&_t=1769649705501
2025-11-26	2025-11-28	316,133,425,300,58,437,22,8478,5201,10191	20260129012145	4062	https://www.cmegroup.com/services/trading-hours-by-product?id=316,133,425,300,58,437,22,8478,5201,10191&pageNumber=1&pageSize=999&sortAsc=true&fromEventDate=2025-11-26&toEventDate=2025-11-28&isProtected&_t=1769649705682
2025-12-24	2025-12-26	316,133,425,300,58,437,22,8478,5201,10191	20260129012145	4007	https://www.cmegroup.com/services/trading-hours-by-product?id=316,133,425,300,58,437,22,8478,5201,10191&pageNumber=1&pageSize=999&sortAsc=true&fromEventDate=2025-12-24&toEventDate=2025-12-26&isProtected&_t=1769649705688
2025-12-31	2026-01-02	316,133,425,300,58,437,22,8478,5201,10191	20260129012145	4020	https://www.cmegroup.com/services/trading-hours-by-product?id=316,133,425,300,58,437,22,8478,5201,10191&pageNumber=1&pageSize=999&sortAsc=true&fromEventDate=2025-12-31&toEventDate=2026-01-02&isProtected&_t=1769649705690
2026-01-18	2026-01-20	316,133,425,300,58,437,22,8478,5201,10191	20260129012145	4002	https://www.cmegroup.com/services/trading-hours-by-product?id=316,133,425,300,58,437,22,8478,5201,10191&pageNumber=1&pageSize=999&sortAsc=true&fromEventDate=2026-01-18&toEventDate=2026-01-20&isProtected&_t=1769649705691
2026-02-15	2026-02-17	316,133,425,300,58,437,22,8478,5201,10191	20260129012145	3991	https://www.cmegroup.com/services/trading-hours-by-product?id=316,133,425,300,58,437,22,8478,5201,10191&pageNumber=1&pageSize=999&sortAsc=true&fromEventDate=2026-02-15&toEventDate=2026-02-17&isProtected&_t=1769649705693
2026-04-01	2026-04-03	316,133,425,300,58,437,22,8478,5201,10191	20260129012145	4070	https://www.cmegroup.com/services/trading-hours-by-product?id=316,133,425,300,58,437,22,8478,5201,10191&pageNumber=1&pageSize=999&sortAsc=true&fromEventDate=2026-04-01&toEventDate=2026-04-03&isProtected&_t=1769649705695
2026-05-24	2026-05-26	316,133,425,300,58,437,22,8478,5201,10191	20260129012146	3986	https://www.cmegroup.com/services/trading-hours-by-product?id=316,133,425,300,58,437,22,8478,5201,10191&pageNumber=1&pageSize=999&sortAsc=true&fromEventDate=2026-05-24&toEventDate=2026-05-26&isProtected&_t=1769649705696
2026-06-17	2026-06-19	316,133,425,300,58,437,22,8478,5201,10191	20260129012146	4059	https://www.cmegroup.com/services/trading-hours-by-product?id=316,133,425,300,58,437,22,8478,5201,10191&pageNumber=1&pageSize=999&sortAsc=true&fromEventDate=2026-06-17&toEventDate=2026-06-19&isProtected&_t=1769649705697
2026-07-02	2026-07-04	316,133,425,300,58,437,22,8478,5201,10191	20260129012146	3968	https://www.cmegroup.com/services/trading-hours-by-product?id=316,133,425,300,58,437,22,8478,5201,10191&pageNumber=1&pageSize=999&sortAsc=true&fromEventDate=2026-07-02&toEventDate=2026-07-04&isProtected&_t=1769649705698
2026-09-06	2026-09-08	316,133,425,300,58,437,22,8478,5201,10191	20260129012146	4002	https://www.cmegroup.com/services/trading-hours-by-product?id=316,133,425,300,58,437,22,8478,5201,10191&pageNumber=1&pageSize=999&sortAsc=true&fromEventDate=2026-09-06&toEventDate=2026-09-08&isProtected&_t=1769649705699
2026-11-25	2026-11-27	316,133,425,300,58,437,22,8478,5201,10191	20260129012146	4032	https://www.cmegroup.com/services/trading-hours-by-product?id=316,133,425,300,58,437,22,8478,5201,10191&pageNumber=1&pageSize=999&sortAsc=true&fromEventDate=2026-11-25&toEventDate=2026-11-27&isProtected&_t=1769649705700
2026-12-23	2026-12-25	316,133,425,300,58,437,22,8478,5201,10191	20260129012146	4007	https://www.cmegroup.com/services/trading-hours-by-product?id=316,133,425,300,58,437,22,8478,5201,10191&pageNumber=1&pageSize=999&sortAsc=true&fromEventDate=2026-12-23&toEventDate=2026-12-25&isProtected&_t=1769649705702
2026-12-30	2027-01-01	316,133,425,300,58,437,22,8478,5201,10191	20260129012146	4038	https://www.cmegroup.com/services/trading-hours-by-product?id=316,133,425,300,58,437,22,8478,5201,10191&pageNumber=1&pageSize=999&sortAsc=true&fromEventDate=2026-12-30&toEventDate=2027-01-01&isProtected&_t=1769649705703
2025-11-26	2025-11-28	316,133,425,300,58,437,22,8478,5201,10191	20260129012145	4062	https://www.cmegroup.com/services/trading-hours-by-product?id=316,133,425,300,58,437,22,8478,5201,10191&pageNumber=1&pageSize=999&sortAsc=true&fromEventDate=2025-11-26&toEventDate=2025-11-28&isProtected&_t=1769649705704
2025-12-24	2025-12-26	316,133,425,300,58,437,22,8478,5201,10191	20260129012145	4006	https://www.cmegroup.com/services/trading-hours-by-product?id=316,133,425,300,58,437,22,8478,5201,10191&pageNumber=1&pageSize=999&sortAsc=true&fromEventDate=2025-12-24&toEventDate=2025-12-26&isProtected&_t=1769649705707
2025-12-31	2026-01-02	316,133,425,300,58,437,22,8478,5201,10191	20260129012145	4020	https://www.cmegroup.com/services/trading-hours-by-product?id=316,133,425,300,58,437,22,8478,5201,10191&pageNumber=1&pageSize=999&sortAsc=true&fromEventDate=2025-12-31&toEventDate=2026-01-02&isProtected&_t=1769649705709
2026-01-18	2026-01-20	316,133,425,300,58,437,22,8478,5201,10191	20260129012145	4001	https://www.cmegroup.com/services/trading-hours-by-product?id=316,133,425,300,58,437,22,8478,5201,10191&pageNumber=1&pageSize=999&sortAsc=true&fromEventDate=2026-01-18&toEventDate=2026-01-20&isProtected&_t=1769649705710
2026-02-15	2026-02-17	316,133,425,300,58,437,22,8478,5201,10191	20260129012145	3988	https://www.cmegroup.com/services/trading-hours-by-product?id=316,133,425,300,58,437,22,8478,5201,10191&pageNumber=1&pageSize=999&sortAsc=true&fromEventDate=2026-02-15&toEventDate=2026-02-17&isProtected&_t=1769649705711
2026-04-01	2026-04-03	316,133,425,300,58,437,22,8478,5201,10191	20260129012145	4066	https://www.cmegroup.com/services/trading-hours-by-product?id=316,133,425,300,58,437,22,8478,5201,10191&pageNumber=1&pageSize=999&sortAsc=true&fromEventDate=2026-04-01&toEventDate=2026-04-03&isProtected&_t=1769649705712
2026-05-24	2026-05-26	316,133,425,300,58,437,22,8478,5201,10191	20260129012146	3992	https://www.cmegroup.com/services/trading-hours-by-product?id=316,133,425,300,58,437,22,8478,5201,10191&pageNumber=1&pageSize=999&sortAsc=true&fromEventDate=2026-05-24&toEventDate=2026-05-26&isProtected&_t=1769649705713
2026-06-17	2026-06-19	316,133,425,300,58,437,22,8478,5201,10191	20260129012146	4062	https://www.cmegroup.com/services/trading-hours-by-product?id=316,133,425,300,58,437,22,8478,5201,10191&pageNumber=1&pageSize=999&sortAsc=true&fromEventDate=2026-06-17&toEventDate=2026-06-19&isProtected&_t=1769649705714
2026-07-02	2026-07-04	316,133,425,300,58,437,22,8478,5201,10191	20260129012146	3967	https://www.cmegroup.com/services/trading-hours-by-product?id=316,133,425,300,58,437,22,8478,5201,10191&pageNumber=1&pageSize=999&sortAsc=true&fromEventDate=2026-07-02&toEventDate=2026-07-04&isProtected&_t=1769649705715
2026-09-06	2026-09-08	316,133,425,300,58,437,22,8478,5201,10191	20260129012146	3994	https://www.cmegroup.com/services/trading-hours-by-product?id=316,133,425,300,58,437,22,8478,5201,10191&pageNumber=1&pageSize=999&sortAsc=true&fromEventDate=2026-09-06&toEventDate=2026-09-08&isProtected&_t=1769649705716
2026-11-25	2026-11-27	316,133,425,300,58,437,22,8478,5201,10191	20260129012146	4027	https://www.cmegroup.com/services/trading-hours-by-product?id=316,133,425,300,58,437,22,8478,5201,10191&pageNumber=1&pageSize=999&sortAsc=true&fromEventDate=2026-11-25&toEventDate=2026-11-27&isProtected&_t=1769649705717
2026-12-23	2026-12-25	316,133,425,300,58,437,22,8478,5201,10191	20260129012146	4007	https://www.cmegroup.com/services/trading-hours-by-product?id=316,133,425,300,58,437,22,8478,5201,10191&pageNumber=1&pageSize=999&sortAsc=true&fromEventDate=2026-12-23&toEventDate=2026-12-25&isProtected&_t=1769649705718
2026-12-30	2027-01-01	316,133,425,300,58,437,22,8478,5201,10191	20260129012146	4040	https://www.cmegroup.com/services/trading-hours-by-product?id=316,133,425,300,58,437,22,8478,5201,10191&pageNumber=1&pageSize=999&sortAsc=true&fromEventDate=2026-12-30&toEventDate=2027-01-01&isProtected&_t=1769649705719
2025-11-26	2025-11-28	316,133,425,300,58,437,22,8478,5201,10191	20260129012146	4058	https://www.cmegroup.com/services/trading-hours-by-product?id=316,133,425,300,58,437,22,8478,5201,10191&pageNumber=1&pageSize=999&sortAsc=true&fromEventDate=2025-11-26&toEventDate=2025-11-28&isProtected&_t=1769649706042
2025-12-24	2025-12-26	316,133,425,300,58,437,22,8478,5201,10191	20260129012146	4005	https://www.cmegroup.com/services/trading-hours-by-product?id=316,133,425,300,58,437,22,8478,5201,10191&pageNumber=1&pageSize=999&sortAsc=true&fromEventDate=2025-12-24&toEventDate=2025-12-26&isProtected&_t=1769649706049
2025-12-31	2026-01-02	316,133,425,300,58,437,22,8478,5201,10191	20260129012146	4019	https://www.cmegroup.com/services/trading-hours-by-product?id=316,133,425,300,58,437,22,8478,5201,10191&pageNumber=1&pageSize=999&sortAsc=true&fromEventDate=2025-12-31&toEventDate=2026-01-02&isProtected&_t=1769649706052
2026-01-18	2026-01-20	316,133,425,300,58,437,22,8478,5201,10191	20260129012146	4003	https://www.cmegroup.com/services/trading-hours-by-product?id=316,133,425,300,58,437,22,8478,5201,10191&pageNumber=1&pageSize=999&sortAsc=true&fromEventDate=2026-01-18&toEventDate=2026-01-20&isProtected&_t=1769649706054
2026-02-15	2026-02-17	316,133,425,300,58,437,22,8478,5201,10191	20260129012146	3987	https://www.cmegroup.com/services/trading-hours-by-product?id=316,133,425,300,58,437,22,8478,5201,10191&pageNumber=1&pageSize=999&sortAsc=true&fromEventDate=2026-02-15&toEventDate=2026-02-17&isProtected&_t=1769649706056
2026-04-01	2026-04-03	316,133,425,300,58,437,22,8478,5201,10191	20260129012146	4073	https://www.cmegroup.com/services/trading-hours-by-product?id=316,133,425,300,58,437,22,8478,5201,10191&pageNumber=1&pageSize=999&sortAsc=true&fromEventDate=2026-04-01&toEventDate=2026-04-03&isProtected&_t=1769649706058
2026-05-24	2026-05-26	316,133,425,300,58,437,22,8478,5201,10191	20260129012146	3989	https://www.cmegroup.com/services/trading-hours-by-product?id=316,133,425,300,58,437,22,8478,5201,10191&pageNumber=1&pageSize=999&sortAsc=true&fromEventDate=2026-05-24&toEventDate=2026-05-26&isProtected&_t=1769649706060
2026-06-17	2026-06-19	316,133,425,300,58,437,22,8478,5201,10191	20260129012146	4058	https://www.cmegroup.com/services/trading-hours-by-product?id=316,133,425,300,58,437,22,8478,5201,10191&pageNumber=1&pageSize=999&sortAsc=true&fromEventDate=2026-06-17&toEventDate=2026-06-19&isProtected&_t=1769649706062
2026-07-02	2026-07-04	316,133,425,300,58,437,22,8478,5201,10191	20260129012146	3976	https://www.cmegroup.com/services/trading-hours-by-product?id=316,133,425,300,58,437,22,8478,5201,10191&pageNumber=1&pageSize=999&sortAsc=true&fromEventDate=2026-07-02&toEventDate=2026-07-04&isProtected&_t=1769649706064
2026-09-06	2026-09-08	316,133,425,300,58,437,22,8478,5201,10191	20260129012146	3995	https://www.cmegroup.com/services/trading-hours-by-product?id=316,133,425,300,58,437,22,8478,5201,10191&pageNumber=1&pageSize=999&sortAsc=true&fromEventDate=2026-09-06&toEventDate=2026-09-08&isProtected&_t=1769649706066
2026-11-25	2026-11-27	316,133,425,300,58,437,22,8478,5201,10191	20260129012146	4021	https://www.cmegroup.com/services/trading-hours-by-product?id=316,133,425,300,58,437,22,8478,5201,10191&pageNumber=1&pageSize=999&sortAsc=true&fromEventDate=2026-11-25&toEventDate=2026-11-27&isProtected&_t=1769649706068
2026-12-23	2026-12-25	316,133,425,300,58,437,22,8478,5201,10191	20260129012146	4006	https://www.cmegroup.com/services/trading-hours-by-product?id=316,133,425,300,58,437,22,8478,5201,10191&pageNumber=1&pageSize=999&sortAsc=true&fromEventDate=2026-12-23&toEventDate=2026-12-25&isProtected&_t=1769649706069
2026-12-30	2027-01-01	316,133,425,300,58,437,22,8478,5201,10191	20260129012146	4039	https://www.cmegroup.com/services/trading-hours-by-product?id=316,133,425,300,58,437,22,8478,5201,10191&pageNumber=1&pageSize=999&sortAsc=true&fromEventDate=2026-12-30&toEventDate=2027-01-01&isProtected&_t=1769649706070
2025-11-26	2025-11-28	316,133,425,300,58,437,22,8478,5201,10191	20260129012147	4060	https://www.cmegroup.com/services/trading-hours-by-product?id=316,133,425,300,58,437,22,8478,5201,10191&pageNumber=1&pageSize=999&sortAsc=true&fromEventDate=2025-11-26&toEventDate=2025-11-28&isProtected&_t=1769649707039
2025-12-24	2025-12-26	316,133,425,300,58,437,22,8478,5201,10191	20260129012147	4008	https://www.cmegroup.com/services/trading-hours-by-product?id=316,133,425,300,58,437,22,8478,5201,10191&pageNumber=1&pageSize=999&sortAsc=true&fromEventDate=2025-12-24&toEventDate=2025-12-26&isProtected&_t=1769649707043
2025-12-31	2026-01-02	316,133,425,300,58,437,22,8478,5201,10191	20260129012147	4023	https://www.cmegroup.com/services/trading-hours-by-product?id=316,133,425,300,58,437,22,8478,5201,10191&pageNumber=1&pageSize=999&sortAsc=true&fromEventDate=2025-12-31&toEventDate=2026-01-02&isProtected&_t=1769649707045
2026-01-18	2026-01-20	316,133,425,300,58,437,22,8478,5201,10191	20260129012147	3997	https://www.cmegroup.com/services/trading-hours-by-product?id=316,133,425,300,58,437,22,8478,5201,10191&pageNumber=1&pageSize=999&sortAsc=true&fromEventDate=2026-01-18&toEventDate=2026-01-20&isProtected&_t=1769649707047
2026-02-15	2026-02-17	316,133,425,300,58,437,22,8478,5201,10191	20260129012147	3989	https://www.cmegroup.com/services/trading-hours-by-product?id=316,133,425,300,58,437,22,8478,5201,10191&pageNumber=1&pageSize=999&sortAsc=true&fromEventDate=2026-02-15&toEventDate=2026-02-17&isProtected&_t=1769649707049
2026-04-01	2026-04-03	316,133,425,300,58,437,22,8478,5201,10191	20260129012147	4071	https://www.cmegroup.com/services/trading-hours-by-product?id=316,133,425,300,58,437,22,8478,5201,10191&pageNumber=1&pageSize=999&sortAsc=true&fromEventDate=2026-04-01&toEventDate=2026-04-03&isProtected&_t=1769649707051
2026-05-24	2026-05-26	316,133,425,300,58,437,22,8478,5201,10191	20260129012147	3991	https://www.cmegroup.com/services/trading-hours-by-product?id=316,133,425,300,58,437,22,8478,5201,10191&pageNumber=1&pageSize=999&sortAsc=true&fromEventDate=2026-05-24&toEventDate=2026-05-26&isProtected&_t=1769649707053
2026-06-17	2026-06-19	316,133,425,300,58,437,22,8478,5201,10191	20260129012147	4061	https://www.cmegroup.com/services/trading-hours-by-product?id=316,133,425,300,58,437,22,8478,5201,10191&pageNumber=1&pageSize=999&sortAsc=true&fromEventDate=2026-06-17&toEventDate=2026-06-19&isProtected&_t=1769649707054
2026-07-02	2026-07-04	316,133,425,300,58,437,22,8478,5201,10191	20260129012147	3970	https://www.cmegroup.com/services/trading-hours-by-product?id=316,133,425,300,58,437,22,8478,5201,10191&pageNumber=1&pageSize=999&sortAsc=true&fromEventDate=2026-07-02&toEventDate=2026-07-04&isProtected&_t=1769649707056
2026-09-06	2026-09-08	316,133,425,300,58,437,22,8478,5201,10191	20260129012147	4003	https://www.cmegroup.com/services/trading-hours-by-product?id=316,133,425,300,58,437,22,8478,5201,10191&pageNumber=1&pageSize=999&sortAsc=true&fromEventDate=2026-09-06&toEventDate=2026-09-08&isProtected&_t=1769649707057
2026-11-25	2026-11-27	316,133,425,300,58,437,22,8478,5201,10191	20260129012147	4033	https://www.cmegroup.com/services/trading-hours-by-product?id=316,133,425,300,58,437,22,8478,5201,10191&pageNumber=1&pageSize=999&sortAsc=true&fromEventDate=2026-11-25&toEventDate=2026-11-27&isProtected&_t=1769649707058
2026-12-23	2026-12-25	316,133,425,300,58,437,22,8478,5201,10191	20260129012147	4005	https://www.cmegroup.com/services/trading-hours-by-product?id=316,133,425,300,58,437,22,8478,5201,10191&pageNumber=1&pageSize=999&sortAsc=true&fromEventDate=2026-12-23&toEventDate=2026-12-25&isProtected&_t=1769649707060
2026-12-30	2027-01-01	316,133,425,300,58,437,22,8478,5201,10191	20260129012147	4040	https://www.cmegroup.com/services/trading-hours-by-product?id=316,133,425,300,58,437,22,8478,5201,10191&pageNumber=1&pageSize=999&sortAsc=true&fromEventDate=2026-12-30&toEventDate=2027-01-01&isProtected&_t=1769649707061
2025-11-26	2025-11-28	316,133,425,300,58,437,22,8478,5201,10191	20260129012147	4061	https://www.cmegroup.com/services/trading-hours-by-product?id=316,133,425,300,58,437,22,8478,5201,10191&pageNumber=1&pageSize=999&sortAsc=true&fromEventDate=2025-11-26&toEventDate=2025-11-28&isProtected&_t=1769649707162
2025-12-24	2025-12-26	316,133,425,300,58,437,22,8478,5201,10191	20260129012147	4006	https://www.cmegroup.com/services/trading-hours-by-product?id=316,133,425,300,58,437,22,8478,5201,10191&pageNumber=1&pageSize=999&sortAsc=true&fromEventDate=2025-12-24&toEventDate=2025-12-26&isProtected&_t=1769649707173
2025-12-31	2026-01-02	316,133,425,300,58,437,22,8478,5201,10191	20260129012147	4021	https://www.cmegroup.com/services/trading-hours-by-product?id=316,133,425,300,58,437,22,8478,5201,10191&pageNumber=1&pageSize=999&sortAsc=true&fromEventDate=2025-12-31&toEventDate=2026-01-02&isProtected&_t=1769649707174
2026-01-18	2026-01-20	316,133,425,300,58,437,22,8478,5201,10191	20260129012147	4007	https://www.cmegroup.com/services/trading-hours-by-product?id=316,133,425,300,58,437,22,8478,5201,10191&pageNumber=1&pageSize=999&sortAsc=true&fromEventDate=2026-01-18&toEventDate=2026-01-20&isProtected&_t=1769649707176
2026-02-15	2026-02-17	316,133,425,300,58,437,22,8478,5201,10191	20260129012147	3992	https://www.cmegroup.com/services/trading-hours-by-product?id=316,133,425,300,58,437,22,8478,5201,10191&pageNumber=1&pageSize=999&sortAsc=true&fromEventDate=2026-02-15&toEventDate=2026-02-17&isProtected&_t=1769649707177
2026-04-01	2026-04-03	316,133,425,300,58,437,22,8478,5201,10191	20260129012147	4065	https://www.cmegroup.com/services/trading-hours-by-product?id=316,133,425,300,58,437,22,8478,5201,10191&pageNumber=1&pageSize=999&sortAsc=true&fromEventDate=2026-04-01&toEventDate=2026-04-03&isProtected&_t=1769649707179
2026-05-24	2026-05-26	316,133,425,300,58,437,22,8478,5201,10191	20260129012147	3993	https://www.cmegroup.com/services/trading-hours-by-product?id=316,133,425,300,58,437,22,8478,5201,10191&pageNumber=1&pageSize=999&sortAsc=true&fromEventDate=2026-05-24&toEventDate=2026-05-26&isProtected&_t=1769649707180
2026-06-17	2026-06-19	316,133,425,300,58,437,22,8478,5201,10191	20260129012147	4059	https://www.cmegroup.com/services/trading-hours-by-product?id=316,133,425,300,58,437,22,8478,5201,10191&pageNumber=1&pageSize=999&sortAsc=true&fromEventDate=2026-06-17&toEventDate=2026-06-19&isProtected&_t=1769649707181
2026-07-02	2026-07-04	316,133,425,300,58,437,22,8478,5201,10191	20260129012147	3969	https://www.cmegroup.com/services/trading-hours-by-product?id=316,133,425,300,58,437,22,8478,5201,10191&pageNumber=1&pageSize=999&sortAsc=true&fromEventDate=2026-07-02&toEventDate=2026-07-04&isProtected&_t=1769649707182
2026-09-06	2026-09-08	316,133,425,300,58,437,22,8478,5201,10191	20260129012147	4000	https://www.cmegroup.com/services/trading-hours-by-product?id=316,133,425,300,58,437,22,8478,5201,10191&pageNumber=1&pageSize=999&sortAsc=true&fromEventDate=2026-09-06&toEventDate=2026-09-08&isProtected&_t=1769649707182
2026-11-25	2026-11-27	316,133,425,300,58,437,22,8478,5201,10191	20260129012147	4023	https://www.cmegroup.com/services/trading-hours-by-product?id=316,133,425,300,58,437,22,8478,5201,10191&pageNumber=1&pageSize=999&sortAsc=true&fromEventDate=2026-11-25&toEventDate=2026-11-27&isProtected&_t=1769649707183
2026-12-23	2026-12-25	316,133,425,300,58,437,22,8478,5201,10191	20260129012147	4016	https://www.cmegroup.com/services/trading-hours-by-product?id=316,133,425,300,58,437,22,8478,5201,10191&pageNumber=1&pageSize=999&sortAsc=true&fromEventDate=2026-12-23&toEventDate=2026-12-25&isProtected&_t=1769649707184
2026-12-30	2027-01-01	316,133,425,300,58,437,22,8478,5201,10191	20260129012147	4039	https://www.cmegroup.com/services/trading-hours-by-product?id=316,133,425,300,58,437,22,8478,5201,10191&pageNumber=1&pageSize=999&sortAsc=true&fromEventDate=2026-12-30&toEventDate=2027-01-01&isProtected&_t=1769649707185
2025-11-26	2025-11-28	316,133,425,300,58,437,22,8478,5201,10191	20260129012147	4058	https://www.cmegroup.com/services/trading-hours-by-product?id=316,133,425,300,58,437,22,8478,5201,10191&pageNumber=1&pageSize=999&sortAsc=true&fromEventDate=2025-11-26&toEventDate=2025-11-28&isProtected&_t=1769649707391
2025-12-24	2025-12-26	316,133,425,300,58,437,22,8478,5201,10191	20260129012147	4006	https://www.cmegroup.com/services/trading-hours-by-product?id=316,133,425,300,58,437,22,8478,5201,10191&pageNumber=1&pageSize=999&sortAsc=true&fromEventDate=2025-12-24&toEventDate=2025-12-26&isProtected&_t=1769649707394
2025-12-31	2026-01-02	316,133,425,300,58,437,22,8478,5201,10191	20260129012147	4020	https://www.cmegroup.com/services/trading-hours-by-product?id=316,133,425,300,58,437,22,8478,5201,10191&pageNumber=1&pageSize=999&sortAsc=true&fromEventDate=2025-12-31&toEventDate=2026-01-02&isProtected&_t=1769649707395
2026-01-18	2026-01-20	316,133,425,300,58,437,22,8478,5201,10191	20260129012147	4007	https://www.cmegroup.com/services/trading-hours-by-product?id=316,133,425,300,58,437,22,8478,5201,10191&pageNumber=1&pageSize=999&sortAsc=true&fromEventDate=2026-01-18&toEventDate=2026-01-20&isProtected&_t=1769649707396
2026-02-15	2026-02-17	316,133,425,300,58,437,22,8478,5201,10191	20260129012147	3994	https://www.cmegroup.com/services/trading-hours-by-product?id=316,133,425,300,58,437,22,8478,5201,10191&pageNumber=1&pageSize=999&sortAsc=true&fromEventDate=2026-02-15&toEventDate=2026-02-17&isProtected&_t=1769649707397
2026-04-01	2026-04-03	316,133,425,300,58,437,22,8478,5201,10191	20260129012147	4068	https://www.cmegroup.com/services/trading-hours-by-product?id=316,133,425,300,58,437,22,8478,5201,10191&pageNumber=1&pageSize=999&sortAsc=true&fromEventDate=2026-04-01&toEventDate=2026-04-03&isProtected&_t=1769649707398
2026-05-24	2026-05-26	316,133,425,300,58,437,22,8478,5201,10191	20260129012147	3991	https://www.cmegroup.com/services/trading-hours-by-product?id=316,133,425,300,58,437,22,8478,5201,10191&pageNumber=1&pageSize=999&sortAsc=true&fromEventDate=2026-05-24&toEventDate=2026-05-26&isProtected&_t=1769649707399
2026-06-17	2026-06-19	316,133,425,300,58,437,22,8478,5201,10191	20260129012147	4061	https://www.cmegroup.com/services/trading-hours-by-product?id=316,133,425,300,58,437,22,8478,5201,10191&pageNumber=1&pageSize=999&sortAsc=true&fromEventDate=2026-06-17&toEventDate=2026-06-19&isProtected&_t=1769649707400
2026-07-02	2026-07-04	316,133,425,300,58,437,22,8478,5201,10191	20260129012147	3976	https://www.cmegroup.com/services/trading-hours-by-product?id=316,133,425,300,58,437,22,8478,5201,10191&pageNumber=1&pageSize=999&sortAsc=true&fromEventDate=2026-07-02&toEventDate=2026-07-04&isProtected&_t=1769649707401
2026-09-06	2026-09-08	316,133,425,300,58,437,22,8478,5201,10191	20260129012147	3999	https://www.cmegroup.com/services/trading-hours-by-product?id=316,133,425,300,58,437,22,8478,5201,10191&pageNumber=1&pageSize=999&sortAsc=true&fromEventDate=2026-09-06&toEventDate=2026-09-08&isProtected&_t=1769649707402
2026-11-25	2026-11-27	316,133,425,300,58,437,22,8478,5201,10191	20260129012147	4030	https://www.cmegroup.com/services/trading-hours-by-product?id=316,133,425,300,58,437,22,8478,5201,10191&pageNumber=1&pageSize=999&sortAsc=true&fromEventDate=2026-11-25&toEventDate=2026-11-27&isProtected&_t=1769649707403
2026-12-23	2026-12-25	316,133,425,300,58,437,22,8478,5201,10191	20260129012148	4006	https://www.cmegroup.com/services/trading-hours-by-product?id=316,133,425,300,58,437,22,8478,5201,10191&pageNumber=1&pageSize=999&sortAsc=true&fromEventDate=2026-12-23&toEventDate=2026-12-25&isProtected&_t=1769649707404
2026-12-30	2027-01-01	316,133,425,300,58,437,22,8478,5201,10191	20260129012148	4045	https://www.cmegroup.com/services/trading-hours-by-product?id=316,133,425,300,58,437,22,8478,5201,10191&pageNumber=1&pageSize=999&sortAsc=true&fromEventDate=2026-12-30&toEventDate=2027-01-01&isProtected&_t=1769649707404
2025-11-26	2025-11-28	316,133,425,300,58,437,22,8478,5201,10191	20260129012147	4059	https://www.cmegroup.com/services/trading-hours-by-product?id=316,133,425,300,58,437,22,8478,5201,10191&pageNumber=1&pageSize=999&sortAsc=true&fromEventDate=2025-11-26&toEventDate=2025-11-28&isProtected&_t=1769649707430
2025-12-24	2025-12-26	316,133,425,300,58,437,22,8478,5201,10191	20260129012147	4008	https://www.cmegroup.com/services/trading-hours-by-product?id=316,133,425,300,58,437,22,8478,5201,10191&pageNumber=1&pageSize=999&sortAsc=true&fromEventDate=2025-12-24&toEventDate=2025-12-26&isProtected&_t=1769649707433
2025-12-31	2026-01-02	316,133,425,300,58,437,22,8478,5201,10191	20260129012147	4022	https://www.cmegroup.com/services/trading-hours-by-product?id=316,133,425,300,58,437,22,8478,5201,10191&pageNumber=1&pageSize=999&sortAsc=true&fromEventDate=2025-12-31&toEventDate=2026-01-02&isProtected&_t=1769649707435
2026-01-18	2026-01-20	316,133,425,300,58,437,22,8478,5201,10191	20260129012147	4004	https://www.cmegroup.com/services/trading-hours-by-product?id=316,133,425,300,58,437,22,8478,5201,10191&pageNumber=1&pageSize=999&sortAsc=true&fromEventDate=2026-01-18&toEventDate=2026-01-20&isProtected&_t=1769649707437
2026-02-15	2026-02-17	316,133,425,300,58,437,22,8478,5201,10191	20260129012147	3992	https://www.cmegroup.com/services/trading-hours-by-product?id=316,133,425,300,58,437,22,8478,5201,10191&pageNumber=1&pageSize=999&sortAsc=true&fromEventDate=2026-02-15&toEventDate=2026-02-17&isProtected&_t=1769649707439
2026-04-01	2026-04-03	316,133,425,300,58,437,22,8478,5201,10191	20260129012147	4061	https://www.cmegroup.com/services/trading-hours-by-product?id=316,133,425,300,58,437,22,8478,5201,10191&pageNumber=1&pageSize=999&sortAsc=true&fromEventDate=2026-04-01&toEventDate=2026-04-03&isProtected&_t=1769649707441
2026-05-24	2026-05-26	316,133,425,300,58,437,22,8478,5201,10191	20260129012147	3989	https://www.cmegroup.com/services/trading-hours-by-product?id=316,133,425,300,58,437,22,8478,5201,10191&pageNumber=1&pageSize=999&sortAsc=true&fromEventDate=2026-05-24&toEventDate=2026-05-26&isProtected&_t=1769649707443
2026-06-17	2026-06-19	316,133,425,300,58,437,22,8478,5201,10191	20260129012147	4062	https://www.cmegroup.com/services/trading-hours-by-product?id=316,133,425,300,58,437,22,8478,5201,10191&pageNumber=1&pageSize=999&sortAsc=true&fromEventDate=2026-06-17&toEventDate=2026-06-19&isProtected&_t=1769649707444
2026-07-02	2026-07-04	316,133,425,300,58,437,22,8478,5201,10191	20260129012147	3964	https://www.cmegroup.com/services/trading-hours-by-product?id=316,133,425,300,58,437,22,8478,5201,10191&pageNumber=1&pageSize=999&sortAsc=true&fromEventDate=2026-07-02&toEventDate=2026-07-04&isProtected&_t=1769649707446
2026-09-06	2026-09-08	316,133,425,300,58,437,22,8478,5201,10191	20260129012147	3994	https://www.cmegroup.com/services/trading-hours-by-product?id=316,133,425,300,58,437,22,8478,5201,10191&pageNumber=1&pageSize=999&sortAsc=true&fromEventDate=2026-09-06&toEventDate=2026-09-08&isProtected&_t=1769649707447
2026-11-25	2026-11-27	316,133,425,300,58,437,22,8478,5201,10191	20260129012147	4024	https://www.cmegroup.com/services/trading-hours-by-product?id=316,133,425,300,58,437,22,8478,5201,10191&pageNumber=1&pageSize=999&sortAsc=true&fromEventDate=2026-11-25&toEventDate=2026-11-27&isProtected&_t=1769649707449
2026-12-23	2026-12-25	316,133,425,300,58,437,22,8478,5201,10191	20260129012147	4009	https://www.cmegroup.com/services/trading-hours-by-product?id=316,133,425,300,58,437,22,8478,5201,10191&pageNumber=1&pageSize=999&sortAsc=true&fromEventDate=2026-12-23&toEventDate=2026-12-25&isProtected&_t=1769649707450
2026-12-30	2027-01-01	316,133,425,300,58,437,22,8478,5201,10191	20260129012148	4039	https://www.cmegroup.com/services/trading-hours-by-product?id=316,133,425,300,58,437,22,8478,5201,10191&pageNumber=1&pageSize=999&sortAsc=true&fromEventDate=2026-12-30&toEventDate=2027-01-01&isProtected&_t=1769649707451
2025-11-26	2025-11-28	316,133,425,300,58,437,22,8478,5201,10191	20260129012147	4058	https://www.cmegroup.com/services/trading-hours-by-product?id=316,133,425,300,58,437,22,8478,5201,10191&pageNumber=1&pageSize=999&sortAsc=true&fromEventDate=2025-11-26&toEventDate=2025-11-28&isProtected&_t=1769649707602
2025-12-24	2025-12-26	316,133,425,300,58,437,22,8478,5201,10191	20260129012147	4008	https://www.cmegroup.com/services/trading-hours-by-product?id=316,133,425,300,58,437,22,8478,5201,10191&pageNumber=1&pageSize=999&sortAsc=true&fromEventDate=2025-12-24&toEventDate=2025-12-26&isProtected&_t=1769649707604
2025-12-31	2026-01-02	316,133,425,300,58,437,22,8478,5201,10191	20260129012147	4017	https://www.cmegroup.com/services/trading-hours-by-product?id=316,133,425,300,58,437,22,8478,5201,10191&pageNumber=1&pageSize=999&sortAsc=true&fromEventDate=2025-12-31&toEventDate=2026-01-02&isProtected&_t=1769649707605
2026-01-18	2026-01-20	316,133,425,300,58,437,22,8478,5201,10191	20260129012147	4002	https://www.cmegroup.com/services/trading-hours-by-product?id=316,133,425,300,58,437,22,8478,5201,10191&pageNumber=1&pageSize=999&sortAsc=true&fromEventDate=2026-01-18&toEventDate=2026-01-20&isProtected&_t=1769649707607
2026-02-15	2026-02-17	316,133,425,300,58,437,22,8478,5201,10191	20260129012147	3999	https://www.cmegroup.com/services/trading-hours-by-product?id=316,133,425,300,58,437,22,8478,5201,10191&pageNumber=1&pageSize=999&sortAsc=true&fromEventDate=2026-02-15&toEventDate=2026-02-17&isProtected&_t=1769649707608
2026-04-01	2026-04-03	316,133,425,300,58,437,22,8478,5201,10191	20260129012147	4070	https://www.cmegroup.com/services/trading-hours-by-product?id=316,133,425,300,58,437,22,8478,5201,10191&pageNumber=1&pageSize=999&sortAsc=true&fromEventDate=2026-04-01&toEventDate=2026-04-03&isProtected&_t=1769649707609
2026-05-24	2026-05-26	316,133,425,300,58,437,22,8478,5201,10191	20260129012148	3994	https://www.cmegroup.com/services/trading-hours-by-product?id=316,133,425,300,58,437,22,8478,5201,10191&pageNumber=1&pageSize=999&sortAsc=true&fromEventDate=2026-05-24&toEventDate=2026-05-26&isProtected&_t=1769649707610
2026-06-17	2026-06-19	316,133,425,300,58,437,22,8478,5201,10191	20260129012148	4061	https://www.cmegroup.com/services/trading-hours-by-product?id=316,133,425,300,58,437,22,8478,5201,10191&pageNumber=1&pageSize=999&sortAsc=true&fromEventDate=2026-06-17&toEventDate=2026-06-19&isProtected&_t=1769649707611
2026-07-02	2026-07-04	316,133,425,300,58,437,22,8478,5201,10191	20260129012148	3976	https://www.cmegroup.com/services/trading-hours-by-product?id=316,133,425,300,58,437,22,8478,5201,10191&pageNumber=1&pageSize=999&sortAsc=true&fromEventDate=2026-07-02&toEventDate=2026-07-04&isProtected&_t=1769649707612
2026-09-06	2026-09-08	316,133,425,300,58,437,22,8478,5201,10191	20260129012148	3996	https://www.cmegroup.com/services/trading-hours-by-product?id=316,133,425,300,58,437,22,8478,5201,10191&pageNumber=1&pageSize=999&sortAsc=true&fromEventDate=2026-09-06&toEventDate=2026-09-08&isProtected&_t=1769649707613
2026-11-25	2026-11-27	316,133,425,300,58,437,22,8478,5201,10191	20260129012148	4032	https://www.cmegroup.com/services/trading-hours-by-product?id=316,133,425,300,58,437,22,8478,5201,10191&pageNumber=1&pageSize=999&sortAsc=true&fromEventDate=2026-11-25&toEventDate=2026-11-27&isProtected&_t=1769649707614
2026-12-23	2026-12-25	316,133,425,300,58,437,22,8478,5201,10191	20260129012148	4011	https://www.cmegroup.com/services/trading-hours-by-product?id=316,133,425,300,58,437,22,8478,5201,10191&pageNumber=1&pageSize=999&sortAsc=true&fromEventDate=2026-12-23&toEventDate=2026-12-25&isProtected&_t=1769649707615
2026-12-30	2027-01-01	316,133,425,300,58,437,22,8478,5201,10191	20260129012148	4042	https://www.cmegroup.com/services/trading-hours-by-product?id=316,133,425,300,58,437,22,8478,5201,10191&pageNumber=1&pageSize=999&sortAsc=true&fromEventDate=2026-12-30&toEventDate=2027-01-01&isProtected&_t=1769649707616
2025-11-26	2025-11-28	316,133,425,300,58,437,22,8478,5201,10191	20260129012148	4065	https://www.cmegroup.com/services/trading-hours-by-product?id=316,133,425,300,58,437,22,8478,5201,10191&pageNumber=1&pageSize=999&sortAsc=true&fromEventDate=2025-11-26&toEventDate=2025-11-28&isProtected&_t=1769649708366
2025-12-24	2025-12-26	316,133,425,300,58,437,22,8478,5201,10191	20260129012148	4010	https://www.cmegroup.com/services/trading-hours-by-product?id=316,133,425,300,58,437,22,8478,5201,10191&pageNumber=1&pageSize=999&sortAsc=true&fromEventDate=2025-12-24&toEventDate=2025-12-26&isProtected&_t=1769649708369
2025-12-31	2026-01-02	316,133,425,300,58,437,22,8478,5201,10191	20260129012148	4017	https://www.cmegroup.com/services/trading-hours-by-product?id=316,133,425,300,58,437,22,8478,5201,10191&pageNumber=1&pageSize=999&sortAsc=true&fromEventDate=2025-12-31&toEventDate=2026-01-02&isProtected&_t=1769649708371
2026-01-18	2026-01-20	316,133,425,300,58,437,22,8478,5201,10191	20260129012148	4004	https://www.cmegroup.com/services/trading-hours-by-product?id=316,133,425,300,58,437,22,8478,5201,10191&pageNumber=1&pageSize=999&sortAsc=true&fromEventDate=2026-01-18&toEventDate=2026-01-20&isProtected&_t=1769649708372
2026-02-15	2026-02-17	316,133,425,300,58,437,22,8478,5201,10191	20260129012148	3999	https://www.cmegroup.com/services/trading-hours-by-product?id=316,133,425,300,58,437,22,8478,5201,10191&pageNumber=1&pageSize=999&sortAsc=true&fromEventDate=2026-02-15&toEventDate=2026-02-17&isProtected&_t=1769649708373
2026-04-01	2026-04-03	316,133,425,300,58,437,22,8478,5201,10191	20260129012148	4069	https://www.cmegroup.com/services/trading-hours-by-product?id=316,133,425,300,58,437,22,8478,5201,10191&pageNumber=1&pageSize=999&sortAsc=true&fromEventDate=2026-04-01&toEventDate=2026-04-03&isProtected&_t=1769649708374
2026-05-24	2026-05-26	316,133,425,300,58,437,22,8478,5201,10191	20260129012148	3989	https://www.cmegroup.com/services/trading-hours-by-product?id=316,133,425,300,58,437,22,8478,5201,10191&pageNumber=1&pageSize=999&sortAsc=true&fromEventDate=2026-05-24&toEventDate=2026-05-26&isProtected&_t=1769649708375
2026-06-17	2026-06-19	316,133,425,300,58,437,22,8478,5201,10191	20260129012148	4060	https://www.cmegroup.com/services/trading-hours-by-product?id=316,133,425,300,58,437,22,8478,5201,10191&pageNumber=1&pageSize=999&sortAsc=true&fromEventDate=2026-06-17&toEventDate=2026-06-19&isProtected&_t=1769649708377
2026-07-02	2026-07-04	316,133,425,300,58,437,22,8478,5201,10191	20260129012148	3972	https://www.cmegroup.com/services/trading-hours-by-product?id=316,133,425,300,58,437,22,8478,5201,10191&pageNumber=1&pageSize=999&sortAsc=true&fromEventDate=2026-07-02&toEventDate=2026-07-04&isProtected&_t=1769649708378
2026-09-06	2026-09-08	316,133,425,300,58,437,22,8478,5201,10191	20260129012148	3999	https://www.cmegroup.com/services/trading-hours-by-product?id=316,133,425,300,58,437,22,8478,5201,10191&pageNumber=1&pageSize=999&sortAsc=true&fromEventDate=2026-09-06&toEventDate=2026-09-08&isProtected&_t=1769649708378
2026-11-25	2026-11-27	316,133,425,300,58,437,22,8478,5201,10191	20260129012148	4033	https://www.cmegroup.com/services/trading-hours-by-product?id=316,133,425,300,58,437,22,8478,5201,10191&pageNumber=1&pageSize=999&sortAsc=true&fromEventDate=2026-11-25&toEventDate=2026-11-27&isProtected&_t=1769649708379
2026-12-23	2026-12-25	316,133,425,300,58,437,22,8478,5201,10191	20260129012148	4008	https://www.cmegroup.com/services/trading-hours-by-product?id=316,133,425,300,58,437,22,8478,5201,10191&pageNumber=1&pageSize=999&sortAsc=true&fromEventDate=2026-12-23&toEventDate=2026-12-25&isProtected&_t=1769649708380
2026-12-30	2027-01-01	316,133,425,300,58,437,22,8478,5201,10191	20260129012149	4044	https://www.cmegroup.com/services/trading-hours-by-product?id=316,133,425,300,58,437,22,8478,5201,10191&pageNumber=1&pageSize=999&sortAsc=true&fromEventDate=2026-12-30&toEventDate=2027-01-01&isProtected&_t=1769649708382
2025-11-26	2025-11-28	316,133,425,300,58,437,22,8478,5201,10191	20260129012149	4061	https://www.cmegroup.com/services/trading-hours-by-product?id=316,133,425,300,58,437,22,8478,5201,10191&pageNumber=1&pageSize=999&sortAsc=true&fromEventDate=2025-11-26&toEventDate=2025-11-28&isProtected&_t=1769649709051
2025-12-24	2025-12-26	316,133,425,300,58,437,22,8478,5201,10191	20260129012149	4012	https://www.cmegroup.com/services/trading-hours-by-product?id=316,133,425,300,58,437,22,8478,5201,10191&pageNumber=1&pageSize=999&sortAsc=true&fromEventDate=2025-12-24&toEventDate=2025-12-26&isProtected&_t=1769649709055
2025-12-31	2026-01-02	316,133,425,300,58,437,22,8478,5201,10191	20260129012149	4017	https://www.cmegroup.com/services/trading-hours-by-product?id=316,133,425,300,58,437,22,8478,5201,10191&pageNumber=1&pageSize=999&sortAsc=true&fromEventDate=2025-12-31&toEventDate=2026-01-02&isProtected&_t=1769649709057
2026-01-18	2026-01-20	316,133,425,300,58,437,22,8478,5201,10191	20260129012149	3998	https://www.cmegroup.com/services/trading-hours-by-product?id=316,133,425,300,58,437,22,8478,5201,10191&pageNumber=1&pageSize=999&sortAsc=true&fromEventDate=2026-01-18&toEventDate=2026-01-20&isProtected&_t=1769649709058
2026-02-15	2026-02-17	316,133,425,300,58,437,22,8478,5201,10191	20260129012149	3995	https://www.cmegroup.com/services/trading-hours-by-product?id=316,133,425,300,58,437,22,8478,5201,10191&pageNumber=1&pageSize=999&sortAsc=true&fromEventDate=2026-02-15&toEventDate=2026-02-17&isProtected&_t=1769649709060
2026-04-01	2026-04-03	316,133,425,300,58,437,22,8478,5201,10191	20260129012149	4068	https://www.cmegroup.com/services/trading-hours-by-product?id=316,133,425,300,58,437,22,8478,5201,10191&pageNumber=1&pageSize=999&sortAsc=true&fromEventDate=2026-04-01&toEventDate=2026-04-03&isProtected&_t=1769649709062
2026-05-24	2026-05-26	316,133,425,300,58,437,22,8478,5201,10191	20260129012149	3990	https://www.cmegroup.com/services/trading-hours-by-product?id=316,133,425,300,58,437,22,8478,5201,10191&pageNumber=1&pageSize=999&sortAsc=true&fromEventDate=2026-05-24&toEventDate=2026-05-26&isProtected&_t=1769649709063
2026-06-17	2026-06-19	316,133,425,300,58,437,22,8478,5201,10191	20260129012149	4061	https://www.cmegroup.com/services/trading-hours-by-product?id=316,133,425,300,58,437,22,8478,5201,10191&pageNumber=1&pageSize=999&sortAsc=true&fromEventDate=2026-06-17&toEventDate=2026-06-19&isProtected&_t=1769649709065
2026-07-02	2026-07-04	316,133,425,300,58,437,22,8478,5201,10191	20260129012149	3972	https://www.cmegroup.com/services/trading-hours-by-product?id=316,133,425,300,58,437,22,8478,5201,10191&pageNumber=1&pageSize=999&sortAsc=true&fromEventDate=2026-07-02&toEventDate=2026-07-04&isProtected&_t=1769649709066
2026-09-06	2026-09-08	316,133,425,300,58,437,22,8478,5201,10191	20260129012149	3996	https://www.cmegroup.com/services/trading-hours-by-product?id=316,133,425,300,58,437,22,8478,5201,10191&pageNumber=1&pageSize=999&sortAsc=true&fromEventDate=2026-09-06&toEventDate=2026-09-08&isProtected&_t=1769649709067
2026-11-25	2026-11-27	316,133,425,300,58,437,22,8478,5201,10191	20260129012149	4032	https://www.cmegroup.com/services/trading-hours-by-product?id=316,133,425,300,58,437,22,8478,5201,10191&pageNumber=1&pageSize=999&sortAsc=true&fromEventDate=2026-11-25&toEventDate=2026-11-27&isProtected&_t=1769649709068
2026-12-23	2026-12-25	316,133,425,300,58,437,22,8478,5201,10191	20260129012149	4007	https://www.cmegroup.com/services/trading-hours-by-product?id=316,133,425,300,58,437,22,8478,5201,10191&pageNumber=1&pageSize=999&sortAsc=true&fromEventDate=2026-12-23&toEventDate=2026-12-25&isProtected&_t=1769649709069
2026-12-30	2027-01-01	316,133,425,300,58,437,22,8478,5201,10191	20260129012149	4047	https://www.cmegroup.com/services/trading-hours-by-product?id=316,133,425,300,58,437,22,8478,5201,10191&pageNumber=1&pageSize=999&sortAsc=true&fromEventDate=2026-12-30&toEventDate=2027-01-01&isProtected&_t=1769649709070
2025-11-26	2025-11-28	316,133,425,300,58,437,22,8478,5201,10191	20260129012149	4060	https://www.cmegroup.com/services/trading-hours-by-product?id=316,133,425,300,58,437,22,8478,5201,10191&pageNumber=1&pageSize=999&sortAsc=true&fromEventDate=2025-11-26&toEventDate=2025-11-28&isProtected&_t=1769649709128
2025-12-24	2025-12-26	316,133,425,300,58,437,22,8478,5201,10191	20260129012149	4009	https://www.cmegroup.com/services/trading-hours-by-product?id=316,133,425,300,58,437,22,8478,5201,10191&pageNumber=1&pageSize=999&sortAsc=true&fromEventDate=2025-12-24&toEventDate=2025-12-26&isProtected&_t=1769649709135
2025-12-31	2026-01-02	316,133,425,300,58,437,22,8478,5201,10191	20260129012149	4017	https://www.cmegroup.com/services/trading-hours-by-product?id=316,133,425,300,58,437,22,8478,5201,10191&pageNumber=1&pageSize=999&sortAsc=true&fromEventDate=2025-12-31&toEventDate=2026-01-02&isProtected&_t=1769649709137
2026-01-18	2026-01-20	316,133,425,300,58,437,22,8478,5201,10191	20260129012149	4006	https://www.cmegroup.com/services/trading-hours-by-product?id=316,133,425,300,58,437,22,8478,5201,10191&pageNumber=1&pageSize=999&sortAsc=true&fromEventDate=2026-01-18&toEventDate=2026-01-20&isProtected&_t=1769649709138
2026-02-15	2026-02-17	316,133,425,300,58,437,22,8478,5201,10191	20260129012149	3996	https://www.cmegroup.com/services/trading-hours-by-product?id=316,133,425,300,58,437,22,8478,5201,10191&pageNumber=1&pageSize=999&sortAsc=true&fromEventDate=2026-02-15&toEventDate=2026-02-17&isProtected&_t=1769649709139
2026-04-01	2026-04-03	316,133,425,300,58,437,22,8478,5201,10191	20260129012149	4068	https://www.cmegroup.com/services/trading-hours-by-product?id=316,133,425,300,58,437,22,8478,5201,10191&pageNumber=1&pageSize=999&sortAsc=true&fromEventDate=2026-04-01&toEventDate=2026-04-03&isProtected&_t=1769649709141
2026-05-24	2026-05-26	316,133,425,300,58,437,22,8478,5201,10191	20260129012149	3990	https://www.cmegroup.com/services/trading-hours-by-product?id=316,133,425,300,58,437,22,8478,5201,10191&pageNumber=1&pageSize=999&sortAsc=true&fromEventDate=2026-05-24&toEventDate=2026-05-26&isProtected&_t=1769649709142
2026-06-17	2026-06-19	316,133,425,300,58,437,22,8478,5201,10191	20260129012149	4061	https://www.cmegroup.com/services/trading-hours-by-product?id=316,133,425,300,58,437,22,8478,5201,10191&pageNumber=1&pageSize=999&sortAsc=true&fromEventDate=2026-06-17&toEventDate=2026-06-19&isProtected&_t=1769649709143
2026-07-02	2026-07-04	316,133,425,300,58,437,22,8478,5201,10191	20260129012149	3971	https://www.cmegroup.com/services/trading-hours-by-product?id=316,133,425,300,58,437,22,8478,5201,10191&pageNumber=1&pageSize=999&sortAsc=true&fromEventDate=2026-07-02&toEventDate=2026-07-04&isProtected&_t=1769649709144
2026-09-06	2026-09-08	316,133,425,300,58,437,22,8478,5201,10191	20260129012149	3989	https://www.cmegroup.com/services/trading-hours-by-product?id=316,133,425,300,58,437,22,8478,5201,10191&pageNumber=1&pageSize=999&sortAsc=true&fromEventDate=2026-09-06&toEventDate=2026-09-08&isProtected&_t=1769649709146
2026-11-25	2026-11-27	316,133,425,300,58,437,22,8478,5201,10191	20260129012149	4027	https://www.cmegroup.com/services/trading-hours-by-product?id=316,133,425,300,58,437,22,8478,5201,10191&pageNumber=1&pageSize=999&sortAsc=true&fromEventDate=2026-11-25&toEventDate=2026-11-27&isProtected&_t=1769649709147
2026-12-23	2026-12-25	316,133,425,300,58,437,22,8478,5201,10191	20260129012150	4014	https://www.cmegroup.com/services/trading-hours-by-product?id=316,133,425,300,58,437,22,8478,5201,10191&pageNumber=1&pageSize=999&sortAsc=true&fromEventDate=2026-12-23&toEventDate=2026-12-25&isProtected&_t=1769649709148
2026-12-30	2027-01-01	316,133,425,300,58,437,22,8478,5201,10191	20260129012150	4047	https://www.cmegroup.com/services/trading-hours-by-product?id=316,133,425,300,58,437,22,8478,5201,10191&pageNumber=1&pageSize=999&sortAsc=true&fromEventDate=2026-12-30&toEventDate=2027-01-01&isProtected&_t=1769649709150
2025-11-26	2025-11-28	316,133,425,300,58,437,22,8478,5201,10191	20260129012149	4060	https://www.cmegroup.com/services/trading-hours-by-product?id=316,133,425,300,58,437,22,8478,5201,10191&pageNumber=1&pageSize=999&sortAsc=true&fromEventDate=2025-11-26&toEventDate=2025-11-28&isProtected&_t=1769649709403
2025-12-24	2025-12-26	316,133,425,300,58,437,22,8478,5201,10191	20260129012149	4012	https://www.cmegroup.com/services/trading-hours-by-product?id=316,133,425,300,58,437,22,8478,5201,10191&pageNumber=1&pageSize=999&sortAsc=true&fromEventDate=2025-12-24&toEventDate=2025-12-26&isProtected&_t=1769649709406
2025-12-31	2026-01-02	316,133,425,300,58,437,22,8478,5201,10191	20260129012149	4015	https://www.cmegroup.com/services/trading-hours-by-product?id=316,133,425,300,58,437,22,8478,5201,10191&pageNumber=1&pageSize=999&sortAsc=true&fromEventDate=2025-12-31&toEventDate=2026-01-02&isProtected&_t=1769649709407
2026-01-18	2026-01-20	316,133,425,300,58,437,22,8478,5201,10191	20260129012149	4004	https://www.cmegroup.com/services/trading-hours-by-product?id=316,133,425,300,58,437,22,8478,5201,10191&pageNumber=1&pageSize=999&sortAsc=true&fromEventDate=2026-01-18&toEventDate=2026-01-20&isProtected&_t=1769649709408
2026-02-15	2026-02-17	316,133,425,300,58,437,22,8478,5201,10191	20260129012149	3993	https://www.cmegroup.com/services/trading-hours-by-product?id=316,133,425,300,58,437,22,8478,5201,10191&pageNumber=1&pageSize=999&sortAsc=true&fromEventDate=2026-02-15&toEventDate=2026-02-17&isProtected&_t=1769649709408
2026-04-01	2026-04-03	316,133,425,300,58,437,22,8478,5201,10191	20260129012149	4068	https://www.cmegroup.com/services/trading-hours-by-product?id=316,133,425,300,58,437,22,8478,5201,10191&pageNumber=1&pageSize=999&sortAsc=true&fromEventDate=2026-04-01&toEventDate=2026-04-03&isProtected&_t=1769649709410
2026-05-24	2026-05-26	316,133,425,300,58,437,22,8478,5201,10191	20260129012149	3997	https://www.cmegroup.com/services/trading-hours-by-product?id=316,133,425,300,58,437,22,8478,5201,10191&pageNumber=1&pageSize=999&sortAsc=true&fromEventDate=2026-05-24&toEventDate=2026-05-26&isProtected&_t=1769649709421
2026-06-17	2026-06-19	316,133,425,300,58,437,22,8478,5201,10191	20260129012149	4065	https://www.cmegroup.com/services/trading-hours-by-product?id=316,133,425,300,58,437,22,8478,5201,10191&pageNumber=1&pageSize=999&sortAsc=true&fromEventDate=2026-06-17&toEventDate=2026-06-19&isProtected&_t=1769649709422
2026-07-02	2026-07-04	316,133,425,300,58,437,22,8478,5201,10191	20260129012149	3977	https://www.cmegroup.com/services/trading-hours-by-product?id=316,133,425,300,58,437,22,8478,5201,10191&pageNumber=1&pageSize=999&sortAsc=true&fromEventDate=2026-07-02&toEventDate=2026-07-04&isProtected&_t=1769649709423
2026-09-06	2026-09-08	316,133,425,300,58,437,22,8478,5201,10191	20260129012149	3996	https://www.cmegroup.com/services/trading-hours-by-product?id=316,133,425,300,58,437,22,8478,5201,10191&pageNumber=1&pageSize=999&sortAsc=true&fromEventDate=2026-09-06&toEventDate=2026-09-08&isProtected&_t=1769649709423
2026-11-25	2026-11-27	316,133,425,300,58,437,22,8478,5201,10191	20260129012150	4031	https://www.cmegroup.com/services/trading-hours-by-product?id=316,133,425,300,58,437,22,8478,5201,10191&pageNumber=1&pageSize=999&sortAsc=true&fromEventDate=2026-11-25&toEventDate=2026-11-27&isProtected&_t=1769649709424
2026-12-23	2026-12-25	316,133,425,300,58,437,22,8478,5201,10191	20260129012150	4006	https://www.cmegroup.com/services/trading-hours-by-product?id=316,133,425,300,58,437,22,8478,5201,10191&pageNumber=1&pageSize=999&sortAsc=true&fromEventDate=2026-12-23&toEventDate=2026-12-25&isProtected&_t=1769649709425
2026-12-30	2027-01-01	316,133,425,300,58,437,22,8478,5201,10191	20260129012150	4047	https://www.cmegroup.com/services/trading-hours-by-product?id=316,133,425,300,58,437,22,8478,5201,10191&pageNumber=1&pageSize=999&sortAsc=true&fromEventDate=2026-12-30&toEventDate=2027-01-01&isProtected&_t=1769649709426
2025-11-26	2025-11-28	316,133,425,300,58,437,22,8478,5201,10191	20260129012149	4064	https://www.cmegroup.com/services/trading-hours-by-product?id=316,133,425,300,58,437,22,8478,5201,10191&pageNumber=1&pageSize=999&sortAsc=true&fromEventDate=2025-11-26&toEventDate=2025-11-28&isProtected&_t=1769649709851
2025-12-24	2025-12-26	316,133,425,300,58,437,22,8478,5201,10191	20260129012149	4008	https://www.cmegroup.com/services/trading-hours-by-product?id=316,133,425,300,58,437,22,8478,5201,10191&pageNumber=1&pageSize=999&sortAsc=true&fromEventDate=2025-12-24&toEventDate=2025-12-26&isProtected&_t=1769649709855
2025-12-31	2026-01-02	316,133,425,300,58,437,22,8478,5201,10191	20260129012149	4025	https://www.cmegroup.com/services/trading-hours-by-product?id=316,133,425,300,58,437,22,8478,5201,10191&pageNumber=1&pageSize=999&sortAsc=true&fromEventDate=2025-12-31&toEventDate=2026-01-02&isProtected&_t=1769649709857
2026-01-18	2026-01-20	316,133,425,300,58,437,22,8478,5201,10191	20260129012149	4003	https://www.cmegroup.com/services/trading-hours-by-product?id=316,133,425,300,58,437,22,8478,5201,10191&pageNumber=1&pageSize=999&sortAsc=true&fromEventDate=2026-01-18&toEventDate=2026-01-20&isProtected&_t=1769649709859
2026-02-15	2026-02-17	316,133,425,300,58,437,22,8478,5201,10191	20260129012149	3991	https://www.cmegroup.com/services/trading-hours-by-product?id=316,133,425,300,58,437,22,8478,5201,10191&pageNumber=1&pageSize=999&sortAsc=true&fromEventDate=2026-02-15&toEventDate=2026-02-17&isProtected&_t=1769649709860
2026-04-01	2026-04-03	316,133,425,300,58,437,22,8478,5201,10191	20260129012149	4072	https://www.cmegroup.com/services/trading-hours-by-product?id=316,133,425,300,58,437,22,8478,5201,10191&pageNumber=1&pageSize=999&sortAsc=true&fromEventDate=2026-04-01&toEventDate=2026-04-03&isProtected&_t=1769649709862
2026-05-24	2026-05-26	316,133,425,300,58,437,22,8478,5201,10191	20260129012150	3997	https://www.cmegroup.com/services/trading-hours-by-product?id=316,133,425,300,58,437,22,8478,5201,10191&pageNumber=1&pageSize=999&sortAsc=true&fromEventDate=2026-05-24&toEventDate=2026-05-26&isProtected&_t=1769649709863
2026-06-17	2026-06-19	316,133,425,300,58,437,22,8478,5201,10191	20260129012150	4064	https://www.cmegroup.com/services/trading-hours-by-product?id=316,133,425,300,58,437,22,8478,5201,10191&pageNumber=1&pageSize=999&sortAsc=true&fromEventDate=2026-06-17&toEventDate=2026-06-19&isProtected&_t=1769649709864
2026-07-02	2026-07-04	316,133,425,300,58,437,22,8478,5201,10191	20260129012150	3975	https://www.cmegroup.com/services/trading-hours-by-product?id=316,133,425,300,58,437,22,8478,5201,10191&pageNumber=1&pageSize=999&sortAsc=true&fromEventDate=2026-07-02&toEventDate=2026-07-04&isProtected&_t=1769649709865
2026-09-06	2026-09-08	316,133,425,300,58,437,22,8478,5201,10191	20260129012150	3997	https://www.cmegroup.com/services/trading-hours-by-product?id=316,133,425,300,58,437,22,8478,5201,10191&pageNumber=1&pageSize=999&sortAsc=true&fromEventDate=2026-09-06&toEventDate=2026-09-08&isProtected&_t=1769649709866
2026-11-25	2026-11-27	316,133,425,300,58,437,22,8478,5201,10191	20260129012150	4032	https://www.cmegroup.com/services/trading-hours-by-product?id=316,133,425,300,58,437,22,8478,5201,10191&pageNumber=1&pageSize=999&sortAsc=true&fromEventDate=2026-11-25&toEventDate=2026-11-27&isProtected&_t=1769649709867
2026-12-23	2026-12-25	316,133,425,300,58,437,22,8478,5201,10191	20260129012150	4004	https://www.cmegroup.com/services/trading-hours-by-product?id=316,133,425,300,58,437,22,8478,5201,10191&pageNumber=1&pageSize=999&sortAsc=true&fromEventDate=2026-12-23&toEventDate=2026-12-25&isProtected&_t=1769649709868
2026-12-30	2027-01-01	316,133,425,300,58,437,22,8478,5201,10191	20260129012150	4043	https://www.cmegroup.com/services/trading-hours-by-product?id=316,133,425,300,58,437,22,8478,5201,10191&pageNumber=1&pageSize=999&sortAsc=true&fromEventDate=2026-12-30&toEventDate=2027-01-01&isProtected&_t=1769649709869
2025-11-26	2025-11-28	316,133,425,300,58,437,22,8478,5201,10191	20260129012150	4059	https://www.cmegroup.com/services/trading-hours-by-product?id=316,133,425,300,58,437,22,8478,5201,10191&pageNumber=1&pageSize=999&sortAsc=true&fromEventDate=2025-11-26&toEventDate=2025-11-28&isProtected&_t=1769649710356
2025-12-24	2025-12-26	316,133,425,300,58,437,22,8478,5201,10191	20260129012150	4006	https://www.cmegroup.com/services/trading-hours-by-product?id=316,133,425,300,58,437,22,8478,5201,10191&pageNumber=1&pageSize=999&sortAsc=true&fromEventDate=2025-12-24&toEventDate=2025-12-26&isProtected&_t=1769649710358
2025-12-31	2026-01-02	316,133,425,300,58,437,22,8478,5201,10191	20260129012150	4022	https://www.cmegroup.com/services/trading-hours-by-product?id=316,133,425,300,58,437,22,8478,5201,10191&pageNumber=1&pageSize=999&sortAsc=true&fromEventDate=2025-12-31&toEventDate=2026-01-02&isProtected&_t=1769649710359
2026-01-18	2026-01-20	316,133,425,300,58,437,22,8478,5201,10191	20260129012150	4008	https://www.cmegroup.com/services/trading-hours-by-product?id=316,133,425,300,58,437,22,8478,5201,10191&pageNumber=1&pageSize=999&sortAsc=true&fromEventDate=2026-01-18&toEventDate=2026-01-20&isProtected&_t=1769649710360
2026-02-15	2026-02-17	316,133,425,300,58,437,22,8478,5201,10191	20260129012150	3992	https://www.cmegroup.com/services/trading-hours-by-product?id=316,133,425,300,58,437,22,8478,5201,10191&pageNumber=1&pageSize=999&sortAsc=true&fromEventDate=2026-02-15&toEventDate=2026-02-17&isProtected&_t=1769649710362
2026-04-01	2026-04-03	316,133,425,300,58,437,22,8478,5201,10191	20260129012150	4072	https://www.cmegroup.com/services/trading-hours-by-product?id=316,133,425,300,58,437,22,8478,5201,10191&pageNumber=1&pageSize=999&sortAsc=true&fromEventDate=2026-04-01&toEventDate=2026-04-03&isProtected&_t=1769649710363
2026-05-24	2026-05-26	316,133,425,300,58,437,22,8478,5201,10191	20260129012150	3993	https://www.cmegroup.com/services/trading-hours-by-product?id=316,133,425,300,58,437,22,8478,5201,10191&pageNumber=1&pageSize=999&sortAsc=true&fromEventDate=2026-05-24&toEventDate=2026-05-26&isProtected&_t=1769649710364
2026-06-17	2026-06-19	316,133,425,300,58,437,22,8478,5201,10191	20260129012150	4059	https://www.cmegroup.com/services/trading-hours-by-product?id=316,133,425,300,58,437,22,8478,5201,10191&pageNumber=1&pageSize=999&sortAsc=true&fromEventDate=2026-06-17&toEventDate=2026-06-19&isProtected&_t=1769649710365
2026-07-02	2026-07-04	316,133,425,300,58,437,22,8478,5201,10191	20260129012150	3973	https://www.cmegroup.com/services/trading-hours-by-product?id=316,133,425,300,58,437,22,8478,5201,10191&pageNumber=1&pageSize=999&sortAsc=true&fromEventDate=2026-07-02&toEventDate=2026-07-04&isProtected&_t=1769649710367
2026-09-06	2026-09-08	316,133,425,300,58,437,22,8478,5201,10191	20260129012150	3997	https://www.cmegroup.com/services/trading-hours-by-product?id=316,133,425,300,58,437,22,8478,5201,10191&pageNumber=1&pageSize=999&sortAsc=true&fromEventDate=2026-09-06&toEventDate=2026-09-08&isProtected&_t=1769649710368
2026-11-25	2026-11-27	316,133,425,300,58,437,22,8478,5201,10191	20260129012150	4035	https://www.cmegroup.com/services/trading-hours-by-product?id=316,133,425,300,58,437,22,8478,5201,10191&pageNumber=1&pageSize=999&sortAsc=true&fromEventDate=2026-11-25&toEventDate=2026-11-27&isProtected&_t=1769649710369
2026-12-23	2026-12-25	316,133,425,300,58,437,22,8478,5201,10191	20260129012150	4006	https://www.cmegroup.com/services/trading-hours-by-product?id=316,133,425,300,58,437,22,8478,5201,10191&pageNumber=1&pageSize=999&sortAsc=true&fromEventDate=2026-12-23&toEventDate=2026-12-25&isProtected&_t=1769649710371
2026-12-30	2027-01-01	316,133,425,300,58,437,22,8478,5201,10191	20260129012150	4037	https://www.cmegroup.com/services/trading-hours-by-product?id=316,133,425,300,58,437,22,8478,5201,10191&pageNumber=1&pageSize=999&sortAsc=true&fromEventDate=2026-12-30&toEventDate=2027-01-01&isProtected&_t=1769649710372
2025-11-26	2025-11-28	316,133,425,300,58,437,22,8478,5201,10191	20260129012151	4056	https://www.cmegroup.com/services/trading-hours-by-product?id=316,133,425,300,58,437,22,8478,5201,10191&pageNumber=1&pageSize=999&sortAsc=true&fromEventDate=2025-11-26&toEventDate=2025-11-28&isProtected&_t=1769649711522
2025-12-24	2025-12-26	316,133,425,300,58,437,22,8478,5201,10191	20260129012151	4007	https://www.cmegroup.com/services/trading-hours-by-product?id=316,133,425,300,58,437,22,8478,5201,10191&pageNumber=1&pageSize=999&sortAsc=true&fromEventDate=2025-12-24&toEventDate=2025-12-26&isProtected&_t=1769649711530
2025-12-31	2026-01-02	316,133,425,300,58,437,22,8478,5201,10191	20260129012151	4020	https://www.cmegroup.com/services/trading-hours-by-product?id=316,133,425,300,58,437,22,8478,5201,10191&pageNumber=1&pageSize=999&sortAsc=true&fromEventDate=2025-12-31&toEventDate=2026-01-02&isProtected&_t=1769649711533
2026-01-18	2026-01-20	316,133,425,300,58,437,22,8478,5201,10191	20260129012151	4008	https://www.cmegroup.com/services/trading-hours-by-product?id=316,133,425,300,58,437,22,8478,5201,10191&pageNumber=1&pageSize=999&sortAsc=true&fromEventDate=2026-01-18&toEventDate=2026-01-20&isProtected&_t=1769649711539
2026-02-15	2026-02-17	316,133,425,300,58,437,22,8478,5201,10191	20260129012151	3989	https://www.cmegroup.com/services/trading-hours-by-product?id=316,133,425,300,58,437,22,8478,5201,10191&pageNumber=1&pageSize=999&sortAsc=true&fromEventDate=2026-02-15&toEventDate=2026-02-17&isProtected&_t=1769649711540
2026-04-01	2026-04-03	316,133,425,300,58,437,22,8478,5201,10191	20260129012151	4070	https://www.cmegroup.com/services/trading-hours-by-product?id=316,133,425,300,58,437,22,8478,5201,10191&pageNumber=1&pageSize=999&sortAsc=true&fromEventDate=2026-04-01&toEventDate=2026-04-03&isProtected&_t=1769649711542
2026-05-24	2026-05-26	316,133,425,300,58,437,22,8478,5201,10191	20260129012151	3994	https://www.cmegroup.com/services/trading-hours-by-product?id=316,133,425,300,58,437,22,8478,5201,10191&pageNumber=1&pageSize=999&sortAsc=true&fromEventDate=2026-05-24&toEventDate=2026-05-26&isProtected&_t=1769649711543
2026-06-17	2026-06-19	316,133,425,300,58,437,22,8478,5201,10191	20260129012151	4059	https://www.cmegroup.com/services/trading-hours-by-product?id=316,133,425,300,58,437,22,8478,5201,10191&pageNumber=1&pageSize=999&sortAsc=true&fromEventDate=2026-06-17&toEventDate=2026-06-19&isProtected&_t=1769649711544
2026-07-02	2026-07-04	316,133,425,300,58,437,22,8478,5201,10191	20260129012151	3973	https://www.cmegroup.com/services/trading-hours-by-product?id=316,133,425,300,58,437,22,8478,5201,10191&pageNumber=1&pageSize=999&sortAsc=true&fromEventDate=2026-07-02&toEventDate=2026-07-04&isProtected&_t=1769649711545
2026-09-06	2026-09-08	316,133,425,300,58,437,22,8478,5201,10191	20260129012151	3995	https://www.cmegroup.com/services/trading-hours-by-product?id=316,133,425,300,58,437,22,8478,5201,10191&pageNumber=1&pageSize=999&sortAsc=true&fromEventDate=2026-09-06&toEventDate=2026-09-08&isProtected&_t=1769649711546
2026-11-25	2026-11-27	316,133,425,300,58,437,22,8478,5201,10191	20260129012152	4027	https://www.cmegroup.com/services/trading-hours-by-product?id=316,133,425,300,58,437,22,8478,5201,10191&pageNumber=1&pageSize=999&sortAsc=true&fromEventDate=2026-11-25&toEventDate=2026-11-27&isProtected&_t=1769649711547
2026-12-23	2026-12-25	316,133,425,300,58,437,22,8478,5201,10191	20260129012152	4010	https://www.cmegroup.com/services/trading-hours-by-product?id=316,133,425,300,58,437,22,8478,5201,10191&pageNumber=1&pageSize=999&sortAsc=true&fromEventDate=2026-12-23&toEventDate=2026-12-25&isProtected&_t=1769649711547
2026-12-30	2027-01-01	316,133,425,300,58,437,22,8478,5201,10191	20260129012152	4039	https://www.cmegroup.com/services/trading-hours-by-product?id=316,133,425,300,58,437,22,8478,5201,10191&pageNumber=1&pageSize=999&sortAsc=true&fromEventDate=2026-12-30&toEventDate=2027-01-01&isProtected&_t=1769649711548
2025-11-26	2025-11-28	316,133,425,300,58,437,22,8478,5201,10191	20260129012153	4058	https://www.cmegroup.com/services/trading-hours-by-product?id=316,133,425,300,58,437,22,8478,5201,10191&pageNumber=1&pageSize=999&sortAsc=true&fromEventDate=2025-11-26&toEventDate=2025-11-28&isProtected&_t=1769649713354
2025-12-24	2025-12-26	316,133,425,300,58,437,22,8478,5201,10191	20260129012153	4006	https://www.cmegroup.com/services/trading-hours-by-product?id=316,133,425,300,58,437,22,8478,5201,10191&pageNumber=1&pageSize=999&sortAsc=true&fromEventDate=2025-12-24&toEventDate=2025-12-26&isProtected&_t=1769649713356
2025-12-31	2026-01-02	316,133,425,300,58,437,22,8478,5201,10191	20260129012153	4018	https://www.cmegroup.com/services/trading-hours-by-product?id=316,133,425,300,58,437,22,8478,5201,10191&pageNumber=1&pageSize=999&sortAsc=true&fromEventDate=2025-12-31&toEventDate=2026-01-02&isProtected&_t=1769649713358
2026-01-18	2026-01-20	316,133,425,300,58,437,22,8478,5201,10191	20260129012153	4000	https://www.cmegroup.com/services/trading-hours-by-product?id=316,133,425,300,58,437,22,8478,5201,10191&pageNumber=1&pageSize=999&sortAsc=true&fromEventDate=2026-01-18&toEventDate=2026-01-20&isProtected&_t=1769649713360
2026-02-15	2026-02-17	316,133,425,300,58,437,22,8478,5201,10191	20260129012153	3990	https://www.cmegroup.com/services/trading-hours-by-product?id=316,133,425,300,58,437,22,8478,5201,10191&pageNumber=1&pageSize=999&sortAsc=true&fromEventDate=2026-02-15&toEventDate=2026-02-17&isProtected&_t=1769649713362
2026-04-01	2026-04-03	316,133,425,300,58,437,22,8478,5201,10191	20260129012153	4070	https://www.cmegroup.com/services/trading-hours-by-product?id=316,133,425,300,58,437,22,8478,5201,10191&pageNumber=1&pageSize=999&sortAsc=true&fromEventDate=2026-04-01&toEventDate=2026-04-03&isProtected&_t=1769649713363
2026-05-24	2026-05-26	316,133,425,300,58,437,22,8478,5201,10191	20260129012153	3992	https://www.cmegroup.com/services/trading-hours-by-product?id=316,133,425,300,58,437,22,8478,5201,10191&pageNumber=1&pageSize=999&sortAsc=true&fromEventDate=2026-05-24&toEventDate=2026-05-26&isProtected&_t=1769649713365
2026-06-17	2026-06-19	316,133,425,300,58,437,22,8478,5201,10191	20260129012153	4063	https://www.cmegroup.com/services/trading-hours-by-product?id=316,133,425,300,58,437,22,8478,5201,10191&pageNumber=1&pageSize=999&sortAsc=true&fromEventDate=2026-06-17&toEventDate=2026-06-19&isProtected&_t=1769649713367
2026-07-02	2026-07-04	316,133,425,300,58,437,22,8478,5201,10191	20260129012153	3971	https://www.cmegroup.com/services/trading-hours-by-product?id=316,133,425,300,58,437,22,8478,5201,10191&pageNumber=1&pageSize=999&sortAsc=true&fromEventDate=2026-07-02&toEventDate=2026-07-04&isProtected&_t=1769649713368
2026-09-06	2026-09-08	316,133,425,300,58,437,22,8478,5201,10191	20260129012154	3991	https://www.cmegroup.com/services/trading-hours-by-product?id=316,133,425,300,58,437,22,8478,5201,10191&pageNumber=1&pageSize=999&sortAsc=true&fromEventDate=2026-09-06&toEventDate=2026-09-08&isProtected&_t=1769649713369
2026-11-25	2026-11-27	316,133,425,300,58,437,22,8478,5201,10191	20260129012154	4027	https://www.cmegroup.com/services/trading-hours-by-product?id=316,133,425,300,58,437,22,8478,5201,10191&pageNumber=1&pageSize=999&sortAsc=true&fromEventDate=2026-11-25&toEventDate=2026-11-27&isProtected&_t=1769649713370
2026-12-23	2026-12-25	316,133,425,300,58,437,22,8478,5201,10191	20260129012154	4008	https://www.cmegroup.com/services/trading-hours-by-product?id=316,133,425,300,58,437,22,8478,5201,10191&pageNumber=1&pageSize=999&sortAsc=true&fromEventDate=2026-12-23&toEventDate=2026-12-25&isProtected&_t=1769649713383
2026-12-30	2027-01-01	316,133,425,300,58,437,22,8478,5201,10191	20260129012154	4038	https://www.cmegroup.com/services/trading-hours-by-product?id=316,133,425,300,58,437,22,8478,5201,10191&pageNumber=1&pageSize=999&sortAsc=true&fromEventDate=2026-12-30&toEventDate=2027-01-01&isProtected&_t=1769649713384
2025-11-26	2025-11-28	316,133,425,300,58,437,22,8478,5201,10191	20260129012153	4066	https://www.cmegroup.com/services/trading-hours-by-product?id=316,133,425,300,58,437,22,8478,5201,10191&pageNumber=1&pageSize=999&sortAsc=true&fromEventDate=2025-11-26&toEventDate=2025-11-28&isProtected&_t=1769649713629
2025-12-24	2025-12-26	316,133,425,300,58,437,22,8478,5201,10191	20260129012153	4009	https://www.cmegroup.com/services/trading-hours-by-product?id=316,133,425,300,58,437,22,8478,5201,10191&pageNumber=1&pageSize=999&sortAsc=true&fromEventDate=2025-12-24&toEventDate=2025-12-26&isProtected&_t=1769649713634
2025-12-31	2026-01-02	316,133,425,300,58,437,22,8478,5201,10191	20260129012153	4019	https://www.cmegroup.com/services/trading-hours-by-product?id=316,133,425,300,58,437,22,8478,5201,10191&pageNumber=1&pageSize=999&sortAsc=true&fromEventDate=2025-12-31&toEventDate=2026-01-02&isProtected&_t=1769649713636
2026-01-18	2026-01-20	316,133,425,300,58,437,22,8478,5201,10191	20260129012153	4001	https://www.cmegroup.com/services/trading-hours-by-product?id=316,133,425,300,58,437,22,8478,5201,10191&pageNumber=1&pageSize=999&sortAsc=true&fromEventDate=2026-01-18&toEventDate=2026-01-20&isProtected&_t=1769649713637
2026-02-15	2026-02-17	316,133,425,300,58,437,22,8478,5201,10191	20260129012153	3995	https://www.cmegroup.com/services/trading-hours-by-product?id=316,133,425,300,58,437,22,8478,5201,10191&pageNumber=1&pageSize=999&sortAsc=true&fromEventDate=2026-02-15&toEventDate=2026-02-17&isProtected&_t=1769649713639
2026-04-01	2026-04-03	316,133,425,300,58,437,22,8478,5201,10191	20260129012153	4072	https://www.cmegroup.com/services/trading-hours-by-product?id=316,133,425,300,58,437,22,8478,5201,10191&pageNumber=1&pageSize=999&sortAsc=true&fromEventDate=2026-04-01&toEventDate=2026-04-03&isProtected&_t=1769649713640
2026-05-24	2026-05-26	316,133,425,300,58,437,22,8478,5201,10191	20260129012153	3989	https://www.cmegroup.com/services/trading-hours-by-product?id=316,133,425,300,58,437,22,8478,5201,10191&pageNumber=1&pageSize=999&sortAsc=true&fromEventDate=2026-05-24&toEventDate=2026-05-26&isProtected&_t=1769649713641
2026-06-17	2026-06-19	316,133,425,300,58,437,22,8478,5201,10191	20260129012154	4066	https://www.cmegroup.com/services/trading-hours-by-product?id=316,133,425,300,58,437,22,8478,5201,10191&pageNumber=1&pageSize=999&sortAsc=true&fromEventDate=2026-06-17&toEventDate=2026-06-19&isProtected&_t=1769649713642
2026-07-02	2026-07-04	316,133,425,300,58,437,22,8478,5201,10191	20260129012154	3971	https://www.cmegroup.com/services/trading-hours-by-product?id=316,133,425,300,58,437,22,8478,5201,10191&pageNumber=1&pageSize=999&sortAsc=true&fromEventDate=2026-07-02&toEventDate=2026-07-04&isProtected&_t=1769649713643
2026-09-06	2026-09-08	316,133,425,300,58,437,22,8478,5201,10191	20260129012154	4003	https://www.cmegroup.com/services/trading-hours-by-product?id=316,133,425,300,58,437,22,8478,5201,10191&pageNumber=1&pageSize=999&sortAsc=true&fromEventDate=2026-09-06&toEventDate=2026-09-08&isProtected&_t=1769649713644
2026-11-25	2026-11-27	316,133,425,300,58,437,22,8478,5201,10191	20260129012154	4029	https://www.cmegroup.com/services/trading-hours-by-product?id=316,133,425,300,58,437,22,8478,5201,10191&pageNumber=1&pageSize=999&sortAsc=true&fromEventDate=2026-11-25&toEventDate=2026-11-27&isProtected&_t=1769649713644
2026-12-23	2026-12-25	316,133,425,300,58,437,22,8478,5201,10191	20260129012154	4008	https://www.cmegroup.com/services/trading-hours-by-product?id=316,133,425,300,58,437,22,8478,5201,10191&pageNumber=1&pageSize=999&sortAsc=true&fromEventDate=2026-12-23&toEventDate=2026-12-25&isProtected&_t=1769649713646
2026-12-30	2027-01-01	316,133,425,300,58,437,22,8478,5201,10191	20260129012154	4043	https://www.cmegroup.com/services/trading-hours-by-product?id=316,133,425,300,58,437,22,8478,5201,10191&pageNumber=1&pageSize=999&sortAsc=true&fromEventDate=2026-12-30&toEventDate=2027-01-01&isProtected&_t=1769649713647
2025-11-26	2025-11-28	316,133,425,300,58,437,22,8478,5201,10191	20260129012155	4061	https://www.cmegroup.com/services/trading-hours-by-product?id=316,133,425,300,58,437,22,8478,5201,10191&pageNumber=1&pageSize=999&sortAsc=true&fromEventDate=2025-11-26&toEventDate=2025-11-28&isProtected&_t=1769649715092
2025-12-24	2025-12-26	316,133,425,300,58,437,22,8478,5201,10191	20260129012155	4004	https://www.cmegroup.com/services/trading-hours-by-product?id=316,133,425,300,58,437,22,8478,5201,10191&pageNumber=1&pageSize=999&sortAsc=true&fromEventDate=2025-12-24&toEventDate=2025-12-26&isProtected&_t=1769649715097
2025-12-31	2026-01-02	316,133,425,300,58,437,22,8478,5201,10191	20260129012155	4024	https://www.cmegroup.com/services/trading-hours-by-product?id=316,133,425,300,58,437,22,8478,5201,10191&pageNumber=1&pageSize=999&sortAsc=true&fromEventDate=2025-12-31&toEventDate=2026-01-02&isProtected&_t=1769649715098
2026-01-18	2026-01-20	316,133,425,300,58,437,22,8478,5201,10191	20260129012155	4001	https://www.cmegroup.com/services/trading-hours-by-product?id=316,133,425,300,58,437,22,8478,5201,10191&pageNumber=1&pageSize=999&sortAsc=true&fromEventDate=2026-01-18&toEventDate=2026-01-20&isProtected&_t=1769649715099
2026-02-15	2026-02-17	316,133,425,300,58,437,22,8478,5201,10191	20260129012155	3993	https://www.cmegroup.com/services/trading-hours-by-product?id=316,133,425,300,58,437,22,8478,5201,10191&pageNumber=1&pageSize=999&sortAsc=true&fromEventDate=2026-02-15&toEventDate=2026-02-17&isProtected&_t=1769649715100
2026-04-01	2026-04-03	316,133,425,300,58,437,22,8478,5201,10191	20260129012155	4064	https://www.cmegroup.com/services/trading-hours-by-product?id=316,133,425,300,58,437,22,8478,5201,10191&pageNumber=1&pageSize=999&sortAsc=true&fromEventDate=2026-04-01&toEventDate=2026-04-03&isProtected&_t=1769649715101
2026-05-24	2026-05-26	316,133,425,300,58,437,22,8478,5201,10191	20260129012155	3984	https://www.cmegroup.com/services/trading-hours-by-product?id=316,133,425,300,58,437,22,8478,5201,10191&pageNumber=1&pageSize=999&sortAsc=true&fromEventDate=2026-05-24&toEventDate=2026-05-26&isProtected&_t=1769649715102
2026-06-17	2026-06-19	316,133,425,300,58,437,22,8478,5201,10191	20260129012155	4068	https://www.cmegroup.com/services/trading-hours-by-product?id=316,133,425,300,58,437,22,8478,5201,10191&pageNumber=1&pageSize=999&sortAsc=true&fromEventDate=2026-06-17&toEventDate=2026-06-19&isProtected&_t=1769649715102
2026-07-02	2026-07-04	316,133,425,300,58,437,22,8478,5201,10191	20260129012155	3975	https://www.cmegroup.com/services/trading-hours-by-product?id=316,133,425,300,58,437,22,8478,5201,10191&pageNumber=1&pageSize=999&sortAsc=true&fromEventDate=2026-07-02&toEventDate=2026-07-04&isProtected&_t=1769649715103
2026-09-06	2026-09-08	316,133,425,300,58,437,22,8478,5201,10191	20260129012155	3999	https://www.cmegroup.com/services/trading-hours-by-product?id=316,133,425,300,58,437,22,8478,5201,10191&pageNumber=1&pageSize=999&sortAsc=true&fromEventDate=2026-09-06&toEventDate=2026-09-08&isProtected&_t=1769649715104
2026-11-25	2026-11-27	316,133,425,300,58,437,22,8478,5201,10191	20260129012155	4033	https://www.cmegroup.com/services/trading-hours-by-product?id=316,133,425,300,58,437,22,8478,5201,10191&pageNumber=1&pageSize=999&sortAsc=true&fromEventDate=2026-11-25&toEventDate=2026-11-27&isProtected&_t=1769649715104
2026-12-23	2026-12-25	316,133,425,300,58,437,22,8478,5201,10191	20260129012155	4006	https://www.cmegroup.com/services/trading-hours-by-product?id=316,133,425,300,58,437,22,8478,5201,10191&pageNumber=1&pageSize=999&sortAsc=true&fromEventDate=2026-12-23&toEventDate=2026-12-25&isProtected&_t=1769649715106
2026-12-30	2027-01-01	316,133,425,300,58,437,22,8478,5201,10191	20260129012155	4044	https://www.cmegroup.com/services/trading-hours-by-product?id=316,133,425,300,58,437,22,8478,5201,10191&pageNumber=1&pageSize=999&sortAsc=true&fromEventDate=2026-12-30&toEventDate=2027-01-01&isProtected&_t=1769649715107
2025-11-26	2025-11-28	316,133,425,300,58,437,22,8478,5201,10191	20260129012157	4069	https://www.cmegroup.com/services/trading-hours-by-product?id=316,133,425,300,58,437,22,8478,5201,10191&pageNumber=1&pageSize=999&sortAsc=true&fromEventDate=2025-11-26&toEventDate=2025-11-28&isProtected&_t=1769649717886
2025-12-24	2025-12-26	316,133,425,300,58,437,22,8478,5201,10191	20260129012157	4006	https://www.cmegroup.com/services/trading-hours-by-product?id=316,133,425,300,58,437,22,8478,5201,10191&pageNumber=1&pageSize=999&sortAsc=true&fromEventDate=2025-12-24&toEventDate=2025-12-26&isProtected&_t=1769649717889
2025-12-31	2026-01-02	316,133,425,300,58,437,22,8478,5201,10191	20260129012157	4017	https://www.cmegroup.com/services/trading-hours-by-product?id=316,133,425,300,58,437,22,8478,5201,10191&pageNumber=1&pageSize=999&sortAsc=true&fromEventDate=2025-12-31&toEventDate=2026-01-02&isProtected&_t=1769649717890
2026-01-18	2026-01-20	316,133,425,300,58,437,22,8478,5201,10191	20260129012157	4009	https://www.cmegroup.com/services/trading-hours-by-product?id=316,133,425,300,58,437,22,8478,5201,10191&pageNumber=1&pageSize=999&sortAsc=true&fromEventDate=2026-01-18&toEventDate=2026-01-20&isProtected&_t=1769649717891
2026-02-15	2026-02-17	316,133,425,300,58,437,22,8478,5201,10191	20260129012157	3995	https://www.cmegroup.com/services/trading-hours-by-product?id=316,133,425,300,58,437,22,8478,5201,10191&pageNumber=1&pageSize=999&sortAsc=true&fromEventDate=2026-02-15&toEventDate=2026-02-17&isProtected&_t=1769649717893
2026-04-01	2026-04-03	316,133,425,300,58,437,22,8478,5201,10191	20260129012157	4066	https://www.cmegroup.com/services/trading-hours-by-product?id=316,133,425,300,58,437,22,8478,5201,10191&pageNumber=1&pageSize=999&sortAsc=true&fromEventDate=2026-04-01&toEventDate=2026-04-03&isProtected&_t=1769649717894
2026-05-24	2026-05-26	316,133,425,300,58,437,22,8478,5201,10191	20260129012158	3995	https://www.cmegroup.com/services/trading-hours-by-product?id=316,133,425,300,58,437,22,8478,5201,10191&pageNumber=1&pageSize=999&sortAsc=true&fromEventDate=2026-05-24&toEventDate=2026-05-26&isProtected&_t=1769649717895
2026-06-17	2026-06-19	316,133,425,300,58,437,22,8478,5201,10191	20260129012158	4062	https://www.cmegroup.com/services/trading-hours-by-product?id=316,133,425,300,58,437,22,8478,5201,10191&pageNumber=1&pageSize=999&sortAsc=true&fromEventDate=2026-06-17&toEventDate=2026-06-19&isProtected&_t=1769649717896
2026-07-02	2026-07-04	316,133,425,300,58,437,22,8478,5201,10191	20260129012158	3969	https://www.cmegroup.com/services/trading-hours-by-product?id=316,133,425,300,58,437,22,8478,5201,10191&pageNumber=1&pageSize=999&sortAsc=true&fromEventDate=2026-07-02&toEventDate=2026-07-04&isProtected&_t=1769649717897
2026-09-06	2026-09-08	316,133,425,300,58,437,22,8478,5201,10191	20260129012158	3992	https://www.cmegroup.com/services/trading-hours-by-product?id=316,133,425,300,58,437,22,8478,5201,10191&pageNumber=1&pageSize=999&sortAsc=true&fromEventDate=2026-09-06&toEventDate=2026-09-08&isProtected&_t=1769649717898
2026-11-25	2026-11-27	316,133,425,300,58,437,22,8478,5201,10191	20260129012158	4029	https://www.cmegroup.com/services/trading-hours-by-product?id=316,133,425,300,58,437,22,8478,5201,10191&pageNumber=1&pageSize=999&sortAsc=true&fromEventDate=2026-11-25&toEventDate=2026-11-27&isProtected&_t=1769649717899
2026-12-23	2026-12-25	316,133,425,300,58,437,22,8478,5201,10191	20260129012158	4004	https://www.cmegroup.com/services/trading-hours-by-product?id=316,133,425,300,58,437,22,8478,5201,10191&pageNumber=1&pageSize=999&sortAsc=true&fromEventDate=2026-12-23&toEventDate=2026-12-25&isProtected&_t=1769649717900
2026-12-30	2027-01-01	316,133,425,300,58,437,22,8478,5201,10191	20260129012158	4042	https://www.cmegroup.com/services/trading-hours-by-product?id=316,133,425,300,58,437,22,8478,5201,10191&pageNumber=1&pageSize=999&sortAsc=true&fromEventDate=2026-12-30&toEventDate=2027-01-01&isProtected&_t=1769649717902
2025-11-26	2025-11-28	316,133,425,300,58,437,22,8478,5201,10191	20260129012159	4063	https://www.cmegroup.com/services/trading-hours-by-product?id=316,133,425,300,58,437,22,8478,5201,10191&pageNumber=1&pageSize=999&sortAsc=true&fromEventDate=2025-11-26&toEventDate=2025-11-28&isProtected&_t=1769649719075
2025-12-24	2025-12-26	316,133,425,300,58,437,22,8478,5201,10191	20260129012159	4016	https://www.cmegroup.com/services/trading-hours-by-product?id=316,133,425,300,58,437,22,8478,5201,10191&pageNumber=1&pageSize=999&sortAsc=true&fromEventDate=2025-12-24&toEventDate=2025-12-26&isProtected&_t=1769649719078
2025-12-31	2026-01-02	316,133,425,300,58,437,22,8478,5201,10191	20260129012159	4025	https://www.cmegroup.com/services/trading-hours-by-product?id=316,133,425,300,58,437,22,8478,5201,10191&pageNumber=1&pageSize=999&sortAsc=true&fromEventDate=2025-12-31&toEventDate=2026-01-02&isProtected&_t=1769649719079
2026-01-18	2026-01-20	316,133,425,300,58,437,22,8478,5201,10191	20260129012159	4009	https://www.cmegroup.com/services/trading-hours-by-product?id=316,133,425,300,58,437,22,8478,5201,10191&pageNumber=1&pageSize=999&sortAsc=true&fromEventDate=2026-01-18&toEventDate=2026-01-20&isProtected&_t=1769649719080
2026-02-15	2026-02-17	316,133,425,300,58,437,22,8478,5201,10191	20260129012159	3994	https://www.cmegroup.com/services/trading-hours-by-product?id=316,133,425,300,58,437,22,8478,5201,10191&pageNumber=1&pageSize=999&sortAsc=true&fromEventDate=2026-02-15&toEventDate=2026-02-17&isProtected&_t=1769649719080
2026-04-01	2026-04-03	316,133,425,300,58,437,22,8478,5201,10191	20260129012159	4071	https://www.cmegroup.com/services/trading-hours-by-product?id=316,133,425,300,58,437,22,8478,5201,10191&pageNumber=1&pageSize=999&sortAsc=true&fromEventDate=2026-04-01&toEventDate=2026-04-03&isProtected&_t=1769649719085
2026-05-24	2026-05-26	316,133,425,300,58,437,22,8478,5201,10191	20260129012159	3990	https://www.cmegroup.com/services/trading-hours-by-product?id=316,133,425,300,58,437,22,8478,5201,10191&pageNumber=1&pageSize=999&sortAsc=true&fromEventDate=2026-05-24&toEventDate=2026-05-26&isProtected&_t=1769649719086
2026-06-17	2026-06-19	316,133,425,300,58,437,22,8478,5201,10191	20260129012159	4067	https://www.cmegroup.com/services/trading-hours-by-product?id=316,133,425,300,58,437,22,8478,5201,10191&pageNumber=1&pageSize=999&sortAsc=true&fromEventDate=2026-06-17&toEventDate=2026-06-19&isProtected&_t=1769649719087
2026-07-02	2026-07-04	316,133,425,300,58,437,22,8478,5201,10191	20260129012159	3971	https://www.cmegroup.com/services/trading-hours-by-product?id=316,133,425,300,58,437,22,8478,5201,10191&pageNumber=1&pageSize=999&sortAsc=true&fromEventDate=2026-07-02&toEventDate=2026-07-04&isProtected&_t=1769649719088
2026-09-06	2026-09-08	316,133,425,300,58,437,22,8478,5201,10191	20260129012159	3996	https://www.cmegroup.com/services/trading-hours-by-product?id=316,133,425,300,58,437,22,8478,5201,10191&pageNumber=1&pageSize=999&sortAsc=true&fromEventDate=2026-09-06&toEventDate=2026-09-08&isProtected&_t=1769649719089
2026-11-25	2026-11-27	316,133,425,300,58,437,22,8478,5201,10191	20260129012159	4024	https://www.cmegroup.com/services/trading-hours-by-product?id=316,133,425,300,58,437,22,8478,5201,10191&pageNumber=1&pageSize=999&sortAsc=true&fromEventDate=2026-11-25&toEventDate=2026-11-27&isProtected&_t=1769649719089
2026-12-23	2026-12-25	316,133,425,300,58,437,22,8478,5201,10191	20260129012159	4005	https://www.cmegroup.com/services/trading-hours-by-product?id=316,133,425,300,58,437,22,8478,5201,10191&pageNumber=1&pageSize=999&sortAsc=true&fromEventDate=2026-12-23&toEventDate=2026-12-25&isProtected&_t=1769649719093
2026-12-30	2027-01-01	316,133,425,300,58,437,22,8478,5201,10191	20260129012159	4043	https://www.cmegroup.com/services/trading-hours-by-product?id=316,133,425,300,58,437,22,8478,5201,10191&pageNumber=1&pageSize=999&sortAsc=true&fromEventDate=2026-12-30&toEventDate=2027-01-01&isProtected&_t=1769649719094
2025-11-26	2025-11-28	316,133,425,300,58,437,22,8478,5201,10191	20260129012200	4065	https://www.cmegroup.com/services/trading-hours-by-product?id=316,133,425,300,58,437,22,8478,5201,10191&pageNumber=1&pageSize=999&sortAsc=true&fromEventDate=2025-11-26&toEventDate=2025-11-28&isProtected&_t=1769649720551
2025-12-24	2025-12-26	316,133,425,300,58,437,22,8478,5201,10191	20260129012200	4008	https://www.cmegroup.com/services/trading-hours-by-product?id=316,133,425,300,58,437,22,8478,5201,10191&pageNumber=1&pageSize=999&sortAsc=true&fromEventDate=2025-12-24&toEventDate=2025-12-26&isProtected&_t=1769649720554
2025-12-31	2026-01-02	316,133,425,300,58,437,22,8478,5201,10191	20260129012200	4011	https://www.cmegroup.com/services/trading-hours-by-product?id=316,133,425,300,58,437,22,8478,5201,10191&pageNumber=1&pageSize=999&sortAsc=true&fromEventDate=2025-12-31&toEventDate=2026-01-02&isProtected&_t=1769649720555
2026-01-18	2026-01-20	316,133,425,300,58,437,22,8478,5201,10191	20260129012200	4002	https://www.cmegroup.com/services/trading-hours-by-product?id=316,133,425,300,58,437,22,8478,5201,10191&pageNumber=1&pageSize=999&sortAsc=true&fromEventDate=2026-01-18&toEventDate=2026-01-20&isProtected&_t=1769649720556
2026-02-15	2026-02-17	316,133,425,300,58,437,22,8478,5201,10191	20260129012200	3984	https://www.cmegroup.com/services/trading-hours-by-product?id=316,133,425,300,58,437,22,8478,5201,10191&pageNumber=1&pageSize=999&sortAsc=true&fromEventDate=2026-02-15&toEventDate=2026-02-17&isProtected&_t=1769649720557
2026-04-01	2026-04-03	316,133,425,300,58,437,22,8478,5201,10191	20260129012200	4064	https://www.cmegroup.com/services/trading-hours-by-product?id=316,133,425,300,58,437,22,8478,5201,10191&pageNumber=1&pageSize=999&sortAsc=true&fromEventDate=2026-04-01&toEventDate=2026-04-03&isProtected&_t=1769649720558
2026-05-24	2026-05-26	316,133,425,300,58,437,22,8478,5201,10191	20260129012200	3988	https://www.cmegroup.com/services/trading-hours-by-product?id=316,133,425,300,58,437,22,8478,5201,10191&pageNumber=1&pageSize=999&sortAsc=true&fromEventDate=2026-05-24&toEventDate=2026-05-26&isProtected&_t=1769649720559
2026-06-17	2026-06-19	316,133,425,300,58,437,22,8478,5201,10191	20260129012200	4061	https://www.cmegroup.com/services/trading-hours-by-product?id=316,133,425,300,58,437,22,8478,5201,10191&pageNumber=1&pageSize=999&sortAsc=true&fromEventDate=2026-06-17&toEventDate=2026-06-19&isProtected&_t=1769649720560
2026-07-02	2026-07-04	316,133,425,300,58,437,22,8478,5201,10191	20260129012200	3970	https://www.cmegroup.com/services/trading-hours-by-product?id=316,133,425,300,58,437,22,8478,5201,10191&pageNumber=1&pageSize=999&sortAsc=true&fromEventDate=2026-07-02&toEventDate=2026-07-04&isProtected&_t=1769649720561
2026-09-06	2026-09-08	316,133,425,300,58,437,22,8478,5201,10191	20260129012200	3997	https://www.cmegroup.com/services/trading-hours-by-product?id=316,133,425,300,58,437,22,8478,5201,10191&pageNumber=1&pageSize=999&sortAsc=true&fromEventDate=2026-09-06&toEventDate=2026-09-08&isProtected&_t=1769649720562
2026-11-25	2026-11-27	316,133,425,300,58,437,22,8478,5201,10191	20260129012200	4026	https://www.cmegroup.com/services/trading-hours-by-product?id=316,133,425,300,58,437,22,8478,5201,10191&pageNumber=1&pageSize=999&sortAsc=true&fromEventDate=2026-11-25&toEventDate=2026-11-27&isProtected&_t=1769649720563
2026-12-23	2026-12-25	316,133,425,300,58,437,22,8478,5201,10191	20260129012201	4005	https://www.cmegroup.com/services/trading-hours-by-product?id=316,133,425,300,58,437,22,8478,5201,10191&pageNumber=1&pageSize=999&sortAsc=true&fromEventDate=2026-12-23&toEventDate=2026-12-25&isProtected&_t=1769649720564
2026-12-30	2027-01-01	316,133,425,300,58,437,22,8478,5201,10191	20260129012201	4036	https://www.cmegroup.com/services/trading-hours-by-product?id=316,133,425,300,58,437,22,8478,5201,10191&pageNumber=1&pageSize=999&sortAsc=true&fromEventDate=2026-12-30&toEventDate=2027-01-01&isProtected&_t=1769649720564
2025-11-26	2025-11-28	316,133,425,300,58,437,22,8478,5201,10191	20260129012202	4066	https://www.cmegroup.com/services/trading-hours-by-product?id=316,133,425,300,58,437,22,8478,5201,10191&pageNumber=1&pageSize=999&sortAsc=true&fromEventDate=2025-11-26&toEventDate=2025-11-28&isProtected&_t=1769649722671
2025-12-24	2025-12-26	316,133,425,300,58,437,22,8478,5201,10191	20260129012202	4012	https://www.cmegroup.com/services/trading-hours-by-product?id=316,133,425,300,58,437,22,8478,5201,10191&pageNumber=1&pageSize=999&sortAsc=true&fromEventDate=2025-12-24&toEventDate=2025-12-26&isProtected&_t=1769649722672
2025-12-31	2026-01-02	316,133,425,300,58,437,22,8478,5201,10191	20260129012202	4021	https://www.cmegroup.com/services/trading-hours-by-product?id=316,133,425,300,58,437,22,8478,5201,10191&pageNumber=1&pageSize=999&sortAsc=true&fromEventDate=2025-12-31&toEventDate=2026-01-02&isProtected&_t=1769649722673
2026-01-18	2026-01-20	316,133,425,300,58,437,22,8478,5201,10191	20260129012202	4005	https://www.cmegroup.com/services/trading-hours-by-product?id=316,133,425,300,58,437,22,8478,5201,10191&pageNumber=1&pageSize=999&sortAsc=true&fromEventDate=2026-01-18&toEventDate=2026-01-20&isProtected&_t=1769649722674
2026-02-15	2026-02-17	316,133,425,300,58,437,22,8478,5201,10191	20260129012202	3991	https://www.cmegroup.com/services/trading-hours-by-product?id=316,133,425,300,58,437,22,8478,5201,10191&pageNumber=1&pageSize=999&sortAsc=true&fromEventDate=2026-02-15&toEventDate=2026-02-17&isProtected&_t=1769649722675
2026-04-01	2026-04-03	316,133,425,300,58,437,22,8478,5201,10191	20260129012202	4067	https://www.cmegroup.com/services/trading-hours-by-product?id=316,133,425,300,58,437,22,8478,5201,10191&pageNumber=1&pageSize=999&sortAsc=true&fromEventDate=2026-04-01&toEventDate=2026-04-03&isProtected&_t=1769649722676
2026-05-24	2026-05-26	316,133,425,300,58,437,22,8478,5201,10191	20260129012202	3988	https://www.cmegroup.com/services/trading-hours-by-product?id=316,133,425,300,58,437,22,8478,5201,10191&pageNumber=1&pageSize=999&sortAsc=true&fromEventDate=2026-05-24&toEventDate=2026-05-26&isProtected&_t=1769649722677
2026-06-17	2026-06-19	316,133,425,300,58,437,22,8478,5201,10191	20260129012202	4067	https://www.cmegroup.com/services/trading-hours-by-product?id=316,133,425,300,58,437,22,8478,5201,10191&pageNumber=1&pageSize=999&sortAsc=true&fromEventDate=2026-06-17&toEventDate=2026-06-19&isProtected&_t=1769649722677
2026-07-02	2026-07-04	316,133,425,300,58,437,22,8478,5201,10191	20260129012203	3973	https://www.cmegroup.com/services/trading-hours-by-product?id=316,133,425,300,58,437,22,8478,5201,10191&pageNumber=1&pageSize=999&sortAsc=true&fromEventDate=2026-07-02&toEventDate=2026-07-04&isProtected&_t=1769649722678
2026-09-06	2026-09-08	316,133,425,300,58,437,22,8478,5201,10191	20260129012203	4006	https://www.cmegroup.com/services/trading-hours-by-product?id=316,133,425,300,58,437,22,8478,5201,10191&pageNumber=1&pageSize=999&sortAsc=true&fromEventDate=2026-09-06&toEventDate=2026-09-08&isProtected&_t=1769649722679
2026-11-25	2026-11-27	316,133,425,300,58,437,22,8478,5201,10191	20260129012203	4029	https://www.cmegroup.com/services/trading-hours-by-product?id=316,133,425,300,58,437,22,8478,5201,10191&pageNumber=1&pageSize=999&sortAsc=true&fromEventDate=2026-11-25&toEventDate=2026-11-27&isProtected&_t=1769649722680
2026-12-23	2026-12-25	316,133,425,300,58,437,22,8478,5201,10191	20260129012203	4012	https://www.cmegroup.com/services/trading-hours-by-product?id=316,133,425,300,58,437,22,8478,5201,10191&pageNumber=1&pageSize=999&sortAsc=true&fromEventDate=2026-12-23&toEventDate=2026-12-25&isProtected&_t=1769649722680
2026-12-30	2027-01-01	316,133,425,300,58,437,22,8478,5201,10191	20260129012203	4046	https://www.cmegroup.com/services/trading-hours-by-product?id=316,133,425,300,58,437,22,8478,5201,10191&pageNumber=1&pageSize=999&sortAsc=true&fromEventDate=2026-12-30&toEventDate=2027-01-01&isProtected&_t=1769649722681
2025-11-26	2025-11-28	316,133,425,300,58,437,22,8478,5201,10191	20260129012203	4065	https://www.cmegroup.com/services/trading-hours-by-product?id=316,133,425,300,58,437,22,8478,5201,10191&pageNumber=1&pageSize=999&sortAsc=true&fromEventDate=2025-11-26&toEventDate=2025-11-28&isProtected&_t=1769649723168
2025-12-24	2025-12-26	316,133,425,300,58,437,22,8478,5201,10191	20260129012203	4014	https://www.cmegroup.com/services/trading-hours-by-product?id=316,133,425,300,58,437,22,8478,5201,10191&pageNumber=1&pageSize=999&sortAsc=true&fromEventDate=2025-12-24&toEventDate=2025-12-26&isProtected&_t=1769649723171
2025-12-31	2026-01-02	316,133,425,300,58,437,22,8478,5201,10191	20260129012203	4021	https://www.cmegroup.com/services/trading-hours-by-product?id=316,133,425,300,58,437,22,8478,5201,10191&pageNumber=1&pageSize=999&sortAsc=true&fromEventDate=2025-12-31&toEventDate=2026-01-02&isProtected&_t=1769649723173
2026-01-18	2026-01-20	316,133,425,300,58,437,22,8478,5201,10191	20260129012203	4001	https://www.cmegroup.com/services/trading-hours-by-product?id=316,133,425,300,58,437,22,8478,5201,10191&pageNumber=1&pageSize=999&sortAsc=true&fromEventDate=2026-01-18&toEventDate=2026-01-20&isProtected&_t=1769649723174
2026-02-15	2026-02-17	316,133,425,300,58,437,22,8478,5201,10191	20260129012203	3992	https://www.cmegroup.com/services/trading-hours-by-product?id=316,133,425,300,58,437,22,8478,5201,10191&pageNumber=1&pageSize=999&sortAsc=true&fromEventDate=2026-02-15&toEventDate=2026-02-17&isProtected&_t=1769649723175
2026-04-01	2026-04-03	316,133,425,300,58,437,22,8478,5201,10191	20260129012203	4066	https://www.cmegroup.com/services/trading-hours-by-product?id=316,133,425,300,58,437,22,8478,5201,10191&pageNumber=1&pageSize=999&sortAsc=true&fromEventDate=2026-04-01&toEventDate=2026-04-03&isProtected&_t=1769649723181
2026-05-24	2026-05-26	316,133,425,300,58,437,22,8478,5201,10191	20260129012203	3995	https://www.cmegroup.com/services/trading-hours-by-product?id=316,133,425,300,58,437,22,8478,5201,10191&pageNumber=1&pageSize=999&sortAsc=true&fromEventDate=2026-05-24&toEventDate=2026-05-26&isProtected&_t=1769649723184
2026-06-17	2026-06-19	316,133,425,300,58,437,22,8478,5201,10191	20260129012203	4062	https://www.cmegroup.com/services/trading-hours-by-product?id=316,133,425,300,58,437,22,8478,5201,10191&pageNumber=1&pageSize=999&sortAsc=true&fromEventDate=2026-06-17&toEventDate=2026-06-19&isProtected&_t=1769649723185
2026-07-02	2026-07-04	316,133,425,300,58,437,22,8478,5201,10191	20260129012203	3969	https://www.cmegroup.com/services/trading-hours-by-product?id=316,133,425,300,58,437,22,8478,5201,10191&pageNumber=1&pageSize=999&sortAsc=true&fromEventDate=2026-07-02&toEventDate=2026-07-04&isProtected&_t=1769649723187
2026-09-06	2026-09-08	316,133,425,300,58,437,22,8478,5201,10191	20260129012203	3994	https://www.cmegroup.com/services/trading-hours-by-product?id=316,133,425,300,58,437,22,8478,5201,10191&pageNumber=1&pageSize=999&sortAsc=true&fromEventDate=2026-09-06&toEventDate=2026-09-08&isProtected&_t=1769649723188
2026-11-25	2026-11-27	316,133,425,300,58,437,22,8478,5201,10191	20260129012203	4026	https://www.cmegroup.com/services/trading-hours-by-product?id=316,133,425,300,58,437,22,8478,5201,10191&pageNumber=1&pageSize=999&sortAsc=true&fromEventDate=2026-11-25&toEventDate=2026-11-27&isProtected&_t=1769649723189
2026-12-23	2026-12-25	316,133,425,300,58,437,22,8478,5201,10191	20260129012203	4003	https://www.cmegroup.com/services/trading-hours-by-product?id=316,133,425,300,58,437,22,8478,5201,10191&pageNumber=1&pageSize=999&sortAsc=true&fromEventDate=2026-12-23&toEventDate=2026-12-25&isProtected&_t=1769649723190
2026-12-30	2027-01-01	316,133,425,300,58,437,22,8478,5201,10191	20260129012203	4039	https://www.cmegroup.com/services/trading-hours-by-product?id=316,133,425,300,58,437,22,8478,5201,10191&pageNumber=1&pageSize=999&sortAsc=true&fromEventDate=2026-12-30&toEventDate=2027-01-01&isProtected&_t=1769649723191
2025-11-26	2025-11-28	316,133,425,300,58,437,22,8478,5201,10191	20260129012204	4057	https://www.cmegroup.com/services/trading-hours-by-product?id=316,133,425,300,58,437,22,8478,5201,10191&pageNumber=1&pageSize=999&sortAsc=true&fromEventDate=2025-11-26&toEventDate=2025-11-28&isProtected&_t=1769649724407
2025-12-24	2025-12-26	316,133,425,300,58,437,22,8478,5201,10191	20260129012204	4011	https://www.cmegroup.com/services/trading-hours-by-product?id=316,133,425,300,58,437,22,8478,5201,10191&pageNumber=1&pageSize=999&sortAsc=true&fromEventDate=2025-12-24&toEventDate=2025-12-26&isProtected&_t=1769649724412
2025-12-31	2026-01-02	316,133,425,300,58,437,22,8478,5201,10191	20260129012204	4021	https://www.cmegroup.com/services/trading-hours-by-product?id=316,133,425,300,58,437,22,8478,5201,10191&pageNumber=1&pageSize=999&sortAsc=true&fromEventDate=2025-12-31&toEventDate=2026-01-02&isProtected&_t=1769649724413
2026-01-18	2026-01-20	316,133,425,300,58,437,22,8478,5201,10191	20260129012204	4001	https://www.cmegroup.com/services/trading-hours-by-product?id=316,133,425,300,58,437,22,8478,5201,10191&pageNumber=1&pageSize=999&sortAsc=true&fromEventDate=2026-01-18&toEventDate=2026-01-20&isProtected&_t=1769649724415
2026-02-15	2026-02-17	316,133,425,300,58,437,22,8478,5201,10191	20260129012204	3986	https://www.cmegroup.com/services/trading-hours-by-product?id=316,133,425,300,58,437,22,8478,5201,10191&pageNumber=1&pageSize=999&sortAsc=true&fromEventDate=2026-02-15&toEventDate=2026-02-17&isProtected&_t=1769649724416
2026-04-01	2026-04-03	316,133,425,300,58,437,22,8478,5201,10191	20260129012204	4075	https://www.cmegroup.com/services/trading-hours-by-product?id=316,133,425,300,58,437,22,8478,5201,10191&pageNumber=1&pageSize=999&sortAsc=true&fromEventDate=2026-04-01&toEventDate=2026-04-03&isProtected&_t=1769649724417
2026-05-24	2026-05-26	316,133,425,300,58,437,22,8478,5201,10191	20260129012204	3988	https://www.cmegroup.com/services/trading-hours-by-product?id=316,133,425,300,58,437,22,8478,5201,10191&pageNumber=1&pageSize=999&sortAsc=true&fromEventDate=2026-05-24&toEventDate=2026-05-26&isProtected&_t=1769649724418
2026-06-17	2026-06-19	316,133,425,300,58,437,22,8478,5201,10191	20260129012204	4066	https://www.cmegroup.com/services/trading-hours-by-product?id=316,133,425,300,58,437,22,8478,5201,10191&pageNumber=1&pageSize=999&sortAsc=true&fromEventDate=2026-06-17&toEventDate=2026-06-19&isProtected&_t=1769649724419
2026-07-02	2026-07-04	316,133,425,300,58,437,22,8478,5201,10191	20260129012204	3967	https://www.cmegroup.com/services/trading-hours-by-product?id=316,133,425,300,58,437,22,8478,5201,10191&pageNumber=1&pageSize=999&sortAsc=true&fromEventDate=2026-07-02&toEventDate=2026-07-04&isProtected&_t=1769649724420
2026-09-06	2026-09-08	316,133,425,300,58,437,22,8478,5201,10191	20260129012204	3992	https://www.cmegroup.com/services/trading-hours-by-product?id=316,133,425,300,58,437,22,8478,5201,10191&pageNumber=1&pageSize=999&sortAsc=true&fromEventDate=2026-09-06&toEventDate=2026-09-08&isProtected&_t=1769649724421
2026-11-25	2026-11-27	316,133,425,300,58,437,22,8478,5201,10191	20260129012204	4031	https://www.cmegroup.com/services/trading-hours-by-product?id=316,133,425,300,58,437,22,8478,5201,10191&pageNumber=1&pageSize=999&sortAsc=true&fromEventDate=2026-11-25&toEventDate=2026-11-27&isProtected&_t=1769649724422
2026-12-23	2026-12-25	316,133,425,300,58,437,22,8478,5201,10191	20260129012204	4004	https://www.cmegroup.com/services/trading-hours-by-product?id=316,133,425,300,58,437,22,8478,5201,10191&pageNumber=1&pageSize=999&sortAsc=true&fromEventDate=2026-12-23&toEventDate=2026-12-25&isProtected&_t=1769649724423
2026-12-30	2027-01-01	316,133,425,300,58,437,22,8478,5201,10191	20260129012205	4040	https://www.cmegroup.com/services/trading-hours-by-product?id=316,133,425,300,58,437,22,8478,5201,10191&pageNumber=1&pageSize=999&sortAsc=true&fromEventDate=2026-12-30&toEventDate=2027-01-01&isProtected&_t=1769649724424
2025-11-26	2025-11-28	316,133,425,300,58,437,22,8478,5201,10191	20260129012208	4060	https://www.cmegroup.com/services/trading-hours-by-product?id=316,133,425,300,58,437,22,8478,5201,10191&pageNumber=1&pageSize=999&sortAsc=true&fromEventDate=2025-11-26&toEventDate=2025-11-28&isProtected&_t=1769649728260
2025-12-24	2025-12-26	316,133,425,300,58,437,22,8478,5201,10191	20260129012208	4004	https://www.cmegroup.com/services/trading-hours-by-product?id=316,133,425,300,58,437,22,8478,5201,10191&pageNumber=1&pageSize=999&sortAsc=true&fromEventDate=2025-12-24&toEventDate=2025-12-26&isProtected&_t=1769649728276
2025-12-31	2026-01-02	316,133,425,300,58,437,22,8478,5201,10191	20260129012208	4019	https://www.cmegroup.com/services/trading-hours-by-product?id=316,133,425,300,58,437,22,8478,5201,10191&pageNumber=1&pageSize=999&sortAsc=true&fromEventDate=2025-12-31&toEventDate=2026-01-02&isProtected&_t=1769649728278
2026-01-18	2026-01-20	316,133,425,300,58,437,22,8478,5201,10191	20260129012208	3998	https://www.cmegroup.com/services/trading-hours-by-product?id=316,133,425,300,58,437,22,8478,5201,10191&pageNumber=1&pageSize=999&sortAsc=true&fromEventDate=2026-01-18&toEventDate=2026-01-20&isProtected&_t=1769649728280
2026-02-15	2026-02-17	316,133,425,300,58,437,22,8478,5201,10191	20260129012208	3992	https://www.cmegroup.com/services/trading-hours-by-product?id=316,133,425,300,58,437,22,8478,5201,10191&pageNumber=1&pageSize=999&sortAsc=true&fromEventDate=2026-02-15&toEventDate=2026-02-17&isProtected&_t=1769649728286
2026-04-01	2026-04-03	316,133,425,300,58,437,22,8478,5201,10191	20260129012208	4066	https://www.cmegroup.com/services/trading-hours-by-product?id=316,133,425,300,58,437,22,8478,5201,10191&pageNumber=1&pageSize=999&sortAsc=true&fromEventDate=2026-04-01&toEventDate=2026-04-03&isProtected&_t=1769649728288
2026-05-24	2026-05-26	316,133,425,300,58,437,22,8478,5201,10191	20260129012208	3992	https://www.cmegroup.com/services/trading-hours-by-product?id=316,133,425,300,58,437,22,8478,5201,10191&pageNumber=1&pageSize=999&sortAsc=true&fromEventDate=2026-05-24&toEventDate=2026-05-26&isProtected&_t=1769649728292
2026-06-17	2026-06-19	316,133,425,300,58,437,22,8478,5201,10191	20260129012208	4060	https://www.cmegroup.com/services/trading-hours-by-product?id=316,133,425,300,58,437,22,8478,5201,10191&pageNumber=1&pageSize=999&sortAsc=true&fromEventDate=2026-06-17&toEventDate=2026-06-19&isProtected&_t=1769649728293
2026-07-02	2026-07-04	316,133,425,300,58,437,22,8478,5201,10191	20260129012208	3971	https://www.cmegroup.com/services/trading-hours-by-product?id=316,133,425,300,58,437,22,8478,5201,10191&pageNumber=1&pageSize=999&sortAsc=true&fromEventDate=2026-07-02&toEventDate=2026-07-04&isProtected&_t=1769649728295
2026-09-06	2026-09-08	316,133,425,300,58,437,22,8478,5201,10191	20260129012208	3995	https://www.cmegroup.com/services/trading-hours-by-product?id=316,133,425,300,58,437,22,8478,5201,10191&pageNumber=1&pageSize=999&sortAsc=true&fromEventDate=2026-09-06&toEventDate=2026-09-08&isProtected&_t=1769649728296
2026-11-25	2026-11-27	316,133,425,300,58,437,22,8478,5201,10191	20260129012208	4021	https://www.cmegroup.com/services/trading-hours-by-product?id=316,133,425,300,58,437,22,8478,5201,10191&pageNumber=1&pageSize=999&sortAsc=true&fromEventDate=2026-11-25&toEventDate=2026-11-27&isProtected&_t=1769649728297
2026-12-23	2026-12-25	316,133,425,300,58,437,22,8478,5201,10191	20260129012208	4003	https://www.cmegroup.com/services/trading-hours-by-product?id=316,133,425,300,58,437,22,8478,5201,10191&pageNumber=1&pageSize=999&sortAsc=true&fromEventDate=2026-12-23&toEventDate=2026-12-25&isProtected&_t=1769649728298
2026-12-30	2027-01-01	316,133,425,300,58,437,22,8478,5201,10191	20260129012208	4041	https://www.cmegroup.com/services/trading-hours-by-product?id=316,133,425,300,58,437,22,8478,5201,10191&pageNumber=1&pageSize=999&sortAsc=true&fromEventDate=2026-12-30&toEventDate=2027-01-01&isProtected&_t=1769649728299
2025-11-26	2025-11-28	316,133,425,300,58,437,22,8478,5201,10191	20260129012208	4066	https://www.cmegroup.com/services/trading-hours-by-product?id=316,133,425,300,58,437,22,8478,5201,10191&pageNumber=1&pageSize=999&sortAsc=true&fromEventDate=2025-11-26&toEventDate=2025-11-28&isProtected&_t=1769649728420
2025-12-24	2025-12-26	316,133,425,300,58,437,22,8478,5201,10191	20260129012208	4008	https://www.cmegroup.com/services/trading-hours-by-product?id=316,133,425,300,58,437,22,8478,5201,10191&pageNumber=1&pageSize=999&sortAsc=true&fromEventDate=2025-12-24&toEventDate=2025-12-26&isProtected&_t=1769649728424
2025-12-31	2026-01-02	316,133,425,300,58,437,22,8478,5201,10191	20260129012208	4021	https://www.cmegroup.com/services/trading-hours-by-product?id=316,133,425,300,58,437,22,8478,5201,10191&pageNumber=1&pageSize=999&sortAsc=true&fromEventDate=2025-12-31&toEventDate=2026-01-02&isProtected&_t=1769649728425
2026-01-18	2026-01-20	316,133,425,300,58,437,22,8478,5201,10191	20260129012208	4001	https://www.cmegroup.com/services/trading-hours-by-product?id=316,133,425,300,58,437,22,8478,5201,10191&pageNumber=1&pageSize=999&sortAsc=true&fromEventDate=2026-01-18&toEventDate=2026-01-20&isProtected&_t=1769649728427
2026-02-15	2026-02-17	316,133,425,300,58,437,22,8478,5201,10191	20260129012208	3990	https://www.cmegroup.com/services/trading-hours-by-product?id=316,133,425,300,58,437,22,8478,5201,10191&pageNumber=1&pageSize=999&sortAsc=true&fromEventDate=2026-02-15&toEventDate=2026-02-17&isProtected&_t=1769649728428
2026-04-01	2026-04-03	316,133,425,300,58,437,22,8478,5201,10191	20260129012208	4070	https://www.cmegroup.com/services/trading-hours-by-product?id=316,133,425,300,58,437,22,8478,5201,10191&pageNumber=1&pageSize=999&sortAsc=true&fromEventDate=2026-04-01&toEventDate=2026-04-03&isProtected&_t=1769649728430
2026-05-24	2026-05-26	316,133,425,300,58,437,22,8478,5201,10191	20260129012208	3995	https://www.cmegroup.com/services/trading-hours-by-product?id=316,133,425,300,58,437,22,8478,5201,10191&pageNumber=1&pageSize=999&sortAsc=true&fromEventDate=2026-05-24&toEventDate=2026-05-26&isProtected&_t=1769649728431
2026-06-17	2026-06-19	316,133,425,300,58,437,22,8478,5201,10191	20260129012208	4062	https://www.cmegroup.com/services/trading-hours-by-product?id=316,133,425,300,58,437,22,8478,5201,10191&pageNumber=1&pageSize=999&sortAsc=true&fromEventDate=2026-06-17&toEventDate=2026-06-19&isProtected&_t=1769649728433
2026-07-02	2026-07-04	316,133,425,300,58,437,22,8478,5201,10191	20260129012208	3971	https://www.cmegroup.com/services/trading-hours-by-product?id=316,133,425,300,58,437,22,8478,5201,10191&pageNumber=1&pageSize=999&sortAsc=true&fromEventDate=2026-07-02&toEventDate=2026-07-04&isProtected&_t=1769649728434
2026-09-06	2026-09-08	316,133,425,300,58,437,22,8478,5201,10191	20260129012209	3987	https://www.cmegroup.com/services/trading-hours-by-product?id=316,133,425,300,58,437,22,8478,5201,10191&pageNumber=1&pageSize=999&sortAsc=true&fromEventDate=2026-09-06&toEventDate=2026-09-08&isProtected&_t=1769649728435
2026-11-25	2026-11-27	316,133,425,300,58,437,22,8478,5201,10191	20260129012209	4029	https://www.cmegroup.com/services/trading-hours-by-product?id=316,133,425,300,58,437,22,8478,5201,10191&pageNumber=1&pageSize=999&sortAsc=true&fromEventDate=2026-11-25&toEventDate=2026-11-27&isProtected&_t=1769649728436
2026-12-23	2026-12-25	316,133,425,300,58,437,22,8478,5201,10191	20260129012209	4013	https://www.cmegroup.com/services/trading-hours-by-product?id=316,133,425,300,58,437,22,8478,5201,10191&pageNumber=1&pageSize=999&sortAsc=true&fromEventDate=2026-12-23&toEventDate=2026-12-25&isProtected&_t=1769649728438
2026-12-30	2027-01-01	316,133,425,300,58,437,22,8478,5201,10191	20260129012209	4049	https://www.cmegroup.com/services/trading-hours-by-product?id=316,133,425,300,58,437,22,8478,5201,10191&pageNumber=1&pageSize=999&sortAsc=true&fromEventDate=2026-12-30&toEventDate=2027-01-01&isProtected&_t=1769649728439
2025-11-26	2025-11-28	316,133,425,300,58,437,22,8478,5201,10191	20260129012214	4060	https://www.cmegroup.com/services/trading-hours-by-product?id=316,133,425,300,58,437,22,8478,5201,10191&pageNumber=1&pageSize=999&sortAsc=true&fromEventDate=2025-11-26&toEventDate=2025-11-28&isProtected&_t=1769649734292
2025-12-24	2025-12-26	316,133,425,300,58,437,22,8478,5201,10191	20260129012214	3999	https://www.cmegroup.com/services/trading-hours-by-product?id=316,133,425,300,58,437,22,8478,5201,10191&pageNumber=1&pageSize=999&sortAsc=true&fromEventDate=2025-12-24&toEventDate=2025-12-26&isProtected&_t=1769649734297
2025-12-31	2026-01-02	316,133,425,300,58,437,22,8478,5201,10191	20260129012214	4022	https://www.cmegroup.com/services/trading-hours-by-product?id=316,133,425,300,58,437,22,8478,5201,10191&pageNumber=1&pageSize=999&sortAsc=true&fromEventDate=2025-12-31&toEventDate=2026-01-02&isProtected&_t=1769649734299
2026-01-18	2026-01-20	316,133,425,300,58,437,22,8478,5201,10191	20260129012214	4005	https://www.cmegroup.com/services/trading-hours-by-product?id=316,133,425,300,58,437,22,8478,5201,10191&pageNumber=1&pageSize=999&sortAsc=true&fromEventDate=2026-01-18&toEventDate=2026-01-20&isProtected&_t=1769649734300
2026-02-15	2026-02-17	316,133,425,300,58,437,22,8478,5201,10191	20260129012214	3994	https://www.cmegroup.com/services/trading-hours-by-product?id=316,133,425,300,58,437,22,8478,5201,10191&pageNumber=1&pageSize=999&sortAsc=true&fromEventDate=2026-02-15&toEventDate=2026-02-17&isProtected&_t=1769649734301
2026-04-01	2026-04-03	316,133,425,300,58,437,22,8478,5201,10191	20260129012214	4068	https://www.cmegroup.com/services/trading-hours-by-product?id=316,133,425,300,58,437,22,8478,5201,10191&pageNumber=1&pageSize=999&sortAsc=true&fromEventDate=2026-04-01&toEventDate=2026-04-03&isProtected&_t=1769649734302
2026-05-24	2026-05-26	316,133,425,300,58,437,22,8478,5201,10191	20260129012214	3993	https://www.cmegroup.com/services/trading-hours-by-product?id=316,133,425,300,58,437,22,8478,5201,10191&pageNumber=1&pageSize=999&sortAsc=true&fromEventDate=2026-05-24&toEventDate=2026-05-26&isProtected&_t=1769649734304
2026-06-17	2026-06-19	316,133,425,300,58,437,22,8478,5201,10191	20260129012214	4064	https://www.cmegroup.com/services/trading-hours-by-product?id=316,133,425,300,58,437,22,8478,5201,10191&pageNumber=1&pageSize=999&sortAsc=true&fromEventDate=2026-06-17&toEventDate=2026-06-19&isProtected&_t=1769649734306
2026-07-02	2026-07-04	316,133,425,300,58,437,22,8478,5201,10191	20260129012214	3974	https://www.cmegroup.com/services/trading-hours-by-product?id=316,133,425,300,58,437,22,8478,5201,10191&pageNumber=1&pageSize=999&sortAsc=true&fromEventDate=2026-07-02&toEventDate=2026-07-04&isProtected&_t=1769649734307
2026-09-06	2026-09-08	316,133,425,300,58,437,22,8478,5201,10191	20260129012214	3993	https://www.cmegroup.com/services/trading-hours-by-product?id=316,133,425,300,58,437,22,8478,5201,10191&pageNumber=1&pageSize=999&sortAsc=true&fromEventDate=2026-09-06&toEventDate=2026-09-08&isProtected&_t=1769649734309
2026-11-25	2026-11-27	316,133,425,300,58,437,22,8478,5201,10191	20260129012214	4030	https://www.cmegroup.com/services/trading-hours-by-product?id=316,133,425,300,58,437,22,8478,5201,10191&pageNumber=1&pageSize=999&sortAsc=true&fromEventDate=2026-11-25&toEventDate=2026-11-27&isProtected&_t=1769649734310
2026-12-23	2026-12-25	316,133,425,300,58,437,22,8478,5201,10191	20260129012215	4013	https://www.cmegroup.com/services/trading-hours-by-product?id=316,133,425,300,58,437,22,8478,5201,10191&pageNumber=1&pageSize=999&sortAsc=true&fromEventDate=2026-12-23&toEventDate=2026-12-25&isProtected&_t=1769649734312
2026-12-30	2027-01-01	316,133,425,300,58,437,22,8478,5201,10191	20260129012215	4044	https://www.cmegroup.com/services/trading-hours-by-product?id=316,133,425,300,58,437,22,8478,5201,10191&pageNumber=1&pageSize=999&sortAsc=true&fromEventDate=2026-12-30&toEventDate=2027-01-01&isProtected&_t=1769649734314
2025-11-26	2025-11-28	316,133,425,300,58,437,22,8478,5201,10191	20260129012215	4063	https://www.cmegroup.com/services/trading-hours-by-product?id=316,133,425,300,58,437,22,8478,5201,10191&pageNumber=1&pageSize=999&sortAsc=true&fromEventDate=2025-11-26&toEventDate=2025-11-28&isProtected&_t=1769649735761
2025-12-24	2025-12-26	316,133,425,300,58,437,22,8478,5201,10191	20260129012215	4010	https://www.cmegroup.com/services/trading-hours-by-product?id=316,133,425,300,58,437,22,8478,5201,10191&pageNumber=1&pageSize=999&sortAsc=true&fromEventDate=2025-12-24&toEventDate=2025-12-26&isProtected&_t=1769649735763
2025-12-31	2026-01-02	316,133,425,300,58,437,22,8478,5201,10191	20260129012215	4022	https://www.cmegroup.com/services/trading-hours-by-product?id=316,133,425,300,58,437,22,8478,5201,10191&pageNumber=1&pageSize=999&sortAsc=true&fromEventDate=2025-12-31&toEventDate=2026-01-02&isProtected&_t=1769649735765
2026-01-18	2026-01-20	316,133,425,300,58,437,22,8478,5201,10191	20260129012215	4003	https://www.cmegroup.com/services/trading-hours-by-product?id=316,133,425,300,58,437,22,8478,5201,10191&pageNumber=1&pageSize=999&sortAsc=true&fromEventDate=2026-01-18&toEventDate=2026-01-20&isProtected&_t=1769649735765
2026-02-15	2026-02-17	316,133,425,300,58,437,22,8478,5201,10191	20260129012215	3998	https://www.cmegroup.com/services/trading-hours-by-product?id=316,133,425,300,58,437,22,8478,5201,10191&pageNumber=1&pageSize=999&sortAsc=true&fromEventDate=2026-02-15&toEventDate=2026-02-17&isProtected&_t=1769649735766
2026-04-01	2026-04-03	316,133,425,300,58,437,22,8478,5201,10191	20260129012215	4076	https://www.cmegroup.com/services/trading-hours-by-product?id=316,133,425,300,58,437,22,8478,5201,10191&pageNumber=1&pageSize=999&sortAsc=true&fromEventDate=2026-04-01&toEventDate=2026-04-03&isProtected&_t=1769649735767
2026-05-24	2026-05-26	316,133,425,300,58,437,22,8478,5201,10191	20260129012216	3990	https://www.cmegroup.com/services/trading-hours-by-product?id=316,133,425,300,58,437,22,8478,5201,10191&pageNumber=1&pageSize=999&sortAsc=true&fromEventDate=2026-05-24&toEventDate=2026-05-26&isProtected&_t=1769649735768
2026-06-17	2026-06-19	316,133,425,300,58,437,22,8478,5201,10191	20260129012216	4073	https://www.cmegroup.com/services/trading-hours-by-product?id=316,133,425,300,58,437,22,8478,5201,10191&pageNumber=1&pageSize=999&sortAsc=true&fromEventDate=2026-06-17&toEventDate=2026-06-19&isProtected&_t=1769649735769
2026-07-02	2026-07-04	316,133,425,300,58,437,22,8478,5201,10191	20260129012216	3982	https://www.cmegroup.com/services/trading-hours-by-product?id=316,133,425,300,58,437,22,8478,5201,10191&pageNumber=1&pageSize=999&sortAsc=true&fromEventDate=2026-07-02&toEventDate=2026-07-04&isProtected&_t=1769649735770
2026-09-06	2026-09-08	316,133,425,300,58,437,22,8478,5201,10191	20260129012216	3990	https://www.cmegroup.com/services/trading-hours-by-product?id=316,133,425,300,58,437,22,8478,5201,10191&pageNumber=1&pageSize=999&sortAsc=true&fromEventDate=2026-09-06&toEventDate=2026-09-08&isProtected&_t=1769649735770
2026-11-25	2026-11-27	316,133,425,300,58,437,22,8478,5201,10191	20260129012216	4031	https://www.cmegroup.com/services/trading-hours-by-product?id=316,133,425,300,58,437,22,8478,5201,10191&pageNumber=1&pageSize=999&sortAsc=true&fromEventDate=2026-11-25&toEventDate=2026-11-27&isProtected&_t=1769649735771
2026-12-23	2026-12-25	316,133,425,300,58,437,22,8478,5201,10191	20260129012216	4007	https://www.cmegroup.com/services/trading-hours-by-product?id=316,133,425,300,58,437,22,8478,5201,10191&pageNumber=1&pageSize=999&sortAsc=true&fromEventDate=2026-12-23&toEventDate=2026-12-25&isProtected&_t=1769649735772
2026-12-30	2027-01-01	316,133,425,300,58,437,22,8478,5201,10191	20260129012216	4039	https://www.cmegroup.com/services/trading-hours-by-product?id=316,133,425,300,58,437,22,8478,5201,10191&pageNumber=1&pageSize=999&sortAsc=true&fromEventDate=2026-12-30&toEventDate=2027-01-01&isProtected&_t=1769649735773
2025-11-26	2025-11-28	316,133,425,300,58,437,22,8478,5201,10191	20260129012253	4064	https://www.cmegroup.com/services/trading-hours-by-product?id=316,133,425,300,58,437,22,8478,5201,10191&pageNumber=1&pageSize=999&sortAsc=true&fromEventDate=2025-11-26&toEventDate=2025-11-28&isProtected&_t=1769649772987
2025-12-24	2025-12-26	316,133,425,300,58,437,22,8478,5201,10191	20260129012253	4013	https://www.cmegroup.com/services/trading-hours-by-product?id=316,133,425,300,58,437,22,8478,5201,10191&pageNumber=1&pageSize=999&sortAsc=true&fromEventDate=2025-12-24&toEventDate=2025-12-26&isProtected&_t=1769649772990
2025-12-31	2026-01-02	316,133,425,300,58,437,22,8478,5201,10191	20260129012253	4021	https://www.cmegroup.com/services/trading-hours-by-product?id=316,133,425,300,58,437,22,8478,5201,10191&pageNumber=1&pageSize=999&sortAsc=true&fromEventDate=2025-12-31&toEventDate=2026-01-02&isProtected&_t=1769649772992
2026-01-18	2026-01-20	316,133,425,300,58,437,22,8478,5201,10191	20260129012253	4005	https://www.cmegroup.com/services/trading-hours-by-product?id=316,133,425,300,58,437,22,8478,5201,10191&pageNumber=1&pageSize=999&sortAsc=true&fromEventDate=2026-01-18&toEventDate=2026-01-20&isProtected&_t=1769649772994
2026-02-15	2026-02-17	316,133,425,300,58,437,22,8478,5201,10191	20260129012253	3989	https://www.cmegroup.com/services/trading-hours-by-product?id=316,133,425,300,58,437,22,8478,5201,10191&pageNumber=1&pageSize=999&sortAsc=true&fromEventDate=2026-02-15&toEventDate=2026-02-17&isProtected&_t=1769649772995
2026-04-01	2026-04-03	316,133,425,300,58,437,22,8478,5201,10191	20260129012253	4074	https://www.cmegroup.com/services/trading-hours-by-product?id=316,133,425,300,58,437,22,8478,5201,10191&pageNumber=1&pageSize=999&sortAsc=true&fromEventDate=2026-04-01&toEventDate=2026-04-03&isProtected&_t=1769649772997
2026-05-24	2026-05-26	316,133,425,300,58,437,22,8478,5201,10191	20260129012253	3995	https://www.cmegroup.com/services/trading-hours-by-product?id=316,133,425,300,58,437,22,8478,5201,10191&pageNumber=1&pageSize=999&sortAsc=true&fromEventDate=2026-05-24&toEventDate=2026-05-26&isProtected&_t=1769649772998
2026-06-17	2026-06-19	316,133,425,300,58,437,22,8478,5201,10191	20260129012253	4059	https://www.cmegroup.com/services/trading-hours-by-product?id=316,133,425,300,58,437,22,8478,5201,10191&pageNumber=1&pageSize=999&sortAsc=true&fromEventDate=2026-06-17&toEventDate=2026-06-19&isProtected&_t=1769649772999
2026-07-02	2026-07-04	316,133,425,300,58,437,22,8478,5201,10191	20260129012253	3966	https://www.cmegroup.com/services/trading-hours-by-product?id=316,133,425,300,58,437,22,8478,5201,10191&pageNumber=1&pageSize=999&sortAsc=true&fromEventDate=2026-07-02&toEventDate=2026-07-04&isProtected&_t=1769649773000
2026-09-06	2026-09-08	316,133,425,300,58,437,22,8478,5201,10191	20260129012253	3993	https://www.cmegroup.com/services/trading-hours-by-product?id=316,133,425,300,58,437,22,8478,5201,10191&pageNumber=1&pageSize=999&sortAsc=true&fromEventDate=2026-09-06&toEventDate=2026-09-08&isProtected&_t=1769649773001
2026-11-25	2026-11-27	316,133,425,300,58,437,22,8478,5201,10191	20260129012253	4022	https://www.cmegroup.com/services/trading-hours-by-product?id=316,133,425,300,58,437,22,8478,5201,10191&pageNumber=1&pageSize=999&sortAsc=true&fromEventDate=2026-11-25&toEventDate=2026-11-27&isProtected&_t=1769649773002
2026-12-23	2026-12-25	316,133,425,300,58,437,22,8478,5201,10191	20260129012253	4000	https://www.cmegroup.com/services/trading-hours-by-product?id=316,133,425,300,58,437,22,8478,5201,10191&pageNumber=1&pageSize=999&sortAsc=true&fromEventDate=2026-12-23&toEventDate=2026-12-25&isProtected&_t=1769649773004
2026-12-30	2027-01-01	316,133,425,300,58,437,22,8478,5201,10191	20260129012253	4036	https://www.cmegroup.com/services/trading-hours-by-product?id=316,133,425,300,58,437,22,8478,5201,10191&pageNumber=1&pageSize=999&sortAsc=true&fromEventDate=2026-12-30&toEventDate=2027-01-01&isProtected&_t=1769649773005
2025-11-26	2025-11-28	316,133,425,300,58,437,22,8478,5201,10191	20260129012253	4057	https://www.cmegroup.com/services/trading-hours-by-product?id=316,133,425,300,58,437,22,8478,5201,10191&pageNumber=1&pageSize=999&sortAsc=true&fromEventDate=2025-11-26&toEventDate=2025-11-28&isProtected&_t=1769649773086
2025-12-24	2025-12-26	316,133,425,300,58,437,22,8478,5201,10191	20260129012253	4002	https://www.cmegroup.com/services/trading-hours-by-product?id=316,133,425,300,58,437,22,8478,5201,10191&pageNumber=1&pageSize=999&sortAsc=true&fromEventDate=2025-12-24&toEventDate=2025-12-26&isProtected&_t=1769649773091
2025-12-31	2026-01-02	316,133,425,300,58,437,22,8478,5201,10191	20260129012253	4020	https://www.cmegroup.com/services/trading-hours-by-product?id=316,133,425,300,58,437,22,8478,5201,10191&pageNumber=1&pageSize=999&sortAsc=true&fromEventDate=2025-12-31&toEventDate=2026-01-02&isProtected&_t=1769649773093
2026-01-18	2026-01-20	316,133,425,300,58,437,22,8478,5201,10191	20260129012253	3999	https://www.cmegroup.com/services/trading-hours-by-product?id=316,133,425,300,58,437,22,8478,5201,10191&pageNumber=1&pageSize=999&sortAsc=true&fromEventDate=2026-01-18&toEventDate=2026-01-20&isProtected&_t=1769649773095
2026-02-15	2026-02-17	316,133,425,300,58,437,22,8478,5201,10191	20260129012253	3992	https://www.cmegroup.com/services/trading-hours-by-product?id=316,133,425,300,58,437,22,8478,5201,10191&pageNumber=1&pageSize=999&sortAsc=true&fromEventDate=2026-02-15&toEventDate=2026-02-17&isProtected&_t=1769649773096
2026-04-01	2026-04-03	316,133,425,300,58,437,22,8478,5201,10191	20260129012253	4069	https://www.cmegroup.com/services/trading-hours-by-product?id=316,133,425,300,58,437,22,8478,5201,10191&pageNumber=1&pageSize=999&sortAsc=true&fromEventDate=2026-04-01&toEventDate=2026-04-03&isProtected&_t=1769649773097
2026-05-24	2026-05-26	316,133,425,300,58,437,22,8478,5201,10191	20260129012253	3990	https://www.cmegroup.com/services/trading-hours-by-product?id=316,133,425,300,58,437,22,8478,5201,10191&pageNumber=1&pageSize=999&sortAsc=true&fromEventDate=2026-05-24&toEventDate=2026-05-26&isProtected&_t=1769649773099
2026-06-17	2026-06-19	316,133,425,300,58,437,22,8478,5201,10191	20260129012253	4060	https://www.cmegroup.com/services/trading-hours-by-product?id=316,133,425,300,58,437,22,8478,5201,10191&pageNumber=1&pageSize=999&sortAsc=true&fromEventDate=2026-06-17&toEventDate=2026-06-19&isProtected&_t=1769649773100
2026-07-02	2026-07-04	316,133,425,300,58,437,22,8478,5201,10191	20260129012253	3969	https://www.cmegroup.com/services/trading-hours-by-product?id=316,133,425,300,58,437,22,8478,5201,10191&pageNumber=1&pageSize=999&sortAsc=true&fromEventDate=2026-07-02&toEventDate=2026-07-04&isProtected&_t=1769649773102
2026-09-06	2026-09-08	316,133,425,300,58,437,22,8478,5201,10191	20260129012253	3999	https://www.cmegroup.com/services/trading-hours-by-product?id=316,133,425,300,58,437,22,8478,5201,10191&pageNumber=1&pageSize=999&sortAsc=true&fromEventDate=2026-09-06&toEventDate=2026-09-08&isProtected&_t=1769649773103
2026-11-25	2026-11-27	316,133,425,300,58,437,22,8478,5201,10191	20260129012253	4028	https://www.cmegroup.com/services/trading-hours-by-product?id=316,133,425,300,58,437,22,8478,5201,10191&pageNumber=1&pageSize=999&sortAsc=true&fromEventDate=2026-11-25&toEventDate=2026-11-27&isProtected&_t=1769649773104
2026-12-23	2026-12-25	316,133,425,300,58,437,22,8478,5201,10191	20260129012253	4005	https://www.cmegroup.com/services/trading-hours-by-product?id=316,133,425,300,58,437,22,8478,5201,10191&pageNumber=1&pageSize=999&sortAsc=true&fromEventDate=2026-12-23&toEventDate=2026-12-25&isProtected&_t=1769649773106
2026-12-30	2027-01-01	316,133,425,300,58,437,22,8478,5201,10191	20260129012253	4038	https://www.cmegroup.com/services/trading-hours-by-product?id=316,133,425,300,58,437,22,8478,5201,10191&pageNumber=1&pageSize=999&sortAsc=true&fromEventDate=2026-12-30&toEventDate=2027-01-01&isProtected&_t=1769649773107
2025-11-26	2025-11-28	316,133,425,300,58,437,22,8478,5201,10191	20260129012255	4060	https://www.cmegroup.com/services/trading-hours-by-product?id=316,133,425,300,58,437,22,8478,5201,10191&pageNumber=1&pageSize=999&sortAsc=true&fromEventDate=2025-11-26&toEventDate=2025-11-28&isProtected&_t=1769649775215
2025-12-24	2025-12-26	316,133,425,300,58,437,22,8478,5201,10191	20260129012255	4003	https://www.cmegroup.com/services/trading-hours-by-product?id=316,133,425,300,58,437,22,8478,5201,10191&pageNumber=1&pageSize=999&sortAsc=true&fromEventDate=2025-12-24&toEventDate=2025-12-26&isProtected&_t=1769649775218
2025-12-31	2026-01-02	316,133,425,300,58,437,22,8478,5201,10191	20260129012255	4017	https://www.cmegroup.com/services/trading-hours-by-product?id=316,133,425,300,58,437,22,8478,5201,10191&pageNumber=1&pageSize=999&sortAsc=true&fromEventDate=2025-12-31&toEventDate=2026-01-02&isProtected&_t=1769649775219
2026-01-18	2026-01-20	316,133,425,300,58,437,22,8478,5201,10191	20260129012255	4000	https://www.cmegroup.com/services/trading-hours-by-product?id=316,133,425,300,58,437,22,8478,5201,10191&pageNumber=1&pageSize=999&sortAsc=true&fromEventDate=2026-01-18&toEventDate=2026-01-20&isProtected&_t=1769649775221
2026-02-15	2026-02-17	316,133,425,300,58,437,22,8478,5201,10191	20260129012255	3991	https://www.cmegroup.com/services/trading-hours-by-product?id=316,133,425,300,58,437,22,8478,5201,10191&pageNumber=1&pageSize=999&sortAsc=true&fromEventDate=2026-02-15&toEventDate=2026-02-17&isProtected&_t=1769649775222
2026-04-01	2026-04-03	316,133,425,300,58,437,22,8478,5201,10191	20260129012255	4072	https://www.cmegroup.com/services/trading-hours-by-product?id=316,133,425,300,58,437,22,8478,5201,10191&pageNumber=1&pageSize=999&sortAsc=true&fromEventDate=2026-04-01&toEventDate=2026-04-03&isProtected&_t=1769649775225
2026-05-24	2026-05-26	316,133,425,300,58,437,22,8478,5201,10191	20260129012255	3984	https://www.cmegroup.com/services/trading-hours-by-product?id=316,133,425,300,58,437,22,8478,5201,10191&pageNumber=1&pageSize=999&sortAsc=true&fromEventDate=2026-05-24&toEventDate=2026-05-26&isProtected&_t=1769649775226
2026-06-17	2026-06-19	316,133,425,300,58,437,22,8478,5201,10191	20260129012255	4062	https://www.cmegroup.com/services/trading-hours-by-product?id=316,133,425,300,58,437,22,8478,5201,10191&pageNumber=1&pageSize=999&sortAsc=true&fromEventDate=2026-06-17&toEventDate=2026-06-19&isProtected&_t=1769649775227
2026-07-02	2026-07-04	316,133,425,300,58,437,22,8478,5201,10191	20260129012255	3972	https://www.cmegroup.com/services/trading-hours-by-product?id=316,133,425,300,58,437,22,8478,5201,10191&pageNumber=1&pageSize=999&sortAsc=true&fromEventDate=2026-07-02&toEventDate=2026-07-04&isProtected&_t=1769649775228
2026-09-06	2026-09-08	316,133,425,300,58,437,22,8478,5201,10191	20260129012255	3991	https://www.cmegroup.com/services/trading-hours-by-product?id=316,133,425,300,58,437,22,8478,5201,10191&pageNumber=1&pageSize=999&sortAsc=true&fromEventDate=2026-09-06&toEventDate=2026-09-08&isProtected&_t=1769649775229
2026-11-25	2026-11-27	316,133,425,300,58,437,22,8478,5201,10191	20260129012255	4029	https://www.cmegroup.com/services/trading-hours-by-product?id=316,133,425,300,58,437,22,8478,5201,10191&pageNumber=1&pageSize=999&sortAsc=true&fromEventDate=2026-11-25&toEventDate=2026-11-27&isProtected&_t=1769649775231
2026-12-23	2026-12-25	316,133,425,300,58,437,22,8478,5201,10191	20260129012255	4004	https://www.cmegroup.com/services/trading-hours-by-product?id=316,133,425,300,58,437,22,8478,5201,10191&pageNumber=1&pageSize=999&sortAsc=true&fromEventDate=2026-12-23&toEventDate=2026-12-25&isProtected&_t=1769649775232
2026-12-30	2027-01-01	316,133,425,300,58,437,22,8478,5201,10191	20260129012255	4045	https://www.cmegroup.com/services/trading-hours-by-product?id=316,133,425,300,58,437,22,8478,5201,10191&pageNumber=1&pageSize=999&sortAsc=true&fromEventDate=2026-12-30&toEventDate=2027-01-01&isProtected&_t=1769649775233
2025-11-26	2025-11-28	316,133,425,300,58,437,22,8478,5201,10191	20260129012255	4062	https://www.cmegroup.com/services/trading-hours-by-product?id=316,133,425,300,58,437,22,8478,5201,10191&pageNumber=1&pageSize=999&sortAsc=true&fromEventDate=2025-11-26&toEventDate=2025-11-28&isProtected&_t=1769649775641
2025-12-24	2025-12-26	316,133,425,300,58,437,22,8478,5201,10191	20260129012255	4005	https://www.cmegroup.com/services/trading-hours-by-product?id=316,133,425,300,58,437,22,8478,5201,10191&pageNumber=1&pageSize=999&sortAsc=true&fromEventDate=2025-12-24&toEventDate=2025-12-26&isProtected&_t=1769649775647
2025-12-31	2026-01-02	316,133,425,300,58,437,22,8478,5201,10191	20260129012255	4017	https://www.cmegroup.com/services/trading-hours-by-product?id=316,133,425,300,58,437,22,8478,5201,10191&pageNumber=1&pageSize=999&sortAsc=true&fromEventDate=2025-12-31&toEventDate=2026-01-02&isProtected&_t=1769649775649
2026-01-18	2026-01-20	316,133,425,300,58,437,22,8478,5201,10191	20260129012255	4006	https://www.cmegroup.com/services/trading-hours-by-product?id=316,133,425,300,58,437,22,8478,5201,10191&pageNumber=1&pageSize=999&sortAsc=true&fromEventDate=2026-01-18&toEventDate=2026-01-20&isProtected&_t=1769649775650
2026-02-15	2026-02-17	316,133,425,300,58,437,22,8478,5201,10191	20260129012255	3986	https://www.cmegroup.com/services/trading-hours-by-product?id=316,133,425,300,58,437,22,8478,5201,10191&pageNumber=1&pageSize=999&sortAsc=true&fromEventDate=2026-02-15&toEventDate=2026-02-17&isProtected&_t=1769649775651
2026-04-01	2026-04-03	316,133,425,300,58,437,22,8478,5201,10191	20260129012255	4072	https://www.cmegroup.com/services/trading-hours-by-product?id=316,133,425,300,58,437,22,8478,5201,10191&pageNumber=1&pageSize=999&sortAsc=true&fromEventDate=2026-04-01&toEventDate=2026-04-03&isProtected&_t=1769649775652
2026-05-24	2026-05-26	316,133,425,300,58,437,22,8478,5201,10191	20260129012255	3987	https://www.cmegroup.com/services/trading-hours-by-product?id=316,133,425,300,58,437,22,8478,5201,10191&pageNumber=1&pageSize=999&sortAsc=true&fromEventDate=2026-05-24&toEventDate=2026-05-26&isProtected&_t=1769649775653
2026-06-17	2026-06-19	316,133,425,300,58,437,22,8478,5201,10191	20260129012255	4060	https://www.cmegroup.com/services/trading-hours-by-product?id=316,133,425,300,58,437,22,8478,5201,10191&pageNumber=1&pageSize=999&sortAsc=true&fromEventDate=2026-06-17&toEventDate=2026-06-19&isProtected&_t=1769649775654
2026-07-02	2026-07-04	316,133,425,300,58,437,22,8478,5201,10191	20260129012256	3978	https://www.cmegroup.com/services/trading-hours-by-product?id=316,133,425,300,58,437,22,8478,5201,10191&pageNumber=1&pageSize=999&sortAsc=true&fromEventDate=2026-07-02&toEventDate=2026-07-04&isProtected&_t=1769649775655
2026-09-06	2026-09-08	316,133,425,300,58,437,22,8478,5201,10191	20260129012256	4000	https://www.cmegroup.com/services/trading-hours-by-product?id=316,133,425,300,58,437,22,8478,5201,10191&pageNumber=1&pageSize=999&sortAsc=true&fromEventDate=2026-09-06&toEventDate=2026-09-08&isProtected&_t=1769649775656
2026-11-25	2026-11-27	316,133,425,300,58,437,22,8478,5201,10191	20260129012256	4030	https://www.cmegroup.com/services/trading-hours-by-product?id=316,133,425,300,58,437,22,8478,5201,10191&pageNumber=1&pageSize=999&sortAsc=true&fromEventDate=2026-11-25&toEventDate=2026-11-27&isProtected&_t=1769649775658
2026-12-23	2026-12-25	316,133,425,300,58,437,22,8478,5201,10191	20260129012256	4009	https://www.cmegroup.com/services/trading-hours-by-product?id=316,133,425,300,58,437,22,8478,5201,10191&pageNumber=1&pageSize=999&sortAsc=true&fromEventDate=2026-12-23&toEventDate=2026-12-25&isProtected&_t=1769649775659
2026-12-30	2027-01-01	316,133,425,300,58,437,22,8478,5201,10191	20260129012256	4035	https://www.cmegroup.com/services/trading-hours-by-product?id=316,133,425,300,58,437,22,8478,5201,10191&pageNumber=1&pageSize=999&sortAsc=true&fromEventDate=2026-12-30&toEventDate=2027-01-01&isProtected&_t=1769649775660
2025-11-26	2025-11-28	316,133,425,300,58,437,22,8478,5201,10191	20260129012307	4062	https://www.cmegroup.com/services/trading-hours-by-product?id=316,133,425,300,58,437,22,8478,5201,10191&pageNumber=1&pageSize=999&sortAsc=true&fromEventDate=2025-11-26&toEventDate=2025-11-28&isProtected&_t=1769649787312
2025-12-24	2025-12-26	316,133,425,300,58,437,22,8478,5201,10191	20260129012307	4008	https://www.cmegroup.com/services/trading-hours-by-product?id=316,133,425,300,58,437,22,8478,5201,10191&pageNumber=1&pageSize=999&sortAsc=true&fromEventDate=2025-12-24&toEventDate=2025-12-26&isProtected&_t=1769649787317
2025-12-31	2026-01-02	316,133,425,300,58,437,22,8478,5201,10191	20260129012307	4019	https://www.cmegroup.com/services/trading-hours-by-product?id=316,133,425,300,58,437,22,8478,5201,10191&pageNumber=1&pageSize=999&sortAsc=true&fromEventDate=2025-12-31&toEventDate=2026-01-02&isProtected&_t=1769649787319
2026-01-18	2026-01-20	316,133,425,300,58,437,22,8478,5201,10191	20260129012307	4001	https://www.cmegroup.com/services/trading-hours-by-product?id=316,133,425,300,58,437,22,8478,5201,10191&pageNumber=1&pageSize=999&sortAsc=true&fromEventDate=2026-01-18&toEventDate=2026-01-20&isProtected&_t=1769649787320
2026-02-15	2026-02-17	316,133,425,300,58,437,22,8478,5201,10191	20260129012307	3995	https://www.cmegroup.com/services/trading-hours-by-product?id=316,133,425,300,58,437,22,8478,5201,10191&pageNumber=1&pageSize=999&sortAsc=true&fromEventDate=2026-02-15&toEventDate=2026-02-17&isProtected&_t=1769649787322
2026-04-01	2026-04-03	316,133,425,300,58,437,22,8478,5201,10191	20260129012307	4072	https://www.cmegroup.com/services/trading-hours-by-product?id=316,133,425,300,58,437,22,8478,5201,10191&pageNumber=1&pageSize=999&sortAsc=true&fromEventDate=2026-04-01&toEventDate=2026-04-03&isProtected&_t=1769649787323
2026-05-24	2026-05-26	316,133,425,300,58,437,22,8478,5201,10191	20260129012307	3991	https://www.cmegroup.com/services/trading-hours-by-product?id=316,133,425,300,58,437,22,8478,5201,10191&pageNumber=1&pageSize=999&sortAsc=true&fromEventDate=2026-05-24&toEventDate=2026-05-26&isProtected&_t=1769649787325
2026-06-17	2026-06-19	316,133,425,300,58,437,22,8478,5201,10191	20260129012307	4069	https://www.cmegroup.com/services/trading-hours-by-product?id=316,133,425,300,58,437,22,8478,5201,10191&pageNumber=1&pageSize=999&sortAsc=true&fromEventDate=2026-06-17&toEventDate=2026-06-19&isProtected&_t=1769649787326
2026-07-02	2026-07-04	316,133,425,300,58,437,22,8478,5201,10191	20260129012307	3972	https://www.cmegroup.com/services/trading-hours-by-product?id=316,133,425,300,58,437,22,8478,5201,10191&pageNumber=1&pageSize=999&sortAsc=true&fromEventDate=2026-07-02&toEventDate=2026-07-04&isProtected&_t=1769649787327
2026-09-06	2026-09-08	316,133,425,300,58,437,22,8478,5201,10191	20260129012307	3996	https://www.cmegroup.com/services/trading-hours-by-product?id=316,133,425,300,58,437,22,8478,5201,10191&pageNumber=1&pageSize=999&sortAsc=true&fromEventDate=2026-09-06&toEventDate=2026-09-08&isProtected&_t=1769649787329
2026-11-25	2026-11-27	316,133,425,300,58,437,22,8478,5201,10191	20260129012307	4028	https://www.cmegroup.com/services/trading-hours-by-product?id=316,133,425,300,58,437,22,8478,5201,10191&pageNumber=1&pageSize=999&sortAsc=true&fromEventDate=2026-11-25&toEventDate=2026-11-27&isProtected&_t=1769649787330
2026-12-23	2026-12-25	316,133,425,300,58,437,22,8478,5201,10191	20260129012307	4005	https://www.cmegroup.com/services/trading-hours-by-product?id=316,133,425,300,58,437,22,8478,5201,10191&pageNumber=1&pageSize=999&sortAsc=true&fromEventDate=2026-12-23&toEventDate=2026-12-25&isProtected&_t=1769649787332
2026-12-30	2027-01-01	316,133,425,300,58,437,22,8478,5201,10191	20260129012308	4045	https://www.cmegroup.com/services/trading-hours-by-product?id=316,133,425,300,58,437,22,8478,5201,10191&pageNumber=1&pageSize=999&sortAsc=true&fromEventDate=2026-12-30&toEventDate=2027-01-01&isProtected&_t=1769649787333
2025-11-26	2025-11-28	316,133,425,300,58,437,22,8478,5201,10191	20260129012309	4061	https://www.cmegroup.com/services/trading-hours-by-product?id=316,133,425,300,58,437,22,8478,5201,10191&pageNumber=1&pageSize=999&sortAsc=true&fromEventDate=2025-11-26&toEventDate=2025-11-28&isProtected&_t=1769649789739
2025-12-24	2025-12-26	316,133,425,300,58,437,22,8478,5201,10191	20260129012309	4010	https://www.cmegroup.com/services/trading-hours-by-product?id=316,133,425,300,58,437,22,8478,5201,10191&pageNumber=1&pageSize=999&sortAsc=true&fromEventDate=2025-12-24&toEventDate=2025-12-26&isProtected&_t=1769649789742
2025-12-31	2026-01-02	316,133,425,300,58,437,22,8478,5201,10191	20260129012309	4020	https://www.cmegroup.com/services/trading-hours-by-product?id=316,133,425,300,58,437,22,8478,5201,10191&pageNumber=1&pageSize=999&sortAsc=true&fromEventDate=2025-12-31&toEventDate=2026-01-02&isProtected&_t=1769649789743
2026-01-18	2026-01-20	316,133,425,300,58,437,22,8478,5201,10191	20260129012309	4008	https://www.cmegroup.com/services/trading-hours-by-product?id=316,133,425,300,58,437,22,8478,5201,10191&pageNumber=1&pageSize=999&sortAsc=true&fromEventDate=2026-01-18&toEventDate=2026-01-20&isProtected&_t=1769649789744
2026-02-15	2026-02-17	316,133,425,300,58,437,22,8478,5201,10191	20260129012309	3991	https://www.cmegroup.com/services/trading-hours-by-product?id=316,133,425,300,58,437,22,8478,5201,10191&pageNumber=1&pageSize=999&sortAsc=true&fromEventDate=2026-02-15&toEventDate=2026-02-17&isProtected&_t=1769649789745
2026-04-01	2026-04-03	316,133,425,300,58,437,22,8478,5201,10191	20260129012309	4070	https://www.cmegroup.com/services/trading-hours-by-product?id=316,133,425,300,58,437,22,8478,5201,10191&pageNumber=1&pageSize=999&sortAsc=true&fromEventDate=2026-04-01&toEventDate=2026-04-03&isProtected&_t=1769649789746
2026-05-24	2026-05-26	316,133,425,300,58,437,22,8478,5201,10191	20260129012310	3992	https://www.cmegroup.com/services/trading-hours-by-product?id=316,133,425,300,58,437,22,8478,5201,10191&pageNumber=1&pageSize=999&sortAsc=true&fromEventDate=2026-05-24&toEventDate=2026-05-26&isProtected&_t=1769649789747
2026-06-17	2026-06-19	316,133,425,300,58,437,22,8478,5201,10191	20260129012310	4074	https://www.cmegroup.com/services/trading-hours-by-product?id=316,133,425,300,58,437,22,8478,5201,10191&pageNumber=1&pageSize=999&sortAsc=true&fromEventDate=2026-06-17&toEventDate=2026-06-19&isProtected&_t=1769649789748
2026-07-02	2026-07-04	316,133,425,300,58,437,22,8478,5201,10191	20260129012310	3979	https://www.cmegroup.com/services/trading-hours-by-product?id=316,133,425,300,58,437,22,8478,5201,10191&pageNumber=1&pageSize=999&sortAsc=true&fromEventDate=2026-07-02&toEventDate=2026-07-04&isProtected&_t=1769649789749
2026-09-06	2026-09-08	316,133,425,300,58,437,22,8478,5201,10191	20260129012310	4000	https://www.cmegroup.com/services/trading-hours-by-product?id=316,133,425,300,58,437,22,8478,5201,10191&pageNumber=1&pageSize=999&sortAsc=true&fromEventDate=2026-09-06&toEventDate=2026-09-08&isProtected&_t=1769649789749
2026-11-25	2026-11-27	316,133,425,300,58,437,22,8478,5201,10191	20260129012310	4026	https://www.cmegroup.com/services/trading-hours-by-product?id=316,133,425,300,58,437,22,8478,5201,10191&pageNumber=1&pageSize=999&sortAsc=true&fromEventDate=2026-11-25&toEventDate=2026-11-27&isProtected&_t=1769649789750
2026-12-23	2026-12-25	316,133,425,300,58,437,22,8478,5201,10191	20260129012310	4010	https://www.cmegroup.com/services/trading-hours-by-product?id=316,133,425,300,58,437,22,8478,5201,10191&pageNumber=1&pageSize=999&sortAsc=true&fromEventDate=2026-12-23&toEventDate=2026-12-25&isProtected&_t=1769649789751
2026-12-30	2027-01-01	316,133,425,300,58,437,22,8478,5201,10191	20260129012310	4036	https://www.cmegroup.com/services/trading-hours-by-product?id=316,133,425,300,58,437,22,8478,5201,10191&pageNumber=1&pageSize=999&sortAsc=true&fromEventDate=2026-12-30&toEventDate=2027-01-01&isProtected&_t=1769649789752
2025-12-31	2026-01-02	316,133,425,300,58,437,22,8478,5201,10191	20260722114220	4007	https://www.cmegroup.com/services/trading-hours-by-product?id=316,133,425,300,58,437,22,8478,5201,10191&pageNumber=1&pageSize=999&sortAsc=true&fromEventDate=2025-12-31&toEventDate=2026-01-02&isProtected&_t=1784720540593
2026-01-18	2026-01-20	316,133,425,300,58,437,22,8478,5201,10191	20260722114220	3975	https://www.cmegroup.com/services/trading-hours-by-product?id=316,133,425,300,58,437,22,8478,5201,10191&pageNumber=1&pageSize=999&sortAsc=true&fromEventDate=2026-01-18&toEventDate=2026-01-20&isProtected&_t=1784720540596
2026-02-15	2026-02-17	316,133,425,300,58,437,22,8478,5201,10191	20260722114220	3985	https://www.cmegroup.com/services/trading-hours-by-product?id=316,133,425,300,58,437,22,8478,5201,10191&pageNumber=1&pageSize=999&sortAsc=true&fromEventDate=2026-02-15&toEventDate=2026-02-17&isProtected&_t=1784720540597
2026-04-01	2026-04-03	316,133,425,300,58,437,22,8478,5201,10191	20260722114220	4071	https://www.cmegroup.com/services/trading-hours-by-product?id=316,133,425,300,58,437,22,8478,5201,10191&pageNumber=1&pageSize=999&sortAsc=true&fromEventDate=2026-04-01&toEventDate=2026-04-03&isProtected&_t=1784720540598
2026-05-24	2026-05-26	316,133,425,300,58,437,22,8478,5201,10191	20260722114220	3985	https://www.cmegroup.com/services/trading-hours-by-product?id=316,133,425,300,58,437,22,8478,5201,10191&pageNumber=1&pageSize=999&sortAsc=true&fromEventDate=2026-05-24&toEventDate=2026-05-26&isProtected&_t=1784720540599
2026-06-18	2026-06-20	316,133,425,300,58,437,22,8478,5201,10191	20260722114220	4011	https://www.cmegroup.com/services/trading-hours-by-product?id=316,133,425,300,58,437,22,8478,5201,10191&pageNumber=1&pageSize=999&sortAsc=true&fromEventDate=2026-06-18&toEventDate=2026-06-20&isProtected&_t=1784720540600
2026-07-03	2026-07-05	316,133,425,300,58,437,22,8478,5201,10191	20260722114220	3914	https://www.cmegroup.com/services/trading-hours-by-product?id=316,133,425,300,58,437,22,8478,5201,10191&pageNumber=1&pageSize=999&sortAsc=true&fromEventDate=2026-07-03&toEventDate=2026-07-05&isProtected&_t=1784720540601
2026-09-06	2026-09-08	316,133,425,300,58,437,22,8478,5201,10191	20260722114220	4018	https://www.cmegroup.com/services/trading-hours-by-product?id=316,133,425,300,58,437,22,8478,5201,10191&pageNumber=1&pageSize=999&sortAsc=true&fromEventDate=2026-09-06&toEventDate=2026-09-08&isProtected&_t=1784720540602
2026-11-25	2026-11-27	316,133,425,300,58,437,22,8478,5201,10191	20260722114220	4048	https://www.cmegroup.com/services/trading-hours-by-product?id=316,133,425,300,58,437,22,8478,5201,10191&pageNumber=1&pageSize=999&sortAsc=true&fromEventDate=2026-11-25&toEventDate=2026-11-27&isProtected&_t=1784720540603
2026-12-24	2026-12-26	316,133,425,300,58,437,22,8478,5201,10191	20260722114220	3922	https://www.cmegroup.com/services/trading-hours-by-product?id=316,133,425,300,58,437,22,8478,5201,10191&pageNumber=1&pageSize=999&sortAsc=true&fromEventDate=2026-12-24&toEventDate=2026-12-26&isProtected&_t=1784720540604
2026-12-31	2027-01-02	316,133,425,300,58,437,22,8478,5201,10191	20260722114221	3987	https://www.cmegroup.com/services/trading-hours-by-product?id=316,133,425,300,58,437,22,8478,5201,10191&pageNumber=1&pageSize=999&sortAsc=true&fromEventDate=2026-12-31&toEventDate=2027-01-02&isProtected&_t=1784720540605
2026-09-06	2026-09-08	316,133,425,300,58,437,22,8478,5201,10191	20260722114221	4012	https://www.cmegroup.com/services/trading-hours-by-product?id=316,133,425,300,58,437,22,8478,5201,10191&pageNumber=1&pageSize=999&sortAsc=true&fromEventDate=2026-09-06&toEventDate=2026-09-08&isProtected&_t=1784720541505
2025-12-31	2026-01-02	316,133,425,300,58,437,22,8478,5201,10191	20260722114222	4007	https://www.cmegroup.com/services/trading-hours-by-product?id=316,133,425,300,58,437,22,8478,5201,10191&pageNumber=1&pageSize=999&sortAsc=true&fromEventDate=2025-12-31&toEventDate=2026-01-02&isProtected&_t=1784720542553
2026-01-18	2026-01-20	316,133,425,300,58,437,22,8478,5201,10191	20260722114222	3975	https://www.cmegroup.com/services/trading-hours-by-product?id=316,133,425,300,58,437,22,8478,5201,10191&pageNumber=1&pageSize=999&sortAsc=true&fromEventDate=2026-01-18&toEventDate=2026-01-20&isProtected&_t=1784720542555
2026-02-15	2026-02-17	316,133,425,300,58,437,22,8478,5201,10191	20260722114222	3982	https://www.cmegroup.com/services/trading-hours-by-product?id=316,133,425,300,58,437,22,8478,5201,10191&pageNumber=1&pageSize=999&sortAsc=true&fromEventDate=2026-02-15&toEventDate=2026-02-17&isProtected&_t=1784720542557
2026-04-01	2026-04-03	316,133,425,300,58,437,22,8478,5201,10191	20260722114222	4065	https://www.cmegroup.com/services/trading-hours-by-product?id=316,133,425,300,58,437,22,8478,5201,10191&pageNumber=1&pageSize=999&sortAsc=true&fromEventDate=2026-04-01&toEventDate=2026-04-03&isProtected&_t=1784720542559
2026-05-24	2026-05-26	316,133,425,300,58,437,22,8478,5201,10191	20260722114222	3978	https://www.cmegroup.com/services/trading-hours-by-product?id=316,133,425,300,58,437,22,8478,5201,10191&pageNumber=1&pageSize=999&sortAsc=true&fromEventDate=2026-05-24&toEventDate=2026-05-26&isProtected&_t=1784720542560
2026-06-18	2026-06-20	316,133,425,300,58,437,22,8478,5201,10191	20260722114222	4009	https://www.cmegroup.com/services/trading-hours-by-product?id=316,133,425,300,58,437,22,8478,5201,10191&pageNumber=1&pageSize=999&sortAsc=true&fromEventDate=2026-06-18&toEventDate=2026-06-20&isProtected&_t=1784720542562
2026-07-03	2026-07-05	316,133,425,300,58,437,22,8478,5201,10191	20260722114223	3918	https://www.cmegroup.com/services/trading-hours-by-product?id=316,133,425,300,58,437,22,8478,5201,10191&pageNumber=1&pageSize=999&sortAsc=true&fromEventDate=2026-07-03&toEventDate=2026-07-05&isProtected&_t=1784720542563
2026-09-06	2026-09-08	316,133,425,300,58,437,22,8478,5201,10191	20260722114223	4018	https://www.cmegroup.com/services/trading-hours-by-product?id=316,133,425,300,58,437,22,8478,5201,10191&pageNumber=1&pageSize=999&sortAsc=true&fromEventDate=2026-09-06&toEventDate=2026-09-08&isProtected&_t=1784720542564
2026-11-25	2026-11-27	316,133,425,300,58,437,22,8478,5201,10191	20260722114223	4046	https://www.cmegroup.com/services/trading-hours-by-product?id=316,133,425,300,58,437,22,8478,5201,10191&pageNumber=1&pageSize=999&sortAsc=true&fromEventDate=2026-11-25&toEventDate=2026-11-27&isProtected&_t=1784720542567
2026-12-24	2026-12-26	316,133,425,300,58,437,22,8478,5201,10191	20260722114223	3917	https://www.cmegroup.com/services/trading-hours-by-product?id=316,133,425,300,58,437,22,8478,5201,10191&pageNumber=1&pageSize=999&sortAsc=true&fromEventDate=2026-12-24&toEventDate=2026-12-26&isProtected&_t=1784720542568
2026-12-31	2027-01-02	316,133,425,300,58,437,22,8478,5201,10191	20260722114223	3981	https://www.cmegroup.com/services/trading-hours-by-product?id=316,133,425,300,58,437,22,8478,5201,10191&pageNumber=1&pageSize=999&sortAsc=true&fromEventDate=2026-12-31&toEventDate=2027-01-02&isProtected&_t=1784720542569
2026-09-06	2026-09-08	316,133,425,300,58,437,22,8478,5201,10191	20260722114223	4021	https://www.cmegroup.com/services/trading-hours-by-product?id=316,133,425,300,58,437,22,8478,5201,10191&pageNumber=1&pageSize=999&sortAsc=true&fromEventDate=2026-09-06&toEventDate=2026-09-08&isProtected&_t=1784720543509
2026-04-01	2026-04-07	5224	20260711175224	4288	https://www.cmegroup.com/services/trading-hours-by-product?pageNumber=1&pageSize=999&exch=&cleared=Futures&group=&subGroup=&sortField=most-active&sortAsc=true&fromEventDate=2026-04-01&toEventDate=2026-04-07&id=5224
2026-01-18	2026-01-20	318	20260714154118	4192	https://www.cmegroup.com/services/trading-hours-by-product?id=318&pageNumber=1&pageSize=999&sortAsc=true&fromEventDate=2026-01-18&toEventDate=2026-01-20
