root	observations	disposition	definition_segment	definition_group	schedule_match	current_schedule_segment	schedule_description	states	signature_sha256	sentinel_only	continuous_price_series	vseries	test_evidence	exchange	cfi	unit	years	representative_symbols
00C	42	explicit_test	70	#E	exact	70	TEST CORN FUTURES 00C	4,17,18	af741bc3e73d59ad3facc5357dafc2b882d0de567f408c002775fb7ce287bc3f	False	False	False	exact current schedule description	XCBT	FCAXSX	BU	2026	00CK6,00CM6,00CN6,00CQ6
00N	21	explicit_test	84	$T	exact	84	TEST 10-YEAR TREASURY FUTURES 00N	4,17,18	af741bc3e73d59ad3facc5357dafc2b882d0de567f408c002775fb7ce287bc3f	False	False	False	exact current schedule description	XCBT	FFDXSX	USD	2026	00NM6,00NU6,00NZ6
06E	28	explicit_test	88	#C	exact	88	TEST EURO CURRENCY FUTURES 06E	4,17,18	af741bc3e73d59ad3facc5357dafc2b882d0de567f408c002775fb7ce287bc3f	False	False	False	exact current schedule description	XCME	FFCXSX	EUR	2026	06EK6,06EM6,06EN6,06EQ6
0A	588	ready_non_test	80	CP	exact	80	CPC-REFINED 2	4,17,21	d21acb34cc1857d77a01ba9c499b2dbce43ad125dec0afd933e79467e288747a	False	False	False		XNYM	FCMXSX	MTONS	2026	0AJ601,0AJ602,0AJ607,0AJ608
0B	399	ready_non_test	80	CP	exact	80	CPC-REFINED 2	4,17,21	d21acb34cc1857d77a01ba9c499b2dbce43ad125dec0afd933e79467e288747a	False	False	False		XNYM	FCMXSX	MTONS	2026,2027,2028,2029,2030	0BF0,0BF7,0BF8,0BF9
0BT	7	explicit_test	74	$C	exact	74	TEST BITCOIN FUTURES 0BT	4,17,18,21	3b2bb20cd09aaf7d87209d177ac4a0fe6bc1364507b64ef8ff895d59afd2fe88	True	False	False	exact current schedule description	XCME	FFIXSX	IPNT	2099	0BTZ9
0C	588	ready_non_test	80	CP	exact	80	CPC-REFINED 2	4,17,21	d21acb34cc1857d77a01ba9c499b2dbce43ad125dec0afd933e79467e288747a	False	False	False		XNYM	FCMXSX	MTONS	2026	0CJ601,0CJ602,0CJ607,0CJ608
0CJ	112	explicit_test	78	$G	exact	78	TEST PLATINUM FUTURES	4,17,18	af741bc3e73d59ad3facc5357dafc2b882d0de567f408c002775fb7ce287bc3f	False	False	False	exact current schedule description	XNYM	FXXXSX	TRYOZ	2026,2027,2028,2029	0CJF7,0CJF8,0CJF9,0CJJ6
0CU	49	explicit_test	80	#7	exact	80	TEST BRENT/REBCO/MARS/EURO LOW SULPHUR	4,17,18	af741bc3e73d59ad3facc5357dafc2b882d0de567f408c002775fb7ce287bc3f	False	False	False	exact current schedule description	XNYM	FCMXSX	BBL	2026	0CUM6,0CUN6,0CUQ6,0CUU6
0E	588	ready_non_test	80	CP	exact	80	CPC-REFINED 2	4,17,21	d21acb34cc1857d77a01ba9c499b2dbce43ad125dec0afd933e79467e288747a	False	False	False		XNYM	FCMXSX	MTONS	2026	0EJ601,0EJ602,0EJ607,0EJ608
0ES	21	explicit_test	64	$E	exact	64	TEST MINI S&P FUTURES 0ES	4,17,18	af741bc3e73d59ad3facc5357dafc2b882d0de567f408c002775fb7ce287bc3f	False	False	False	exact current schedule description	XCME	FFIXSX	IPNT	2024,2025	0ESH5,0ESM5,0ESZ4
0GC	49	explicit_test	78	#8	exact	78	TEST GOLD FUTURES	4,17,18	af741bc3e73d59ad3facc5357dafc2b882d0de567f408c002775fb7ce287bc3f	False	False	False	exact current schedule description	XCEC	FXXXSX	TRYOZ	2026	0GCJ6,0GCK6,0GCM6,0GCN6
0HE	28	explicit_test	70	$K	group_only_segment_drift	71	TEST LEAN HOG FUTURES 0HE	4,17,18	af741bc3e73d59ad3facc5357dafc2b882d0de567f408c002775fb7ce287bc3f	False	False	False	current same-group schedule; segment drift 70->71	XCME	FCAXSX	LBS	2026	0HEK6,0HEM6,0HEN6,0HEQ6
0MD	42	explicit_test	68	$M	exact	68	TEST EQFC 0MD 0MS	4,21	46ba36d929f459456352704bd1ebfe83b4c6e21a5436d885e9dadcf12d473254	False	False	False	exact current schedule description	XCME	FFIXSX	IPNT	2026,2027	0MDH7,0MDM6,0MDM7,0MDU6
0MS	49	explicit_test	68	$M	exact	68	TEST EQFC 0MD 0MS	4,21	46ba36d929f459456352704bd1ebfe83b4c6e21a5436d885e9dadcf12d473254	False	False	False	exact current schedule description	XCME	FFIXSX	IPNT	2026,2027	0MSH7,0MSM6,0MSM7,0MSU6
0NG	1085	explicit_test	78	$N	exact	78	TEST CPC COAL	4,17,18	af741bc3e73d59ad3facc5357dafc2b882d0de567f408c002775fb7ce287bc3f	False	False	False	exact current schedule description	XNYM	FCMXSX	MMBTU	2026,2027,2028,2029,2030,2031,2032,2033,2034,2035,2036,2037,2038,2039	0NGF0,0NGF1,0NGF2,0NGF3
0NI	48	explicit_test	68	#1	exact	68	TEST MINI NASDAQ FUTURES	4,17,18	af741bc3e73d59ad3facc5357dafc2b882d0de567f408c002775fb7ce287bc3f	False	False	False	exact current schedule description	XCME	FFIXSX	JPY	2026	0NIK6,0NIM6,0NIN6,0NIQ6
0SR	280	explicit_test	82	$D	exact	82	TEST SOFR FUTURES 0SR	4,17,18	af741bc3e73d59ad3facc5357dafc2b882d0de567f408c002775fb7ce287bc3f	False	False	False	exact current schedule description	XCME	FFDXSX	USD	2026,2027,2028,2029,2030,2031,2032,2033,2034	0SRG6,0SRH0,0SRH1,0SRH2
0UL	49	explicit_test	78	$O	exact	78	TEST NYMEX ENVIRONMENTAL FUTURES	4,17,18	af741bc3e73d59ad3facc5357dafc2b882d0de567f408c002775fb7ce287bc3f	False	False	False	exact current schedule description	XNYM	FCMXSX	ALLOW	2026	0ULJ6,0ULK6,0ULM6,0ULN6
0YM	28	explicit_test	68	$W	exact	68	TEST $5 MINI DOW FUTURES 0YM	4,17,18	af741bc3e73d59ad3facc5357dafc2b882d0de567f408c002775fb7ce287bc3f	False	False	False	exact current schedule description	XCBT	FFIXSX	IPNT	2026,2027	0YMH7,0YMM6,0YMU6,0YMZ6
0ZQ	42	explicit_test	82	#3	exact	82	TEST FED FUNDS (0ZQ)	4,17,18	af741bc3e73d59ad3facc5357dafc2b882d0de567f408c002775fb7ce287bc3f	False	False	False	exact current schedule description	XCBT	FFDXSX	USD	2026	0ZQJ6,0ZQK6,0ZQM6,0ZQN6
10Y	21	ready_non_test	84	4Y	exact	84	MICRO 10-YEAR TREASURY YIELD FUTURES	4,17,21	d21acb34cc1857d77a01ba9c499b2dbce43ad125dec0afd933e79467e288747a	False	False	False		XCBT	FFDXSX	IPNT	2026	10YJ6,10YK6,10YM6
1CE	245	synthetic_no_ready	80	09	exact	80	SYNTHETIC CRUDE	2,4	bf10f1b3e23ad8320182b8dc97354d72ac617d87796ea55c0d14e6f5f2ae0fcc	False	False	False		XNYM	FCMXSX	GAL	2026,2027,2028,2029	1CEF7,1CEF8,1CEF9,1CEG7
1D0	7	ready_non_test	70	HW	exact	70	CME WEATHER FUTURES	4,17,21	d21acb34cc1857d77a01ba9c499b2dbce43ad125dec0afd933e79467e288747a	False	False	False		XCME	FCAXSX	IPNT	2027	1D0H7
1D1	7	ready_non_test	70	HW	exact	70	CME WEATHER FUTURES	4,17,21	d21acb34cc1857d77a01ba9c499b2dbce43ad125dec0afd933e79467e288747a	False	False	False		XCME	FCAXSX	IPNT	2027	1D1H7
1D2	7	ready_non_test	70	HW	exact	70	CME WEATHER FUTURES	4,17,21	d21acb34cc1857d77a01ba9c499b2dbce43ad125dec0afd933e79467e288747a	False	False	False		XCME	FCAXSX	IPNT	2027	1D2H7
1D4	7	ready_non_test	70	HW	exact	70	CME WEATHER FUTURES	4,17,21	d21acb34cc1857d77a01ba9c499b2dbce43ad125dec0afd933e79467e288747a	False	False	False		XCME	FCAXSX	IPNT	2027	1D4H7
1E	287	ready_non_test	80	CP	exact	80	CPC-REFINED 2	4,17,21	d21acb34cc1857d77a01ba9c499b2dbce43ad125dec0afd933e79467e288747a	False	False	False		XNYM	FCMXSX	BBL	2026	1EJ601,1EJ602,1EJ606,1EJ607
1G6	7	ready_non_test	70	HW	exact	70	CME WEATHER FUTURES	4,17,21	d21acb34cc1857d77a01ba9c499b2dbce43ad125dec0afd933e79467e288747a	False	False	False		XCME	FCAXSX	IPNT	2027	1G6H7
1H	287	ready_non_test	80	CP	exact	80	CPC-REFINED 2	4,17,21	d21acb34cc1857d77a01ba9c499b2dbce43ad125dec0afd933e79467e288747a	False	False	False		XNYM	FCMXSX	BBL	2026	1HJ601,1HJ602,1HJ606,1HJ607
1H0	7	ready_non_test	70	HW	exact	70	CME WEATHER FUTURES	4,17,21	d21acb34cc1857d77a01ba9c499b2dbce43ad125dec0afd933e79467e288747a	False	False	False		XCME	FCAXSX	IPNT	2027	1H0H7
1H1	7	ready_non_test	70	HW	exact	70	CME WEATHER FUTURES	4,17,21	d21acb34cc1857d77a01ba9c499b2dbce43ad125dec0afd933e79467e288747a	False	False	False		XCME	FCAXSX	IPNT	2027	1H1H7
1H2	7	ready_non_test	70	HW	exact	70	CME WEATHER FUTURES	4,17,21	d21acb34cc1857d77a01ba9c499b2dbce43ad125dec0afd933e79467e288747a	False	False	False		XCME	FCAXSX	IPNT	2027	1H2H7
1H3	7	ready_non_test	70	HW	exact	70	CME WEATHER FUTURES	4,17,21	d21acb34cc1857d77a01ba9c499b2dbce43ad125dec0afd933e79467e288747a	False	False	False		XCME	FCAXSX	IPNT	2027	1H3H7
1H4	7	ready_non_test	70	HW	exact	70	CME WEATHER FUTURES	4,17,21	d21acb34cc1857d77a01ba9c499b2dbce43ad125dec0afd933e79467e288747a	False	False	False		XCME	FCAXSX	IPNT	2027	1H4H7
1H5	7	ready_non_test	70	HW	exact	70	CME WEATHER FUTURES	4,17,21	d21acb34cc1857d77a01ba9c499b2dbce43ad125dec0afd933e79467e288747a	False	False	False		XCME	FCAXSX	IPNT	2027	1H5H7
1H6	7	ready_non_test	70	HW	exact	70	CME WEATHER FUTURES	4,17,21	d21acb34cc1857d77a01ba9c499b2dbce43ad125dec0afd933e79467e288747a	False	False	False		XCME	FCAXSX	IPNT	2027	1H6H7
1H7	7	ready_non_test	70	HW	exact	70	CME WEATHER FUTURES	4,17,21	d21acb34cc1857d77a01ba9c499b2dbce43ad125dec0afd933e79467e288747a	False	False	False		XCME	FCAXSX	IPNT	2027	1H7H7
1HQ	7	ready_non_test	70	HW	exact	70	CME WEATHER FUTURES	4,17,21	d21acb34cc1857d77a01ba9c499b2dbce43ad125dec0afd933e79467e288747a	False	False	False		XCME	FCAXSX	IPNT	2027	1HQH7
1HR	7	ready_non_test	70	HW	exact	70	CME WEATHER FUTURES	4,17,21	d21acb34cc1857d77a01ba9c499b2dbce43ad125dec0afd933e79467e288747a	False	False	False		XCME	FCAXSX	IPNT	2027	1HRH7
1HS	7	ready_non_test	70	HW	exact	70	CME WEATHER FUTURES	4,17,21	d21acb34cc1857d77a01ba9c499b2dbce43ad125dec0afd933e79467e288747a	False	False	False		XCME	FCAXSX	IPNT	2027	1HSH7
1HW	7	ready_non_test	70	HW	exact	70	CME WEATHER FUTURES	4,17,21	d21acb34cc1857d77a01ba9c499b2dbce43ad125dec0afd933e79467e288747a	False	False	False		XCME	FCAXSX	IPNT	2027	1HWH7
1LP	7	ready_non_test	70	HW	exact	70	CME WEATHER FUTURES	4,17,21	d21acb34cc1857d77a01ba9c499b2dbce43ad125dec0afd933e79467e288747a	False	False	False		XCME	FCAXSX	IPNT	2027	1LPH7
1NA	91	ready_non_test	78	JR	exact	78	CPC-REFINED 3	4,17,21	d21acb34cc1857d77a01ba9c499b2dbce43ad125dec0afd933e79467e288747a	False	False	False		XNYM	FCMXSX	BBL	2026,2027	1NAF7,1NAG7,1NAH7,1NAJ6
1NM	259	ready_non_test	78	FD	exact	78	NAT GAS FIXED,SWING,INDEX- CMED	4,17,21	d21acb34cc1857d77a01ba9c499b2dbce43ad125dec0afd933e79467e288747a	False	False	False		XNYM	FCMXSX	MTONS	2026,2027,2028,2029	1NMF7,1NMF8,1NMF9,1NMG7
1OT	35	ready_non_test	78	TG	exact	78	GOLD TAS (GCT)	2,4,17,21	41c40dc1587e857c98b9e0b068c3ae4d6c991dab3c43f0c23b4ce392af313e6a	False	False	False		XCEC	FXXXSX	TRYOZ	2026,2027	1OTG7,1OTM6,1OTQ6,1OTV6
1OZ	84	ready_non_test	78	GC	exact	78	GOLD FUTURES	4,17,21	d21acb34cc1857d77a01ba9c499b2dbce43ad125dec0afd933e79467e288747a	False	False	False		XCEC	FXXXSX	TRYOZ	2026,2027,2028	1OZG7,1OZG8,1OZJ7,1OZJ8
1S	287	ready_non_test	78	JR	exact	78	CPC-REFINED 3	4,17,21	d21acb34cc1857d77a01ba9c499b2dbce43ad125dec0afd933e79467e288747a	False	False	False		XNYM	FCMXSX	GAL	2026	1SJ601,1SJ602,1SJ606,1SJ607
1T	259	ready_non_test	80	CP	exact	80	CPC-REFINED 2	4,17,21	d21acb34cc1857d77a01ba9c499b2dbce43ad125dec0afd933e79467e288747a	False	False	False		XNYM	FCMXSX	MTONS	2026,2027,2028,2029	1TF7,1TF8,1TF9,1TG7
1Y	476	ready_non_test	78	PA	exact	78	CPC-POWER 2	4,17,21	d21acb34cc1857d77a01ba9c499b2dbce43ad125dec0afd933e79467e288747a	False	False	False		XNYM	FCMXSX	MWH	2026,2027,2028,2029,2030,2031	1YF0,1YF1,1YF7,1YF8
1ZA	476	ready_non_test	78	PA	exact	78	CPC-POWER 2	4,17,21	d21acb34cc1857d77a01ba9c499b2dbce43ad125dec0afd933e79467e288747a	False	False	False		XNYM	FCMXSX	MWH	2026,2027,2028,2029,2030,2031	1ZAF0,1ZAF1,1ZAF7,1ZAF8
20U	28	ready_non_test	84	BM	exact	84	30-YR UNIFORM MORTGAGE-BACKED SECURITY FUTURES	4,17,21	d21acb34cc1857d77a01ba9c499b2dbce43ad125dec0afd933e79467e288747a	False	False	False		XCBT	FFDXSX	USD	2026	20UK6,20UM6,20UN6,20UQ6
22	588	ready_non_test	78	JR	exact	78	CPC-REFINED 3	4,17,21	d21acb34cc1857d77a01ba9c499b2dbce43ad125dec0afd933e79467e288747a	False	False	False		XNYM	FCMXSX	MTONS	2026	22J601,22J602,22J606,22J607
23	224	ready_non_test	80	CP	exact	80	CPC-REFINED 2	4,17,21	d21acb34cc1857d77a01ba9c499b2dbce43ad125dec0afd933e79467e288747a	False	False	False		XNYM	FCMXSX	GAL	2026,2027,2028	23F7,23F8,23G7,23G8
25U	28	ready_non_test	84	BM	exact	84	30-YR UNIFORM MORTGAGE-BACKED SECURITY FUTURES	4,17,21	d21acb34cc1857d77a01ba9c499b2dbce43ad125dec0afd933e79467e288747a	False	False	False		XCBT	FFDXSX	USD	2026	25UK6,25UM6,25UN6,25UQ6
26	514	ready_non_test	80	CC	exact	80	REFINED FUTURES 	4,17,21	d21acb34cc1857d77a01ba9c499b2dbce43ad125dec0afd933e79467e288747a	False	False	False		XNYM	FCMXSX	BBL	2026,2027,2028,2029,2030,2031,2032,2033,2034	26F0,26F1,26F7,26F8
27	259	ready_non_test	80	CP	exact	80	CPC-REFINED 2	4,17,21	d21acb34cc1857d77a01ba9c499b2dbce43ad125dec0afd933e79467e288747a	False	False	False		XNYM	FCMXSX	GAL	2026,2027,2028,2029	27F7,27F8,27F9,27G7
2A	462	synthetic_no_ready	80	09	exact	80	SYNTHETIC CRUDE	2,4	bf10f1b3e23ad8320182b8dc97354d72ac617d87796ea55c0d14e6f5f2ae0fcc	False	False	False		XNYM	FCMXSX	BBL	2026,2027,2028,2029,2030,2031	2AF0,2AF1,2AF7,2AF8
2CE	77	synthetic_no_ready	80	09	exact	80	SYNTHETIC CRUDE	2,4	bf10f1b3e23ad8320182b8dc97354d72ac617d87796ea55c0d14e6f5f2ae0fcc	False	False	False		XNYM	FCMXSX	GAL	2026,2027	2CEF7,2CEG7,2CEH7,2CEK6
2D	476	ready_non_test	78	PA	exact	78	CPC-POWER 2	4,17,21	d21acb34cc1857d77a01ba9c499b2dbce43ad125dec0afd933e79467e288747a	False	False	False		XNYM	FCMXSX	MWH	2026,2027,2028,2029,2030,2031	2DF0,2DF1,2DF7,2DF8
2FW	403	ready_non_test	78	PA	exact	78	CPC-POWER 2	4,17,21	d21acb34cc1857d77a01ba9c499b2dbce43ad125dec0afd933e79467e288747a	False	False	False		XNYM	FCMXSX	MWH	2026	2FWJ620,2FWJ621,2FWJ622,2FWJ623
2GT	35	ready_non_test	68	RB	exact	68	BTIC MINI RUSSELL 2000 GROWTH	4,17,21	cdfb6991d0a44427cfcfb9cdf2a11b9d54a2cb0241bb6153eb8a8cf0baed32dd	False	False	False		XCME	FFIXSX	IPNT	2026,2027	2GTH7,2GTM6,2GTM7,2GTU6
2JW	476	ready_non_test	78	PA	exact	78	CPC-POWER 2	4,17,21	d21acb34cc1857d77a01ba9c499b2dbce43ad125dec0afd933e79467e288747a	False	False	False		XNYM	FCMXSX	MWH	2026	2JWJ620,2JWJ621,2JWJ622,2JWJ623
2K0	7	ready_non_test	70	HW	exact	70	CME WEATHER FUTURES	4,17,21	d21acb34cc1857d77a01ba9c499b2dbce43ad125dec0afd933e79467e288747a	False	False	False		XCME	FCAXSX	IPNT	2026	2K0M6
2K1	7	ready_non_test	70	HW	exact	70	CME WEATHER FUTURES	4,17,21	d21acb34cc1857d77a01ba9c499b2dbce43ad125dec0afd933e79467e288747a	False	False	False		XCME	FCAXSX	IPNT	2026	2K1M6
2K2	7	ready_non_test	70	HW	exact	70	CME WEATHER FUTURES	4,17,21	d21acb34cc1857d77a01ba9c499b2dbce43ad125dec0afd933e79467e288747a	False	False	False		XCME	FCAXSX	IPNT	2026	2K2M6
2K3	7	ready_non_test	70	HW	exact	70	CME WEATHER FUTURES	4,17,21	d21acb34cc1857d77a01ba9c499b2dbce43ad125dec0afd933e79467e288747a	False	False	False		XCME	FCAXSX	IPNT	2026	2K3M6
2K4	7	ready_non_test	70	HW	exact	70	CME WEATHER FUTURES	4,17,21	d21acb34cc1857d77a01ba9c499b2dbce43ad125dec0afd933e79467e288747a	False	False	False		XCME	FCAXSX	IPNT	2026	2K4M6
2K5	7	ready_non_test	70	HW	exact	70	CME WEATHER FUTURES	4,17,21	d21acb34cc1857d77a01ba9c499b2dbce43ad125dec0afd933e79467e288747a	False	False	False		XCME	FCAXSX	IPNT	2026	2K5M6
2K6	7	ready_non_test	70	HW	exact	70	CME WEATHER FUTURES	4,17,21	d21acb34cc1857d77a01ba9c499b2dbce43ad125dec0afd933e79467e288747a	False	False	False		XCME	FCAXSX	IPNT	2026	2K6M6
2K7	7	ready_non_test	70	HW	exact	70	CME WEATHER FUTURES	4,17,21	d21acb34cc1857d77a01ba9c499b2dbce43ad125dec0afd933e79467e288747a	False	False	False		XCME	FCAXSX	IPNT	2026	2K7M6
2KP	7	ready_non_test	70	HW	exact	70	CME WEATHER FUTURES	4,17,21	d21acb34cc1857d77a01ba9c499b2dbce43ad125dec0afd933e79467e288747a	False	False	False		XCME	FCAXSX	IPNT	2026	2KPM6
2KQ	7	ready_non_test	70	HW	exact	70	CME WEATHER FUTURES	4,17,21	d21acb34cc1857d77a01ba9c499b2dbce43ad125dec0afd933e79467e288747a	False	False	False		XCME	FCAXSX	IPNT	2026	2KQM6
2KR	7	ready_non_test	70	HW	exact	70	CME WEATHER FUTURES	4,17,21	d21acb34cc1857d77a01ba9c499b2dbce43ad125dec0afd933e79467e288747a	False	False	False		XCME	FCAXSX	IPNT	2026	2KRM6
2KS	7	ready_non_test	70	HW	exact	70	CME WEATHER FUTURES	4,17,21	d21acb34cc1857d77a01ba9c499b2dbce43ad125dec0afd933e79467e288747a	False	False	False		XCME	FCAXSX	IPNT	2026	2KSM6
2KW	7	ready_non_test	70	HW	exact	70	CME WEATHER FUTURES	4,17,21	d21acb34cc1857d77a01ba9c499b2dbce43ad125dec0afd933e79467e288747a	False	False	False		XCME	FCAXSX	IPNT	2026	2KWM6
2VT	35	ready_non_test	68	RD	exact	68	BTIC MINI RUSSELL 2000 VALUE	4,17,21	cdfb6991d0a44427cfcfb9cdf2a11b9d54a2cb0241bb6153eb8a8cf0baed32dd	False	False	False		XCME	FFIXSX	IPNT	2026,2027	2VTH7,2VTM6,2VTM7,2VTU6
2YY	21	ready_non_test	84	2Y	exact	84	MICRO 2-YEAR TREASURY YIELD FUTURES	4,17,21	d21acb34cc1857d77a01ba9c499b2dbce43ad125dec0afd933e79467e288747a	False	False	False		XCBT	FFDXSX	IPNT	2026	2YYJ6,2YYK6,2YYM6
2ZW	469	ready_non_test	78	PA	exact	78	CPC-POWER 2	4,17,21	d21acb34cc1857d77a01ba9c499b2dbce43ad125dec0afd933e79467e288747a	False	False	False		XNYM	FCMXSX	MWH	2026	2ZWJ621,2ZWJ622,2ZWJ623,2ZWJ624
30U	28	ready_non_test	84	BM	exact	84	30-YR UNIFORM MORTGAGE-BACKED SECURITY FUTURES	4,17,21	d21acb34cc1857d77a01ba9c499b2dbce43ad125dec0afd933e79467e288747a	False	False	False		XCBT	FFDXSX	USD	2026	30UK6,30UM6,30UN6,30UQ6
30Y	21	ready_non_test	84	6Y	exact	84	MICRO 30-YEAR TREASURY YIELD FUTURES	4,17,21	d21acb34cc1857d77a01ba9c499b2dbce43ad125dec0afd933e79467e288747a	False	False	False		XCBT	FFDXSX	IPNT	2026	30YJ6,30YK6,30YM6
33K	7	ready_non_test	70	HW	exact	70	CME WEATHER FUTURES	4,17,21	d21acb34cc1857d77a01ba9c499b2dbce43ad125dec0afd933e79467e288747a	False	False	False		XCME	FCAXSX	IPNT	2026	33KU6
35U	28	ready_non_test	84	BM	exact	84	30-YR UNIFORM MORTGAGE-BACKED SECURITY FUTURES	4,17,21	d21acb34cc1857d77a01ba9c499b2dbce43ad125dec0afd933e79467e288747a	False	False	False		XCBT	FFDXSX	USD	2026	35UK6,35UM6,35UN6,35UQ6
3A	143	synthetic_no_ready	80	09	exact	80	SYNTHETIC CRUDE	2,4	bf10f1b3e23ad8320182b8dc97354d72ac617d87796ea55c0d14e6f5f2ae0fcc	False	False	False		XNYM	FCMXSX	BBL	2026,2027,2028,2029	3AF7,3AG7,3AH7,3AH8
3B	154	synthetic_no_ready	80	09	exact	80	SYNTHETIC CRUDE	2,4	bf10f1b3e23ad8320182b8dc97354d72ac617d87796ea55c0d14e6f5f2ae0fcc	False	False	False		XNYM	FCMXSX	BBL	2026,2027,2028,2029	3BF7,3BG7,3BH7,3BH8
3CE	70	synthetic_no_ready	80	09	exact	80	SYNTHETIC CRUDE	2,4	bf10f1b3e23ad8320182b8dc97354d72ac617d87796ea55c0d14e6f5f2ae0fcc	False	False	False		XNYM	FCMXSX	GAL	2026,2027	3CEF7,3CEG7,3CEK6,3CEM6
3G0	7	ready_non_test	70	HW	exact	70	CME WEATHER FUTURES	4,17,21	d21acb34cc1857d77a01ba9c499b2dbce43ad125dec0afd933e79467e288747a	False	False	False		XCME	FCAXSX	IPNT	2026	3G0U6
3G1	7	ready_non_test	70	HW	exact	70	CME WEATHER FUTURES	4,17,21	d21acb34cc1857d77a01ba9c499b2dbce43ad125dec0afd933e79467e288747a	False	False	False		XCME	FCAXSX	IPNT	2026	3G1U6
3G2	7	ready_non_test	70	HW	exact	70	CME WEATHER FUTURES	4,17,21	d21acb34cc1857d77a01ba9c499b2dbce43ad125dec0afd933e79467e288747a	False	False	False		XCME	FCAXSX	IPNT	2026	3G2U6
3G4	7	ready_non_test	70	HW	exact	70	CME WEATHER FUTURES	4,17,21	d21acb34cc1857d77a01ba9c499b2dbce43ad125dec0afd933e79467e288747a	False	False	False		XCME	FCAXSX	IPNT	2026	3G4U6
3G6	7	ready_non_test	70	HW	exact	70	CME WEATHER FUTURES	4,17,21	d21acb34cc1857d77a01ba9c499b2dbce43ad125dec0afd933e79467e288747a	False	False	False		XCME	FCAXSX	IPNT	2026	3G6U6
3K0	7	ready_non_test	70	HW	exact	70	CME WEATHER FUTURES	4,17,21	d21acb34cc1857d77a01ba9c499b2dbce43ad125dec0afd933e79467e288747a	False	False	False		XCME	FCAXSX	IPNT	2026	3K0U6
3K1	7	ready_non_test	70	HW	exact	70	CME WEATHER FUTURES	4,17,21	d21acb34cc1857d77a01ba9c499b2dbce43ad125dec0afd933e79467e288747a	False	False	False		XCME	FCAXSX	IPNT	2026	3K1U6
3K2	7	ready_non_test	70	HW	exact	70	CME WEATHER FUTURES	4,17,21	d21acb34cc1857d77a01ba9c499b2dbce43ad125dec0afd933e79467e288747a	False	False	False		XCME	FCAXSX	IPNT	2026	3K2U6
3K3	7	ready_non_test	70	HW	exact	70	CME WEATHER FUTURES	4,17,21	d21acb34cc1857d77a01ba9c499b2dbce43ad125dec0afd933e79467e288747a	False	False	False		XCME	FCAXSX	IPNT	2026	3K3U6
3K4	7	ready_non_test	70	HW	exact	70	CME WEATHER FUTURES	4,17,21	d21acb34cc1857d77a01ba9c499b2dbce43ad125dec0afd933e79467e288747a	False	False	False		XCME	FCAXSX	IPNT	2026	3K4U6
3K5	7	ready_non_test	70	HW	exact	70	CME WEATHER FUTURES	4,17,21	d21acb34cc1857d77a01ba9c499b2dbce43ad125dec0afd933e79467e288747a	False	False	False		XCME	FCAXSX	IPNT	2026	3K5U6
3K6	7	ready_non_test	70	HW	exact	70	CME WEATHER FUTURES	4,17,21	d21acb34cc1857d77a01ba9c499b2dbce43ad125dec0afd933e79467e288747a	False	False	False		XCME	FCAXSX	IPNT	2026	3K6U6
3K7	7	ready_non_test	70	HW	exact	70	CME WEATHER FUTURES	4,17,21	d21acb34cc1857d77a01ba9c499b2dbce43ad125dec0afd933e79467e288747a	False	False	False		XCME	FCAXSX	IPNT	2026	3K7U6
3KP	7	ready_non_test	70	HW	exact	70	CME WEATHER FUTURES	4,17,21	d21acb34cc1857d77a01ba9c499b2dbce43ad125dec0afd933e79467e288747a	False	False	False		XCME	FCAXSX	IPNT	2026	3KPU6
3KQ	7	ready_non_test	70	HW	exact	70	CME WEATHER FUTURES	4,17,21	d21acb34cc1857d77a01ba9c499b2dbce43ad125dec0afd933e79467e288747a	False	False	False		XCME	FCAXSX	IPNT	2026	3KQU6
3KS	7	ready_non_test	70	HW	exact	70	CME WEATHER FUTURES	4,17,21	d21acb34cc1857d77a01ba9c499b2dbce43ad125dec0afd933e79467e288747a	False	False	False		XCME	FCAXSX	IPNT	2026	3KSU6
3KW	7	ready_non_test	70	HW	exact	70	CME WEATHER FUTURES	4,17,21	d21acb34cc1857d77a01ba9c499b2dbce43ad125dec0afd933e79467e288747a	False	False	False		XCME	FCAXSX	IPNT	2026	3KWU6
3L	259	ready_non_test	78	JR	exact	78	CPC-REFINED 3	4,17,21	d21acb34cc1857d77a01ba9c499b2dbce43ad125dec0afd933e79467e288747a	False	False	False		XNYM	FCMXSX	GAL	2026,2027,2028,2029	3LF7,3LF8,3LF9,3LG7
3NA	231	ready_non_test	78	ZZ	exact	78	CPC-POWER/PETROCHEM	4,17,21	d21acb34cc1857d77a01ba9c499b2dbce43ad125dec0afd933e79467e288747a	False	False	False		XNYM	FCMXSX	MTONS	2026,2027,2028	3NAF7,3NAF8,3NAG7,3NAG8
3NB	588	ready_non_test	78	ZZ	exact	78	CPC-POWER/PETROCHEM	4,17,21	d21acb34cc1857d77a01ba9c499b2dbce43ad125dec0afd933e79467e288747a	False	False	False		XNYM	FCMXSX	MTONS	2026	3NBJ601,3NBJ602,3NBJ606,3NBJ607
3P	343	ready_non_test	78	JR	exact	78	CPC-REFINED 3	4,17,21	d21acb34cc1857d77a01ba9c499b2dbce43ad125dec0afd933e79467e288747a	False	False	False		XNYM	FCMXSX	GAL	2026,2027,2028,2029,2030	3PF0,3PF7,3PF8,3PF9
3V	588	ready_non_test	80	CP	exact	80	CPC-REFINED 2	4,17,21	d21acb34cc1857d77a01ba9c499b2dbce43ad125dec0afd933e79467e288747a	False	False	False		XNYM	FCMXSX	MTONS	2026	3VJ601,3VJ602,3VJ607,3VJ608
3XW	476	ready_non_test	78	PA	exact	78	CPC-POWER 2	4,17,21	d21acb34cc1857d77a01ba9c499b2dbce43ad125dec0afd933e79467e288747a	False	False	False		XNYM	FCMXSX	MWH	2026,2027,2028,2029,2030,2031	3XWF0,3XWF1,3XWF7,3XWF8
3ZW	396	ready_non_test	78	PA	exact	78	CPC-POWER 2	4,17,21	d21acb34cc1857d77a01ba9c499b2dbce43ad125dec0afd933e79467e288747a	False	False	False		XNYM	FCMXSX	MWH	2026	3ZWJ621,3ZWJ622,3ZWJ623,3ZWJ624
40U	28	ready_non_test	84	BM	exact	84	30-YR UNIFORM MORTGAGE-BACKED SECURITY FUTURES	4,17,21	d21acb34cc1857d77a01ba9c499b2dbce43ad125dec0afd933e79467e288747a	False	False	False		XCBT	FFDXSX	USD	2026	40UK6,40UM6,40UN6,40UQ6
45U	28	ready_non_test	84	BM	exact	84	30-YR UNIFORM MORTGAGE-BACKED SECURITY FUTURES	4,17,21	d21acb34cc1857d77a01ba9c499b2dbce43ad125dec0afd933e79467e288747a	False	False	False		XCBT	FFDXSX	USD	2026	45UK6,45UM6,45UN6,45UQ6
4A	115	synthetic_no_ready	80	09	exact	80	SYNTHETIC CRUDE	2,4	bf10f1b3e23ad8320182b8dc97354d72ac617d87796ea55c0d14e6f5f2ae0fcc	False	False	False		XNYM	FCMXSX	BBL	2026,2027,2028	4AF7,4AG7,4AH7,4AJ7
4B	126	synthetic_no_ready	80	09	exact	80	SYNTHETIC CRUDE	2,4	bf10f1b3e23ad8320182b8dc97354d72ac617d87796ea55c0d14e6f5f2ae0fcc	False	False	False		XNYM	FCMXSX	BBL	2026,2027,2028,2029	4BF7,4BG7,4BH7,4BJ7
4C	259	ready_non_test	80	CP	exact	80	CPC-REFINED 2	4,17,21	d21acb34cc1857d77a01ba9c499b2dbce43ad125dec0afd933e79467e288747a	False	False	False		XNYM	FCMXSX	GAL	2026,2027,2028,2029	4CF7,4CF8,4CF9,4CG7
4D0	7	ready_non_test	70	HW	exact	70	CME WEATHER FUTURES	4,17,21	d21acb34cc1857d77a01ba9c499b2dbce43ad125dec0afd933e79467e288747a	False	False	False		XCME	FCAXSX	IPNT	2026	4D0Z6
4D1	7	ready_non_test	70	HW	exact	70	CME WEATHER FUTURES	4,17,21	d21acb34cc1857d77a01ba9c499b2dbce43ad125dec0afd933e79467e288747a	False	False	False		XCME	FCAXSX	IPNT	2026	4D1Z6
4D2	7	ready_non_test	70	HW	exact	70	CME WEATHER FUTURES	4,17,21	d21acb34cc1857d77a01ba9c499b2dbce43ad125dec0afd933e79467e288747a	False	False	False		XCME	FCAXSX	IPNT	2026	4D2Z6
4D4	7	ready_non_test	70	HW	exact	70	CME WEATHER FUTURES	4,17,21	d21acb34cc1857d77a01ba9c499b2dbce43ad125dec0afd933e79467e288747a	False	False	False		XCME	FCAXSX	IPNT	2026	4D4Z6
4G6	7	ready_non_test	70	HW	exact	70	CME WEATHER FUTURES	4,17,21	d21acb34cc1857d77a01ba9c499b2dbce43ad125dec0afd933e79467e288747a	False	False	False		XCME	FCAXSX	IPNT	2026	4G6Z6
4GC	154	ready_non_test	78	GC	exact	78	GOLD FUTURES	4,17,21	d21acb34cc1857d77a01ba9c499b2dbce43ad125dec0afd933e79467e288747a	False	False	False		XCEC	FXXXSX	TRYOZ	2026,2027,2028,2029,2030,2031	4GCG7,4GCG8,4GCJ6,4GCJ7
4H0	7	ready_non_test	70	HW	exact	70	CME WEATHER FUTURES	4,17,21	d21acb34cc1857d77a01ba9c499b2dbce43ad125dec0afd933e79467e288747a	False	False	False		XCME	FCAXSX	IPNT	2026	4H0Z6
4H1	7	ready_non_test	70	HW	exact	70	CME WEATHER FUTURES	4,17,21	d21acb34cc1857d77a01ba9c499b2dbce43ad125dec0afd933e79467e288747a	False	False	False		XCME	FCAXSX	IPNT	2026	4H1Z6
4H2	7	ready_non_test	70	HW	exact	70	CME WEATHER FUTURES	4,17,21	d21acb34cc1857d77a01ba9c499b2dbce43ad125dec0afd933e79467e288747a	False	False	False		XCME	FCAXSX	IPNT	2026	4H2Z6
4H3	7	ready_non_test	70	HW	exact	70	CME WEATHER FUTURES	4,17,21	d21acb34cc1857d77a01ba9c499b2dbce43ad125dec0afd933e79467e288747a	False	False	False		XCME	FCAXSX	IPNT	2026	4H3Z6
4H4	7	ready_non_test	70	HW	exact	70	CME WEATHER FUTURES	4,17,21	d21acb34cc1857d77a01ba9c499b2dbce43ad125dec0afd933e79467e288747a	False	False	False		XCME	FCAXSX	IPNT	2026	4H4Z6
4H5	7	ready_non_test	70	HW	exact	70	CME WEATHER FUTURES	4,17,21	d21acb34cc1857d77a01ba9c499b2dbce43ad125dec0afd933e79467e288747a	False	False	False		XCME	FCAXSX	IPNT	2026	4H5Z6
4H6	7	ready_non_test	70	HW	exact	70	CME WEATHER FUTURES	4,17,21	d21acb34cc1857d77a01ba9c499b2dbce43ad125dec0afd933e79467e288747a	False	False	False		XCME	FCAXSX	IPNT	2026	4H6Z6
4H7	7	ready_non_test	70	HW	exact	70	CME WEATHER FUTURES	4,17,21	d21acb34cc1857d77a01ba9c499b2dbce43ad125dec0afd933e79467e288747a	False	False	False		XCME	FCAXSX	IPNT	2026	4H7Z6
4HQ	7	ready_non_test	70	HW	exact	70	CME WEATHER FUTURES	4,17,21	d21acb34cc1857d77a01ba9c499b2dbce43ad125dec0afd933e79467e288747a	False	False	False		XCME	FCAXSX	IPNT	2026	4HQZ6
4HR	7	ready_non_test	70	HW	exact	70	CME WEATHER FUTURES	4,17,21	d21acb34cc1857d77a01ba9c499b2dbce43ad125dec0afd933e79467e288747a	False	False	False		XCME	FCAXSX	IPNT	2026	4HRZ6
4HS	7	ready_non_test	70	HW	exact	70	CME WEATHER FUTURES	4,17,21	d21acb34cc1857d77a01ba9c499b2dbce43ad125dec0afd933e79467e288747a	False	False	False		XCME	FCAXSX	IPNT	2026	4HSZ6
4HW	7	ready_non_test	70	HW	exact	70	CME WEATHER FUTURES	4,17,21	d21acb34cc1857d77a01ba9c499b2dbce43ad125dec0afd933e79467e288747a	False	False	False		XCME	FCAXSX	IPNT	2026	4HWZ6
4LP	7	ready_non_test	70	HW	exact	70	CME WEATHER FUTURES	4,17,21	d21acb34cc1857d77a01ba9c499b2dbce43ad125dec0afd933e79467e288747a	False	False	False		XCME	FCAXSX	IPNT	2026	4LPZ6
4V	588	ready_non_test	80	CP	exact	80	CPC-REFINED 2	4,17,21	d21acb34cc1857d77a01ba9c499b2dbce43ad125dec0afd933e79467e288747a	False	False	False		XNYM	FCMXSX	MTONS	2026	4VJ601,4VJ602,4VJ607,4VJ608
4XW	476	ready_non_test	78	PA	exact	78	CPC-POWER 2	4,17,21	d21acb34cc1857d77a01ba9c499b2dbce43ad125dec0afd933e79467e288747a	False	False	False		XNYM	FCMXSX	MWH	2026,2027,2028,2029,2030,2031	4XWF0,4XWF1,4XWF7,4XWF8
50U	28	ready_non_test	84	BM	exact	84	30-YR UNIFORM MORTGAGE-BACKED SECURITY FUTURES	4,17,21	d21acb34cc1857d77a01ba9c499b2dbce43ad125dec0afd933e79467e288747a	False	False	False		XCBT	FFDXSX	USD	2026	50UK6,50UM6,50UN6,50UQ6
51	266	ready_non_test	78	JR	exact	78	CPC-REFINED 3	4,17,21	d21acb34cc1857d77a01ba9c499b2dbce43ad125dec0afd933e79467e288747a	False	False	False		XNYM	FCMXSX	MTONS	2026,2027,2028,2029	51F7,51F8,51F9,51G7
55U	28	ready_non_test	84	BM	exact	84	30-YR UNIFORM MORTGAGE-BACKED SECURITY FUTURES	4,17,21	d21acb34cc1857d77a01ba9c499b2dbce43ad125dec0afd933e79467e288747a	False	False	False		XCBT	FFDXSX	USD	2026	55UK6,55UM6,55UN6,55UQ6
5A	87	synthetic_no_ready	80	09	exact	80	SYNTHETIC CRUDE	2,4	bf10f1b3e23ad8320182b8dc97354d72ac617d87796ea55c0d14e6f5f2ae0fcc	False	False	False		XNYM	FCMXSX	BBL	2026,2027	5AF7,5AG7,5AH7,5AJ7
5B	91	synthetic_no_ready	80	09	exact	80	SYNTHETIC CRUDE	2,4	bf10f1b3e23ad8320182b8dc97354d72ac617d87796ea55c0d14e6f5f2ae0fcc	False	False	False		XNYM	FCMXSX	BBL	2026,2027	5BF7,5BG7,5BH7,5BJ7
5L	588	ready_non_test	80	CP	exact	80	CPC-REFINED 2	4,17,21	d21acb34cc1857d77a01ba9c499b2dbce43ad125dec0afd933e79467e288747a	False	False	False		XNYM	FCMXSX	MTONS	2026	5LJ601,5LJ602,5LJ606,5LJ607
5Y	259	ready_non_test	80	CP	exact	80	CPC-REFINED 2	4,17,21	d21acb34cc1857d77a01ba9c499b2dbce43ad125dec0afd933e79467e288747a	False	False	False		XNYM	FCMXSX	GAL	2026,2027,2028,2029	5YF7,5YF8,5YF9,5YG7
5YY	21	ready_non_test	84	5Y	exact	84	MICRO 5-YEAR TREASURY YIELD FUTURES	4,17,21	d21acb34cc1857d77a01ba9c499b2dbce43ad125dec0afd933e79467e288747a	False	False	False		XCBT	FFDXSX	IPNT	2026	5YYJ6,5YYK6,5YYM6
60U	28	ready_non_test	84	BM	exact	84	30-YR UNIFORM MORTGAGE-BACKED SECURITY FUTURES	4,17,21	d21acb34cc1857d77a01ba9c499b2dbce43ad125dec0afd933e79467e288747a	False	False	False		XCBT	FFDXSX	USD	2026	60UK6,60UM6,60UN6,60UQ6
63	574	ready_non_test	80	CP	exact	80	CPC-REFINED 2	4,17,21	d21acb34cc1857d77a01ba9c499b2dbce43ad125dec0afd933e79467e288747a	False	False	False		XNYM	FCMXSX	MTONS	2026	63J601,63J602,63J607,63J608
65U	28	ready_non_test	84	BM	exact	84	30-YR UNIFORM MORTGAGE-BACKED SECURITY FUTURES	4,17,21	d21acb34cc1857d77a01ba9c499b2dbce43ad125dec0afd933e79467e288747a	False	False	False		XCBT	FFDXSX	USD	2026	65UK6,65UM6,65UN6,65UQ6
6A1V2	7	synthetic_no_ready	88	01	exact	88	SYNTHETIC GBP/AUD/JPY SPOT FX	2,4	bf10f1b3e23ad8320182b8dc97354d72ac617d87796ea55c0d14e6f5f2ae0fcc	True	False	True		XCME	FFCXSX	IPNT	2099	6A1V2Z99
6A1V3	7	synthetic_no_ready	88	01	exact	88	SYNTHETIC GBP/AUD/JPY SPOT FX	2,4	bf10f1b3e23ad8320182b8dc97354d72ac617d87796ea55c0d14e6f5f2ae0fcc	True	False	True		XCME	FFCXSX	IPNT	2099	6A1V3Z99
6A1V4	7	synthetic_no_ready	88	01	exact	88	SYNTHETIC GBP/AUD/JPY SPOT FX	2,4	bf10f1b3e23ad8320182b8dc97354d72ac617d87796ea55c0d14e6f5f2ae0fcc	True	False	True		XCME	FFCXSX	IPNT	2099	6A1V4Z99
6A2V3	7	synthetic_no_ready	88	01	exact	88	SYNTHETIC GBP/AUD/JPY SPOT FX	2,4	bf10f1b3e23ad8320182b8dc97354d72ac617d87796ea55c0d14e6f5f2ae0fcc	True	False	True		XCME	FFCXSX	IPNT	2099	6A2V3Z99
6A2V4	7	synthetic_no_ready	88	01	exact	88	SYNTHETIC GBP/AUD/JPY SPOT FX	2,4	bf10f1b3e23ad8320182b8dc97354d72ac617d87796ea55c0d14e6f5f2ae0fcc	True	False	True		XCME	FFCXSX	IPNT	2099	6A2V4Z99
6ACP1	7	synthetic_no_ready	88	01	exact	88	SYNTHETIC GBP/AUD/JPY SPOT FX	2,4	bf10f1b3e23ad8320182b8dc97354d72ac617d87796ea55c0d14e6f5f2ae0fcc	True	True	False		XCME	FFCXSX	IPNT	2099	6ACP1Z99
6ACPA	7	synthetic_no_ready	88	01	exact	88	SYNTHETIC GBP/AUD/JPY SPOT FX	2,4	bf10f1b3e23ad8320182b8dc97354d72ac617d87796ea55c0d14e6f5f2ae0fcc	True	True	False		XCME	FFCXSX	IPNT	2099	6ACPAZ99
6B1V2	7	synthetic_no_ready	88	01	exact	88	SYNTHETIC GBP/AUD/JPY SPOT FX	2,4	bf10f1b3e23ad8320182b8dc97354d72ac617d87796ea55c0d14e6f5f2ae0fcc	True	False	True		XCME	FFCXSX	IPNT	2099	6B1V2Z99
6B1V3	7	synthetic_no_ready	88	01	exact	88	SYNTHETIC GBP/AUD/JPY SPOT FX	2,4	bf10f1b3e23ad8320182b8dc97354d72ac617d87796ea55c0d14e6f5f2ae0fcc	True	False	True		XCME	FFCXSX	IPNT	2099	6B1V3Z99
6B1V4	7	synthetic_no_ready	88	01	exact	88	SYNTHETIC GBP/AUD/JPY SPOT FX	2,4	bf10f1b3e23ad8320182b8dc97354d72ac617d87796ea55c0d14e6f5f2ae0fcc	True	False	True		XCME	FFCXSX	IPNT	2099	6B1V4Z99
6B2V3	7	synthetic_no_ready	88	01	exact	88	SYNTHETIC GBP/AUD/JPY SPOT FX	2,4	bf10f1b3e23ad8320182b8dc97354d72ac617d87796ea55c0d14e6f5f2ae0fcc	True	False	True		XCME	FFCXSX	IPNT	2099	6B2V3Z99
6B2V4	7	synthetic_no_ready	88	01	exact	88	SYNTHETIC GBP/AUD/JPY SPOT FX	2,4	bf10f1b3e23ad8320182b8dc97354d72ac617d87796ea55c0d14e6f5f2ae0fcc	True	False	True		XCME	FFCXSX	IPNT	2099	6B2V4Z99
6BCP1	7	synthetic_no_ready	88	01	exact	88	SYNTHETIC GBP/AUD/JPY SPOT FX	2,4	bf10f1b3e23ad8320182b8dc97354d72ac617d87796ea55c0d14e6f5f2ae0fcc	True	True	False		XCME	FFCXSX	IPNT	2099	6BCP1Z99
6BCPA	7	synthetic_no_ready	88	01	exact	88	SYNTHETIC GBP/AUD/JPY SPOT FX	2,4	bf10f1b3e23ad8320182b8dc97354d72ac617d87796ea55c0d14e6f5f2ae0fcc	True	True	False		XCME	FFCXSX	IPNT	2099	6BCPAZ99
6C1V2	7	synthetic_no_ready	88	01	exact	88	SYNTHETIC GBP/AUD/JPY SPOT FX	2,4	bf10f1b3e23ad8320182b8dc97354d72ac617d87796ea55c0d14e6f5f2ae0fcc	True	False	True		XCME	FFCXSX	IPNT	2099	6C1V2Z99
6C1V3	7	synthetic_no_ready	88	01	exact	88	SYNTHETIC GBP/AUD/JPY SPOT FX	2,4	bf10f1b3e23ad8320182b8dc97354d72ac617d87796ea55c0d14e6f5f2ae0fcc	True	False	True		XCME	FFCXSX	IPNT	2099	6C1V3Z99
6C1V4	7	synthetic_no_ready	88	01	exact	88	SYNTHETIC GBP/AUD/JPY SPOT FX	2,4	bf10f1b3e23ad8320182b8dc97354d72ac617d87796ea55c0d14e6f5f2ae0fcc	True	False	True		XCME	FFCXSX	IPNT	2099	6C1V4Z99
6C2V3	7	synthetic_no_ready	88	01	exact	88	SYNTHETIC GBP/AUD/JPY SPOT FX	2,4	bf10f1b3e23ad8320182b8dc97354d72ac617d87796ea55c0d14e6f5f2ae0fcc	True	False	True		XCME	FFCXSX	IPNT	2099	6C2V3Z99
6C2V4	7	synthetic_no_ready	88	01	exact	88	SYNTHETIC GBP/AUD/JPY SPOT FX	2,4	bf10f1b3e23ad8320182b8dc97354d72ac617d87796ea55c0d14e6f5f2ae0fcc	True	False	True		XCME	FFCXSX	IPNT	2099	6C2V4Z99
6CCP1	7	synthetic_no_ready	88	01	exact	88	SYNTHETIC GBP/AUD/JPY SPOT FX	2,4	bf10f1b3e23ad8320182b8dc97354d72ac617d87796ea55c0d14e6f5f2ae0fcc	True	True	False		XCME	FFCXSX	IPNT	2099	6CCP1Z99
6CCPA	7	synthetic_no_ready	88	01	exact	88	SYNTHETIC GBP/AUD/JPY SPOT FX	2,4	bf10f1b3e23ad8320182b8dc97354d72ac617d87796ea55c0d14e6f5f2ae0fcc	True	True	False		XCME	FFCXSX	IPNT	2099	6CCPAZ99
6CE	56	synthetic_no_ready	80	09	exact	80	SYNTHETIC CRUDE	2,4	bf10f1b3e23ad8320182b8dc97354d72ac617d87796ea55c0d14e6f5f2ae0fcc	False	False	False		XNYM	FCMXSX	GAL	2026	6CEK6,6CEM6,6CEN6,6CEQ6
6E1V2	7	synthetic_no_ready	88	01	exact	88	SYNTHETIC GBP/AUD/JPY SPOT FX	2,4	bf10f1b3e23ad8320182b8dc97354d72ac617d87796ea55c0d14e6f5f2ae0fcc	True	False	True		XCME	FFCXSX	IPNT	2099	6E1V2Z99
6E1V3	7	synthetic_no_ready	88	01	exact	88	SYNTHETIC GBP/AUD/JPY SPOT FX	2,4	bf10f1b3e23ad8320182b8dc97354d72ac617d87796ea55c0d14e6f5f2ae0fcc	True	False	True		XCME	FFCXSX	IPNT	2099	6E1V3Z99
6E1V4	7	synthetic_no_ready	88	01	exact	88	SYNTHETIC GBP/AUD/JPY SPOT FX	2,4	bf10f1b3e23ad8320182b8dc97354d72ac617d87796ea55c0d14e6f5f2ae0fcc	True	False	True		XCME	FFCXSX	IPNT	2099	6E1V4Z99
6E2V3	7	synthetic_no_ready	88	01	exact	88	SYNTHETIC GBP/AUD/JPY SPOT FX	2,4	bf10f1b3e23ad8320182b8dc97354d72ac617d87796ea55c0d14e6f5f2ae0fcc	True	False	True		XCME	FFCXSX	IPNT	2099	6E2V3Z99
6E2V4	7	synthetic_no_ready	88	01	exact	88	SYNTHETIC GBP/AUD/JPY SPOT FX	2,4	bf10f1b3e23ad8320182b8dc97354d72ac617d87796ea55c0d14e6f5f2ae0fcc	True	False	True		XCME	FFCXSX	IPNT	2099	6E2V4Z99
6EB	7	ready_non_test	88	6D	exact	88	BTIC on EURO CURRENCY 	2,4,17,18,21	2ef86ee889cd343b413aa6dc50503d7182862703a59a584f3c9d48cf237c148b	False	False	False		XCME	FFIXSX	EUR	2026	6EBM6
6ECP1	7	synthetic_no_ready	88	01	exact	88	SYNTHETIC GBP/AUD/JPY SPOT FX	2,4	bf10f1b3e23ad8320182b8dc97354d72ac617d87796ea55c0d14e6f5f2ae0fcc	True	True	False		XCME	FFCXSX	IPNT	2099	6ECP1Z99
6ECPA	7	synthetic_no_ready	88	01	exact	88	SYNTHETIC GBP/AUD/JPY SPOT FX	2,4	bf10f1b3e23ad8320182b8dc97354d72ac617d87796ea55c0d14e6f5f2ae0fcc	True	True	False		XCME	FFCXSX	IPNT	2099	6ECPAZ99
6EP	14	ready_non_test	88	6X	exact	88	BTIC+ on NEARBY EURO CURRENCY 	4,17,21	d21acb34cc1857d77a01ba9c499b2dbce43ad125dec0afd933e79467e288747a	False	False	False		XCME	FFIXSX	EUR	2026	6EPJ6,6EPK6
6H	35	ready_non_test	88	6U	exact	88	CHINESE REMINBI (CNH/USD)	4,17,21	d21acb34cc1857d77a01ba9c499b2dbce43ad125dec0afd933e79467e288747a	False	False	False		XCME	FFCXSX	CNH	2026,2027	6HH7,6HM6,6HM7,6HU6
6J1V2	7	synthetic_no_ready	88	01	exact	88	SYNTHETIC GBP/AUD/JPY SPOT FX	2,4	bf10f1b3e23ad8320182b8dc97354d72ac617d87796ea55c0d14e6f5f2ae0fcc	True	False	True		XCME	FFCXSX	IPNT	2099	6J1V2Z99
6J1V3	7	synthetic_no_ready	88	01	exact	88	SYNTHETIC GBP/AUD/JPY SPOT FX	2,4	bf10f1b3e23ad8320182b8dc97354d72ac617d87796ea55c0d14e6f5f2ae0fcc	True	False	True		XCME	FFCXSX	IPNT	2099	6J1V3Z99
6J1V4	7	synthetic_no_ready	88	01	exact	88	SYNTHETIC GBP/AUD/JPY SPOT FX	2,4	bf10f1b3e23ad8320182b8dc97354d72ac617d87796ea55c0d14e6f5f2ae0fcc	True	False	True		XCME	FFCXSX	IPNT	2099	6J1V4Z99
6J2V3	7	synthetic_no_ready	88	01	exact	88	SYNTHETIC GBP/AUD/JPY SPOT FX	2,4	bf10f1b3e23ad8320182b8dc97354d72ac617d87796ea55c0d14e6f5f2ae0fcc	True	False	True		XCME	FFCXSX	IPNT	2099	6J2V3Z99
6J2V4	7	synthetic_no_ready	88	01	exact	88	SYNTHETIC GBP/AUD/JPY SPOT FX	2,4	bf10f1b3e23ad8320182b8dc97354d72ac617d87796ea55c0d14e6f5f2ae0fcc	True	False	True		XCME	FFCXSX	IPNT	2099	6J2V4Z99
6JCP1	7	synthetic_no_ready	88	01	exact	88	SYNTHETIC GBP/AUD/JPY SPOT FX	2,4	bf10f1b3e23ad8320182b8dc97354d72ac617d87796ea55c0d14e6f5f2ae0fcc	True	True	False		XCME	FFCXSX	IPNT	2099	6JCP1Z99
6JCPA	7	synthetic_no_ready	88	01	exact	88	SYNTHETIC GBP/AUD/JPY SPOT FX	2,4	bf10f1b3e23ad8320182b8dc97354d72ac617d87796ea55c0d14e6f5f2ae0fcc	True	True	False		XCME	FFCXSX	IPNT	2099	6JCPAZ99
6L	427	ready_non_test	88	6L	exact	88	BRAZILIAN REAL FUTURES	4,17,21	d21acb34cc1857d77a01ba9c499b2dbce43ad125dec0afd933e79467e288747a	False	False	False		XCME	FFCXSX	BRL	2026,2027,2028,2029,2030,2031	6LF0,6LF1,6LF7,6LF8
6M1V2	7	synthetic_no_ready	88	01	exact	88	SYNTHETIC GBP/AUD/JPY SPOT FX	2,4	bf10f1b3e23ad8320182b8dc97354d72ac617d87796ea55c0d14e6f5f2ae0fcc	True	False	True		XCME	FFCXSX	IPNT	2099	6M1V2Z99
6M1V3	7	synthetic_no_ready	88	01	exact	88	SYNTHETIC GBP/AUD/JPY SPOT FX	2,4	bf10f1b3e23ad8320182b8dc97354d72ac617d87796ea55c0d14e6f5f2ae0fcc	True	False	True		XCME	FFCXSX	IPNT	2099	6M1V3Z99
6M1V4	7	synthetic_no_ready	88	01	exact	88	SYNTHETIC GBP/AUD/JPY SPOT FX	2,4	bf10f1b3e23ad8320182b8dc97354d72ac617d87796ea55c0d14e6f5f2ae0fcc	True	False	True		XCME	FFCXSX	IPNT	2099	6M1V4Z99
6M2V3	7	synthetic_no_ready	88	01	exact	88	SYNTHETIC GBP/AUD/JPY SPOT FX	2,4	bf10f1b3e23ad8320182b8dc97354d72ac617d87796ea55c0d14e6f5f2ae0fcc	True	False	True		XCME	FFCXSX	IPNT	2099	6M2V3Z99
6M2V4	7	synthetic_no_ready	88	01	exact	88	SYNTHETIC GBP/AUD/JPY SPOT FX	2,4	bf10f1b3e23ad8320182b8dc97354d72ac617d87796ea55c0d14e6f5f2ae0fcc	True	False	True		XCME	FFCXSX	IPNT	2099	6M2V4Z99
6MCP1	7	synthetic_no_ready	88	01	exact	88	SYNTHETIC GBP/AUD/JPY SPOT FX	2,4	bf10f1b3e23ad8320182b8dc97354d72ac617d87796ea55c0d14e6f5f2ae0fcc	True	True	False		XCME	FFCXSX	IPNT	2099	6MCP1Z99
6MCPA	7	synthetic_no_ready	88	01	exact	88	SYNTHETIC GBP/AUD/JPY SPOT FX	2,4	bf10f1b3e23ad8320182b8dc97354d72ac617d87796ea55c0d14e6f5f2ae0fcc	True	True	False		XCME	FFCXSX	IPNT	2099	6MCPAZ99
6N1V2	7	synthetic_no_ready	88	01	exact	88	SYNTHETIC GBP/AUD/JPY SPOT FX	2,4	bf10f1b3e23ad8320182b8dc97354d72ac617d87796ea55c0d14e6f5f2ae0fcc	True	False	True		XCME	FFCXSX	IPNT	2099	6N1V2Z99
6N1V3	7	synthetic_no_ready	88	01	exact	88	SYNTHETIC GBP/AUD/JPY SPOT FX	2,4	bf10f1b3e23ad8320182b8dc97354d72ac617d87796ea55c0d14e6f5f2ae0fcc	True	False	True		XCME	FFCXSX	IPNT	2099	6N1V3Z99
6N1V4	7	synthetic_no_ready	88	01	exact	88	SYNTHETIC GBP/AUD/JPY SPOT FX	2,4	bf10f1b3e23ad8320182b8dc97354d72ac617d87796ea55c0d14e6f5f2ae0fcc	True	False	True		XCME	FFCXSX	IPNT	2099	6N1V4Z99
6N2V3	7	synthetic_no_ready	88	01	exact	88	SYNTHETIC GBP/AUD/JPY SPOT FX	2,4	bf10f1b3e23ad8320182b8dc97354d72ac617d87796ea55c0d14e6f5f2ae0fcc	True	False	True		XCME	FFCXSX	IPNT	2099	6N2V3Z99
6N2V4	7	synthetic_no_ready	88	01	exact	88	SYNTHETIC GBP/AUD/JPY SPOT FX	2,4	bf10f1b3e23ad8320182b8dc97354d72ac617d87796ea55c0d14e6f5f2ae0fcc	True	False	True		XCME	FFCXSX	IPNT	2099	6N2V4Z99
6NCP1	7	synthetic_no_ready	88	01	exact	88	SYNTHETIC GBP/AUD/JPY SPOT FX	2,4	bf10f1b3e23ad8320182b8dc97354d72ac617d87796ea55c0d14e6f5f2ae0fcc	True	True	False		XCME	FFCXSX	IPNT	2099	6NCP1Z99
6NCPA	7	synthetic_no_ready	88	01	exact	88	SYNTHETIC GBP/AUD/JPY SPOT FX	2,4	bf10f1b3e23ad8320182b8dc97354d72ac617d87796ea55c0d14e6f5f2ae0fcc	True	True	False		XCME	FFCXSX	IPNT	2099	6NCPAZ99
6S1V2	7	synthetic_no_ready	88	01	exact	88	SYNTHETIC GBP/AUD/JPY SPOT FX	2,4	bf10f1b3e23ad8320182b8dc97354d72ac617d87796ea55c0d14e6f5f2ae0fcc	True	False	True		XCME	FFCXSX	IPNT	2099	6S1V2Z99
6S1V3	7	synthetic_no_ready	88	01	exact	88	SYNTHETIC GBP/AUD/JPY SPOT FX	2,4	bf10f1b3e23ad8320182b8dc97354d72ac617d87796ea55c0d14e6f5f2ae0fcc	True	False	True		XCME	FFCXSX	IPNT	2099	6S1V3Z99
6S1V4	7	synthetic_no_ready	88	01	exact	88	SYNTHETIC GBP/AUD/JPY SPOT FX	2,4	bf10f1b3e23ad8320182b8dc97354d72ac617d87796ea55c0d14e6f5f2ae0fcc	True	False	True		XCME	FFCXSX	IPNT	2099	6S1V4Z99
6S2V3	7	synthetic_no_ready	88	01	exact	88	SYNTHETIC GBP/AUD/JPY SPOT FX	2,4	bf10f1b3e23ad8320182b8dc97354d72ac617d87796ea55c0d14e6f5f2ae0fcc	True	False	True		XCME	FFCXSX	IPNT	2099	6S2V3Z99
6S2V4	7	synthetic_no_ready	88	01	exact	88	SYNTHETIC GBP/AUD/JPY SPOT FX	2,4	bf10f1b3e23ad8320182b8dc97354d72ac617d87796ea55c0d14e6f5f2ae0fcc	True	False	True		XCME	FFCXSX	IPNT	2099	6S2V4Z99
6SCP1	7	synthetic_no_ready	88	01	exact	88	SYNTHETIC GBP/AUD/JPY SPOT FX	2,4	bf10f1b3e23ad8320182b8dc97354d72ac617d87796ea55c0d14e6f5f2ae0fcc	True	True	False		XCME	FFCXSX	IPNT	2099	6SCP1Z99
6SCPA	7	synthetic_no_ready	88	01	exact	88	SYNTHETIC GBP/AUD/JPY SPOT FX	2,4	bf10f1b3e23ad8320182b8dc97354d72ac617d87796ea55c0d14e6f5f2ae0fcc	True	True	False		XCME	FFCXSX	IPNT	2099	6SCPAZ99
6Z	119	ready_non_test	88	6Z	exact	88	SOUTH AFRICAN RAND FUTURES	4,17,21	d21acb34cc1857d77a01ba9c499b2dbce43ad125dec0afd933e79467e288747a	False	False	False		XCME	FFCXSX	ZAR	2026,2027,2028	6ZF7,6ZG7,6ZH7,6ZH8
6Z1V2	7	synthetic_no_ready	88	01	exact	88	SYNTHETIC GBP/AUD/JPY SPOT FX	2,4	bf10f1b3e23ad8320182b8dc97354d72ac617d87796ea55c0d14e6f5f2ae0fcc	True	False	True		XCME	FFCXSX	IPNT	2099	6Z1V2Z99
6Z1V3	7	synthetic_no_ready	88	01	exact	88	SYNTHETIC GBP/AUD/JPY SPOT FX	2,4	bf10f1b3e23ad8320182b8dc97354d72ac617d87796ea55c0d14e6f5f2ae0fcc	True	False	True		XCME	FFCXSX	IPNT	2099	6Z1V3Z99
6Z1V4	7	synthetic_no_ready	88	01	exact	88	SYNTHETIC GBP/AUD/JPY SPOT FX	2,4	bf10f1b3e23ad8320182b8dc97354d72ac617d87796ea55c0d14e6f5f2ae0fcc	True	False	True		XCME	FFCXSX	IPNT	2099	6Z1V4Z99
6Z2V3	7	synthetic_no_ready	88	01	exact	88	SYNTHETIC GBP/AUD/JPY SPOT FX	2,4	bf10f1b3e23ad8320182b8dc97354d72ac617d87796ea55c0d14e6f5f2ae0fcc	True	False	True		XCME	FFCXSX	IPNT	2099	6Z2V3Z99
6Z2V4	7	synthetic_no_ready	88	01	exact	88	SYNTHETIC GBP/AUD/JPY SPOT FX	2,4	bf10f1b3e23ad8320182b8dc97354d72ac617d87796ea55c0d14e6f5f2ae0fcc	True	False	True		XCME	FFCXSX	IPNT	2099	6Z2V4Z99
70U	28	ready_non_test	84	BM	exact	84	30-YR UNIFORM MORTGAGE-BACKED SECURITY FUTURES	4,17,21	d21acb34cc1857d77a01ba9c499b2dbce43ad125dec0afd933e79467e288747a	False	False	False		XCBT	FFDXSX	USD	2026	70UK6,70UM6,70UN6,70UQ6
7D	343	ready_non_test	80	CP	exact	80	CPC-REFINED 2	4,17,21	d21acb34cc1857d77a01ba9c499b2dbce43ad125dec0afd933e79467e288747a	False	False	False		XNYM	FCMXSX	MTONS	2026,2027,2028,2029,2030	7DF0,7DF7,7DF8,7DF9
7EM	35	synthetic_no_ready	78	08	exact	78	SYNTHETIC NYMEX	2,4	bf10f1b3e23ad8320182b8dc97354d72ac617d87796ea55c0d14e6f5f2ae0fcc	False	False	False		XNYM	FCMXSX	MWH	2027,2028,2029,2030,2031	7EMF0,7EMF1,7EMF7,7EMF8
7F	560	ready_non_test	80	OP	exact	80	BRENT/REBCO/MARS/EURO LOW SULPHUR	4,17,21	d21acb34cc1857d77a01ba9c499b2dbce43ad125dec0afd933e79467e288747a	False	False	False		XNYM	FCMXSX	MTONS	2026,2027,2028,2029,2030,2031,2032	7FF0,7FF1,7FF2,7FF7
7FT	25	ready_non_test	80	EG	exact	80	EUROPEAN GASOIL TAS (7FT)	2,4,17,21	57592d6d42edfe2bf41cecf0058b8f589421efd5e681a7da8885bf178a54571d	False	False	False		XNYM	FCMXSX	MTONS	2026	7FTK6,7FTM6,7FTN6,7FTQ6
7IF	91	ready_non_test	70	VO	exact	70	SOUTH ASIA SOYBEAN OIL FUTURES	4,17,21	d21acb34cc1857d77a01ba9c499b2dbce43ad125dec0afd933e79467e288747a	False	False	False		XCBT	FCAXSX	MTONS	2026,2027	7IFF7,7IFG7,7IFH7,7IFJ6
7IS	28	ready_non_test	70	VO	exact	70	SOUTH ASIA SOYBEAN OIL FUTURES	4,17,21	d21acb34cc1857d77a01ba9c499b2dbce43ad125dec0afd933e79467e288747a	False	False	False		XCBT	FCAXSX	MTONS	2026,2027	7ISH7,7ISM6,7ISU6,7ISZ6
7N	588	ready_non_test	80	CP	exact	80	CPC-REFINED 2	4,17,21	d21acb34cc1857d77a01ba9c499b2dbce43ad125dec0afd933e79467e288747a	False	False	False		XNYM	FCMXSX	MTONS	2026	7NJ601,7NJ602,7NJ607,7NJ608
7V	588	ready_non_test	80	CP	exact	80	CPC-REFINED 2	4,17,21	d21acb34cc1857d77a01ba9c499b2dbce43ad125dec0afd933e79467e288747a	False	False	False		XNYM	FCMXSX	MTONS	2026	7VJ601,7VJ602,7VJ607,7VJ608
7X	588	ready_non_test	80	CP	exact	80	CPC-REFINED 2	4,17,21	d21acb34cc1857d77a01ba9c499b2dbce43ad125dec0afd933e79467e288747a	False	False	False		XNYM	FCMXSX	MTONS	2026	7XJ601,7XJ602,7XJ607,7XJ608
88	588	ready_non_test	80	CP	exact	80	CPC-REFINED 2	4,17,21	d21acb34cc1857d77a01ba9c499b2dbce43ad125dec0afd933e79467e288747a	False	False	False		XNYM	FCMXSX	MTONS	2026	88J601,88J602,88J607,88J608
8D	588	ready_non_test	80	CP	exact	80	CPC-REFINED 2	4,17,21	d21acb34cc1857d77a01ba9c499b2dbce43ad125dec0afd933e79467e288747a	False	False	False		XNYM	FCMXSX	MTONS	2026	8DJ601,8DJ602,8DJ607,8DJ608
8S	35	synthetic_no_ready	80	09	exact	80	SYNTHETIC CRUDE	2,4	bf10f1b3e23ad8320182b8dc97354d72ac617d87796ea55c0d14e6f5f2ae0fcc	False	False	False		XNYM	FCMXSX	BBL	2027,2028,2029,2030,2031	8SF0,8SF1,8SF7,8SF8
8SS	70	synthetic_no_ready	80	09	exact	80	SYNTHETIC CRUDE	2,4	bf10f1b3e23ad8320182b8dc97354d72ac617d87796ea55c0d14e6f5f2ae0fcc	False	False	False		XNYM	FCMXSX	BBL	2026,2027,2028,2029,2030,2031	8SSF0,8SSF1,8SSF7,8SSF8
8W	588	ready_non_test	80	CP	exact	80	CPC-REFINED 2	4,17,21	d21acb34cc1857d77a01ba9c499b2dbce43ad125dec0afd933e79467e288747a	False	False	False		XNYM	FCMXSX	MTONS	2026	8WJ601,8WJ602,8WJ607,8WJ608
9Q	588	ready_non_test	80	CP	exact	80	CPC-REFINED 2	4,17,21	d21acb34cc1857d77a01ba9c499b2dbce43ad125dec0afd933e79467e288747a	False	False	False		XNYM	FCMXSX	MTONS	2026	9QJ601,9QJ602,9QJ607,9QJ608
A0D	399	ready_non_test	80	RF	exact	80	CPC-REFIND	4,17,21	d21acb34cc1857d77a01ba9c499b2dbce43ad125dec0afd933e79467e288747a	False	False	False		XNYM	FCMXSX	MTONS	2026,2027,2028,2029,2030	A0DF0,A0DF7,A0DF8,A0DF9
A0F	483	ready_non_test	80	RF	exact	80	CPC-REFIND	4,17,21	d21acb34cc1857d77a01ba9c499b2dbce43ad125dec0afd933e79467e288747a	False	False	False		XNYM	FCMXSX	MTONS	2026,2027,2028,2029,2030,2031	A0FF0,A0FF1,A0FF7,A0FF8
A1D	287	ready_non_test	80	RF	exact	80	CPC-REFIND	4,17,21	d21acb34cc1857d77a01ba9c499b2dbce43ad125dec0afd933e79467e288747a	False	False	False		XNYM	FCMXSX	GAL	2026	A1DJ601,A1DJ602,A1DJ606,A1DJ607
A1G	287	ready_non_test	80	RF	exact	80	CPC-REFIND	4,17,21	d21acb34cc1857d77a01ba9c499b2dbce43ad125dec0afd933e79467e288747a	False	False	False		XNYM	FCMXSX	GAL	2026	A1GJ601,A1GJ602,A1GJ606,A1GJ607
A1L	287	ready_non_test	80	RF	exact	80	CPC-REFIND	4,17,21	d21acb34cc1857d77a01ba9c499b2dbce43ad125dec0afd933e79467e288747a	False	False	False		XNYM	FCMXSX	GAL	2026	A1LJ601,A1LJ602,A1LJ606,A1LJ607
A1M	287	ready_non_test	80	RF	exact	80	CPC-REFIND	4,17,21	d21acb34cc1857d77a01ba9c499b2dbce43ad125dec0afd933e79467e288747a	False	False	False		XNYM	FCMXSX	GAL	2026	A1MJ601,A1MJ602,A1MJ606,A1MJ607
A1P	588	ready_non_test	80	RF	exact	80	CPC-REFIND	4,17,21	d21acb34cc1857d77a01ba9c499b2dbce43ad125dec0afd933e79467e288747a	False	False	False		XNYM	FCMXSX	BBL	2026	A1PJ601,A1PJ602,A1PJ606,A1PJ607
A1R	343	ready_non_test	78	ZZ	exact	78	CPC-POWER/PETROCHEM	4,17,21	d21acb34cc1857d77a01ba9c499b2dbce43ad125dec0afd933e79467e288747a	False	False	False		XNYM	FCMXSX	GAL	2026,2027,2028,2029,2030	A1RF0,A1RF7,A1RF8,A1RF9
A1U	231	ready_non_test	80	RF	exact	80	CPC-REFIND	4,17,21	d21acb34cc1857d77a01ba9c499b2dbce43ad125dec0afd933e79467e288747a	False	False	False		XNYM	FCMXSX	GAL	2026,2027,2028	A1UF7,A1UF8,A1UG7,A1UG8
A1V	231	ready_non_test	80	RF	exact	80	CPC-REFIND	4,17,21	d21acb34cc1857d77a01ba9c499b2dbce43ad125dec0afd933e79467e288747a	False	False	False		XNYM	FCMXSX	MTONS	2026,2027,2028	A1VF7,A1VF8,A1VG7,A1VG8
A1W	259	ready_non_test	80	RF	exact	80	CPC-REFIND	4,17,21	d21acb34cc1857d77a01ba9c499b2dbce43ad125dec0afd933e79467e288747a	False	False	False		XNYM	FCMXSX	MTONS	2026,2027,2028,2029	A1WF7,A1WF8,A1WF9,A1WG7
A1X	259	ready_non_test	80	RF	exact	80	CPC-REFIND	4,17,21	d21acb34cc1857d77a01ba9c499b2dbce43ad125dec0afd933e79467e288747a	False	False	False		XNYM	FCMXSX	MTONS	2026,2027,2028,2029	A1XF7,A1XF8,A1XF9,A1XG7
A2R	98	synthetic_no_ready	68	0B	exact	68	SYNTHETIC EQUITY	2,4	bf10f1b3e23ad8320182b8dc97354d72ac617d87796ea55c0d14e6f5f2ae0fcc	False	False	False		XCME	FFIXSX	IPNT	2026,2027,2028,2029,2030,2031,2032	A2RH7,A2RH8,A2RM6,A2RM7
A2T	98	ready_non_test	68	BV	exact	68	BTIC CARRY ADJUSTED IR S&P TOTAL RETURN	4,17,21	cdfb6991d0a44427cfcfb9cdf2a11b9d54a2cb0241bb6153eb8a8cf0baed32dd	False	False	False		XCME	FFIXSX	IPNT	2026,2027,2028,2029,2030,2031,2032	A2TH7,A2TH8,A2TM6,A2TM7
A32	588	ready_non_test	78	ZZ	exact	78	CPC-POWER/PETROCHEM	4,17,21	d21acb34cc1857d77a01ba9c499b2dbce43ad125dec0afd933e79467e288747a	False	False	False		XNYM	FCMXSX	MTONS	2026	A32J601,A32J602,A32J607,A32J608
A33	259	ready_non_test	80	RF	exact	80	CPC-REFIND	4,17,21	d21acb34cc1857d77a01ba9c499b2dbce43ad125dec0afd933e79467e288747a	False	False	False		XNYM	FCMXSX	MTONS	2026,2027,2028,2029	A33F7,A33F8,A33F9,A33G7
A38	147	ready_non_test	78	ST	exact	78	FERROUS SCRAP/ALUMINA FUTURES	4,17,21	d21acb34cc1857d77a01ba9c499b2dbce43ad125dec0afd933e79467e288747a	False	False	False		XCEC	FXXXSX	LBS	2026,2027	A38F7,A38G7,A38H7,A38J6
A3C	259	ready_non_test	80	RF	exact	80	CPC-REFIND	4,17,21	d21acb34cc1857d77a01ba9c499b2dbce43ad125dec0afd933e79467e288747a	False	False	False		XNYM	FCMXSX	GAL	2026,2027,2028,2029	A3CF7,A3CF8,A3CF9,A3CG7
A3G	343	ready_non_test	80	RF	exact	80	CPC-REFIND	4,17,21	d21acb34cc1857d77a01ba9c499b2dbce43ad125dec0afd933e79467e288747a	False	False	False		XNYM	FCMXSX	MTONS	2026,2027,2028,2029,2030	A3GF0,A3GF7,A3GF8,A3GF9
A3M	259	ready_non_test	78	ZZ	exact	78	CPC-POWER/PETROCHEM	4,17,21	d21acb34cc1857d77a01ba9c499b2dbce43ad125dec0afd933e79467e288747a	False	False	False		XNYM	FCMXSX	GAL	2026,2027,2028,2029	A3MF7,A3MF8,A3MF9,A3MG7
A3N	343	ready_non_test	78	ZZ	exact	78	CPC-POWER/PETROCHEM	4,17,21	d21acb34cc1857d77a01ba9c499b2dbce43ad125dec0afd933e79467e288747a	False	False	False		XNYM	FCMXSX	GAL	2026,2027,2028,2029,2030	A3NF0,A3NF7,A3NF8,A3NF9
A3Q	259	ready_non_test	78	ZZ	exact	78	CPC-POWER/PETROCHEM	4,17,21	d21acb34cc1857d77a01ba9c499b2dbce43ad125dec0afd933e79467e288747a	False	False	False		XNYM	FCMXSX	GAL	2026,2027,2028,2029	A3QF7,A3QF8,A3QF9,A3QG7
A3R	259	ready_non_test	78	ZZ	exact	78	CPC-POWER/PETROCHEM	4,17,21	d21acb34cc1857d77a01ba9c499b2dbce43ad125dec0afd933e79467e288747a	False	False	False		XNYM	FCMXSX	GAL	2026,2027,2028,2029	A3RF7,A3RF8,A3RF9,A3RG7
A42	287	ready_non_test	80	CC	exact	80	REFINED FUTURES 	4,17,21	d21acb34cc1857d77a01ba9c499b2dbce43ad125dec0afd933e79467e288747a	False	False	False		XNYM	FCMXSX	BBL	2026	A42J601,A42J602,A42J606,A42J607
A43	588	ready_non_test	80	RF	exact	80	CPC-REFIND	4,17,21	d21acb34cc1857d77a01ba9c499b2dbce43ad125dec0afd933e79467e288747a	False	False	False		XNYM	FCMXSX	BBL	2026	A43J601,A43J602,A43J607,A43J608
A4L	476	ready_non_test	78	ZZ	exact	78	CPC-POWER/PETROCHEM	4,17,21	d21acb34cc1857d77a01ba9c499b2dbce43ad125dec0afd933e79467e288747a	False	False	False		XNYM	FCMXSX	MWH	2026,2027,2028,2029,2030,2031	A4LF0,A4LF1,A4LF7,A4LF8
A4M	476	ready_non_test	78	ZZ	exact	78	CPC-POWER/PETROCHEM	4,17,21	d21acb34cc1857d77a01ba9c499b2dbce43ad125dec0afd933e79467e288747a	False	False	False		XNYM	FCMXSX	MWH	2026,2027,2028,2029,2030,2031	A4MF0,A4MF1,A4MF7,A4MF8
A4Q	476	ready_non_test	78	ZZ	exact	78	CPC-POWER/PETROCHEM	4,17,21	d21acb34cc1857d77a01ba9c499b2dbce43ad125dec0afd933e79467e288747a	False	False	False		XNYM	FCMXSX	MWH	2026,2027,2028,2029,2030,2031	A4QF0,A4QF1,A4QF7,A4QF8
A4R	476	ready_non_test	78	ZZ	exact	78	CPC-POWER/PETROCHEM	4,17,21	d21acb34cc1857d77a01ba9c499b2dbce43ad125dec0afd933e79467e288747a	False	False	False		XNYM	FCMXSX	MWH	2026,2027,2028,2029,2030,2031	A4RF0,A4RF1,A4RF7,A4RF8
A55	476	ready_non_test	78	ZZ	exact	78	CPC-POWER/PETROCHEM	4,17,21	d21acb34cc1857d77a01ba9c499b2dbce43ad125dec0afd933e79467e288747a	False	False	False		XNYM	FCMXSX	MWH	2026,2027,2028,2029,2030,2031	A55F0,A55F1,A55F7,A55F8
A58	476	ready_non_test	78	ZZ	exact	78	CPC-POWER/PETROCHEM	4,17,21	d21acb34cc1857d77a01ba9c499b2dbce43ad125dec0afd933e79467e288747a	False	False	False		XNYM	FCMXSX	MWH	2026,2027,2028,2029,2030,2031	A58F0,A58F1,A58F7,A58F8
A59	535	ready_non_test	80	BB	exact	80	BRENT PENTULTIMATE FINANCIAL FUTURES	4,17,21	d21acb34cc1857d77a01ba9c499b2dbce43ad125dec0afd933e79467e288747a	False	False	False		XNYM	FCMXSX	BBL	2026	A59J620,A59J621,A59J622,A59J623
A5C	231	ready_non_test	80	RF	exact	80	CPC-REFIND	4,17,21	d21acb34cc1857d77a01ba9c499b2dbce43ad125dec0afd933e79467e288747a	False	False	False		XNYM	FCMXSX	GAL	2026,2027,2028	A5CF7,A5CF8,A5CG7,A5CG8
A6A	87	synthetic_no_ready	80	09	exact	80	SYNTHETIC CRUDE	2,4	bf10f1b3e23ad8320182b8dc97354d72ac617d87796ea55c0d14e6f5f2ae0fcc	False	False	False		XNYM	FCMXSX	BBL	2026,2027	A6AF7,A6AG7,A6AH7,A6AJ7
A6B	91	synthetic_no_ready	80	09	exact	80	SYNTHETIC CRUDE	2,4	bf10f1b3e23ad8320182b8dc97354d72ac617d87796ea55c0d14e6f5f2ae0fcc	False	False	False		XNYM	FCMXSX	BBL	2026,2027	A6BF7,A6BG7,A6BH7,A6BJ7
A6L	588	ready_non_test	80	CP	exact	80	CPC-REFINED 2	4,17,21	d21acb34cc1857d77a01ba9c499b2dbce43ad125dec0afd933e79467e288747a	False	False	False		XNYM	FCMXSX	MTONS	2026	A6LJ601,A6LJ602,A6LJ607,A6LJ608
A6V	588	ready_non_test	80	CP	exact	80	CPC-REFINED 2	4,17,21	d21acb34cc1857d77a01ba9c499b2dbce43ad125dec0afd933e79467e288747a	False	False	False		XNYM	FCMXSX	MTONS	2026	A6VJ601,A6VJ602,A6VJ607,A6VJ608
A6W	535	ready_non_test	80	BB	exact	80	BRENT PENTULTIMATE FINANCIAL FUTURES	4,17,21	d21acb34cc1857d77a01ba9c499b2dbce43ad125dec0afd933e79467e288747a	False	False	False		XNYM	FCMXSX	BBL	2026	A6WJ620,A6WJ621,A6WJ622,A6WJ623
A6X	588	ready_non_test	80	CP	exact	80	CPC-REFINED 2	4,17,21	d21acb34cc1857d77a01ba9c499b2dbce43ad125dec0afd933e79467e288747a	False	False	False		XNYM	FCMXSX	MTONS	2026	A6XJ601,A6XJ602,A6XJ607,A6XJ608
A7E	343	ready_non_test	78	ZZ	exact	78	CPC-POWER/PETROCHEM	4,17,21	d21acb34cc1857d77a01ba9c499b2dbce43ad125dec0afd933e79467e288747a	False	False	False		XNYM	FCMXSX	MTONS	2026,2027,2028,2029,2030	A7EF0,A7EF7,A7EF8,A7EF9
A7G	491	ready_non_test	80	BB	exact	80	BRENT PENTULTIMATE FINANCIAL FUTURES	4,17,21	d21acb34cc1857d77a01ba9c499b2dbce43ad125dec0afd933e79467e288747a	False	False	False		XNYM	FCMXSX	BBL	2026	A7GJ620,A7GJ621,A7GJ622,A7GJ623
A7I	588	ready_non_test	80	RF	exact	80	CPC-REFIND	4,17,21	d21acb34cc1857d77a01ba9c499b2dbce43ad125dec0afd933e79467e288747a	False	False	False		XNYM	FCMXSX	BBL	2026	A7IJ601,A7IJ602,A7IJ607,A7IJ608
A7L	259	ready_non_test	80	RF	exact	80	CPC-REFIND	4,17,21	d21acb34cc1857d77a01ba9c499b2dbce43ad125dec0afd933e79467e288747a	False	False	False		XNYM	FCMXSX	MTONS	2026,2027,2028,2029	A7LF7,A7LF8,A7LF9,A7LG7
A7Q	399	ready_non_test	78	ZZ	exact	78	CPC-POWER/PETROCHEM	4,17,21	d21acb34cc1857d77a01ba9c499b2dbce43ad125dec0afd933e79467e288747a	False	False	False		XNYM	FCMXSX	GAL	2026,2027,2028,2029,2030	A7QF0,A7QF7,A7QF8,A7QF9
A7Y	259	ready_non_test	80	RF	exact	80	CPC-REFIND	4,17,21	d21acb34cc1857d77a01ba9c499b2dbce43ad125dec0afd933e79467e288747a	False	False	False		XNYM	FCMXSX	GAL	2026,2027,2028,2029	A7YF7,A7YF8,A7YF9,A7YG7
A81	315	ready_non_test	78	ZZ	exact	78	CPC-POWER/PETROCHEM	4,17,21	d21acb34cc1857d77a01ba9c499b2dbce43ad125dec0afd933e79467e288747a	False	False	False		XNYM	FCMXSX	GAL	2026,2027,2028,2029	A81F7,A81F8,A81F9,A81G7
A8B	588	ready_non_test	80	RF	exact	80	CPC-REFIND	4,17,21	d21acb34cc1857d77a01ba9c499b2dbce43ad125dec0afd933e79467e288747a	False	False	False		XNYM	FCMXSX	GAL	2026	A8BJ601,A8BJ602,A8BJ606,A8BJ607
A8C	287	ready_non_test	78	ZZ	exact	78	CPC-POWER/PETROCHEM	4,17,21	d21acb34cc1857d77a01ba9c499b2dbce43ad125dec0afd933e79467e288747a	False	False	False		XNYM	FCMXSX	GAL	2026	A8CJ601,A8CJ602,A8CJ606,A8CJ607
A8G	588	ready_non_test	80	RF	exact	80	CPC-REFIND	4,17,21	d21acb34cc1857d77a01ba9c499b2dbce43ad125dec0afd933e79467e288747a	False	False	False		XNYM	FCMXSX	MTONS	2026	A8GJ601,A8GJ602,A8GJ607,A8GJ608
A8I	399	ready_non_test	78	ZZ	exact	78	CPC-POWER/PETROCHEM	4,17,21	d21acb34cc1857d77a01ba9c499b2dbce43ad125dec0afd933e79467e288747a	False	False	False		XNYM	FCMXSX	GAL	2026,2027,2028,2029,2030	A8IF0,A8IF7,A8IF8,A8IF9
A8J	287	ready_non_test	78	ZZ	exact	78	CPC-POWER/PETROCHEM	4,17,21	d21acb34cc1857d77a01ba9c499b2dbce43ad125dec0afd933e79467e288747a	False	False	False		XNYM	FCMXSX	GAL	2026	A8JJ601,A8JJ602,A8JJ606,A8JJ607
A8K	399	ready_non_test	78	ZZ	exact	78	CPC-POWER/PETROCHEM	4,17,21	d21acb34cc1857d77a01ba9c499b2dbce43ad125dec0afd933e79467e288747a	False	False	False		XNYM	FCMXSX	GAL	2026,2027,2028,2029,2030	A8KF0,A8KF7,A8KF8,A8KF9
A8L	259	ready_non_test	78	ZZ	exact	78	CPC-POWER/PETROCHEM	4,17,21	d21acb34cc1857d77a01ba9c499b2dbce43ad125dec0afd933e79467e288747a	False	False	False		XNYM	FCMXSX	GAL	2026,2027,2028,2029	A8LF7,A8LF8,A8LF9,A8LG7
A8M	259	ready_non_test	78	ZZ	exact	78	CPC-POWER/PETROCHEM	4,17,21	d21acb34cc1857d77a01ba9c499b2dbce43ad125dec0afd933e79467e288747a	False	False	False		XNYM	FCMXSX	GAL	2026,2027,2028,2029	A8MF7,A8MF8,A8MF9,A8MG7
A8O	287	ready_non_test	78	ZZ	exact	78	CPC-POWER/PETROCHEM	4,17,21	d21acb34cc1857d77a01ba9c499b2dbce43ad125dec0afd933e79467e288747a	False	False	False		XNYM	FCMXSX	GAL	2026	A8OJ601,A8OJ602,A8OJ606,A8OJ607
A8T	28	synthetic_no_ready	80	09	exact	80	SYNTHETIC CRUDE	2,4	bf10f1b3e23ad8320182b8dc97354d72ac617d87796ea55c0d14e6f5f2ae0fcc	False	False	False		XNYM	FCMXSX	BBL	2026,2027	A8TF7,A8TJ7,A8TN6,A8TV6
A91	266	ready_non_test	78	ZZ	exact	78	CPC-POWER/PETROCHEM	4,17,21	d21acb34cc1857d77a01ba9c499b2dbce43ad125dec0afd933e79467e288747a	False	False	False		XNYM	FCMXSX	MTONS	2026,2027,2028,2029	A91F7,A91F8,A91F9,A91G7
A9N	343	ready_non_test	78	ZZ	exact	78	CPC-POWER/PETROCHEM	4,17,21	d21acb34cc1857d77a01ba9c499b2dbce43ad125dec0afd933e79467e288747a	False	False	False		XNYM	FCMXSX	MTONS	2026,2027,2028,2029,2030	A9NF0,A9NF7,A9NF8,A9NF9
AA3	476	ready_non_test	78	ZZ	exact	78	CPC-POWER/PETROCHEM	4,17,21	d21acb34cc1857d77a01ba9c499b2dbce43ad125dec0afd933e79467e288747a	False	False	False		XNYM	FCMXSX	MWH	2026,2027,2028,2029,2030,2031	AA3F0,AA3F1,AA3F7,AA3F8
AA4	472	ready_non_test	80	CC	exact	80	REFINED FUTURES 	4,17,21	d21acb34cc1857d77a01ba9c499b2dbce43ad125dec0afd933e79467e288747a	False	False	False		XNYM	FCMXSX	BBL	2026,2027,2028,2029,2030,2031	AA4F0,AA4F1,AA4F7,AA4F8
AA5	259	ready_non_test	80	RF	exact	80	CPC-REFIND	4,17,21	d21acb34cc1857d77a01ba9c499b2dbce43ad125dec0afd933e79467e288747a	False	False	False		XNYM	FCMXSX	GAL	2026,2027,2028,2029	AA5F7,AA5F8,AA5F9,AA5G7
AA6	231	ready_non_test	80	RF	exact	80	CPC-REFIND	4,17,21	d21acb34cc1857d77a01ba9c499b2dbce43ad125dec0afd933e79467e288747a	False	False	False		XNYM	FCMXSX	GAL	2026,2027,2028	AA6F7,AA6F8,AA6G7,AA6G8
AA7	259	ready_non_test	80	CP	exact	80	CPC-REFINED 2	4,17,21	d21acb34cc1857d77a01ba9c499b2dbce43ad125dec0afd933e79467e288747a	False	False	False		XNYM	FCMXSX	GAL	2026,2027,2028,2029	AA7F7,AA7F8,AA7F9,AA7G7
AA8	259	ready_non_test	80	RF	exact	80	CPC-REFIND	4,17,21	d21acb34cc1857d77a01ba9c499b2dbce43ad125dec0afd933e79467e288747a	False	False	False		XNYM	FCMXSX	GAL	2026,2027,2028,2029	AA8F7,AA8F8,AA8F9,AA8G7
AA9	259	ready_non_test	80	CP	exact	80	CPC-REFINED 2	4,17,21	d21acb34cc1857d77a01ba9c499b2dbce43ad125dec0afd933e79467e288747a	False	False	False		XNYM	FCMXSX	GAL	2026,2027,2028,2029	AA9F7,AA9F8,AA9F9,AA9G7
AAK	140	synthetic_no_ready	78	08	exact	78	SYNTHETIC NYMEX	2,4	bf10f1b3e23ad8320182b8dc97354d72ac617d87796ea55c0d14e6f5f2ae0fcc	False	False	False		XNYM	FCMXSX	GAL	2026,2027,2028	AAKF7,AAKG7,AAKH7,AAKH8
AB6	595	ready_non_test	80	RF	exact	80	CPC-REFIND	4,17,21	d21acb34cc1857d77a01ba9c499b2dbce43ad125dec0afd933e79467e288747a	False	False	False		XNYM	FCMXSX	GAL	2026	AB6J601,AB6J602,AB6J603,AB6J606
AB7	588	ready_non_test	80	CP	exact	80	CPC-REFINED 2	4,17,21	d21acb34cc1857d77a01ba9c499b2dbce43ad125dec0afd933e79467e288747a	False	False	False		XNYM	FCMXSX	MTONS	2026	AB7J601,AB7J602,AB7J607,AB7J608
ABB	80	ready_non_test	74	HB	exact	74	BTIC BITCOIN  FUTURES APAC SETTLE	4,17,18,21	721de294db67b2aa5ec528620c537f67c9db0c8bcb2ae270df9b0c66ed24521b	False	False	False		XCME	FFIXSX	IPNT	2026,2027	ABBH7,ABBJ6,ABBK6,ABBM6
ABH	224	ready_non_test	80	RF	exact	80	CPC-REFIND	4,17,21	d21acb34cc1857d77a01ba9c499b2dbce43ad125dec0afd933e79467e288747a	False	False	False		XNYM	FCMXSX	GAL	2026,2027,2028	ABHF7,ABHF8,ABHG7,ABHG8
ABI	588	ready_non_test	80	BB	exact	80	BRENT PENTULTIMATE FINANCIAL FUTURES	4,17,21	d21acb34cc1857d77a01ba9c499b2dbce43ad125dec0afd933e79467e288747a	False	False	False		XNYM	FCMXSX	BBL	2026	ABIJ601,ABIJ602,ABIJ606,ABIJ607
ABS	588	ready_non_test	80	RF	exact	80	CPC-REFIND	4,17,21	d21acb34cc1857d77a01ba9c499b2dbce43ad125dec0afd933e79467e288747a	False	False	False		XNYM	FCMXSX	MTONS	2026	ABSJ601,ABSJ602,ABSJ606,ABSJ607
ABT	588	ready_non_test	80	RF	exact	80	CPC-REFIND	4,17,21	d21acb34cc1857d77a01ba9c499b2dbce43ad125dec0afd933e79467e288747a	False	False	False		XNYM	FCMXSX	MTONS	2026	ABTJ601,ABTJ602,ABTJ606,ABTJ607
ABX	588	ready_non_test	80	RF	exact	80	CPC-REFIND	4,17,21	d21acb34cc1857d77a01ba9c499b2dbce43ad125dec0afd933e79467e288747a	False	False	False		XNYM	FCMXSX	BBL	2026	ABXJ601,ABXJ602,ABXJ606,ABXJ607
ABY	301	ready_non_test	80	CC	exact	80	REFINED FUTURES 	4,17,21	d21acb34cc1857d77a01ba9c499b2dbce43ad125dec0afd933e79467e288747a	False	False	False		XNYM	FCMXSX	BBL	2026,2027,2028,2029	ABYF7,ABYF8,ABYF9,ABYG7
AC0	399	ready_non_test	78	ZZ	exact	78	CPC-POWER/PETROCHEM	4,17,21	d21acb34cc1857d77a01ba9c499b2dbce43ad125dec0afd933e79467e288747a	False	False	False		XNYM	FCMXSX	GAL	2026,2027,2028,2029,2030	AC0F0,AC0F7,AC0F8,AC0F9
ACB	483	ready_non_test	78	FT	exact	78	FREIGHT FUTURES	4,17,21	d21acb34cc1857d77a01ba9c499b2dbce43ad125dec0afd933e79467e288747a	False	False	False		XNYM	FCMXSX	MTONS	2026,2027,2028,2029,2030,2031	ACBF0,ACBF1,ACBF7,ACBF8
ACD	42	ready_non_test	88	F2	exact	88	AUD/CAD CROSS RATE FUTURES	4,17,21	d21acb34cc1857d77a01ba9c499b2dbce43ad125dec0afd933e79467e288747a	False	False	False		XCME	FFCXSX	AUD	2026,2027	ACDH7,ACDM6,ACDM7,ACDU6
ACS	42	ready_non_test	80	CC	exact	80	REFINED FUTURES 	4,17,21	d21acb34cc1857d77a01ba9c499b2dbce43ad125dec0afd933e79467e288747a	False	False	False		XNYM	FCMXSX	BBL	2026,2027,2028,2029,2030,2031	ACSZ0,ACSZ1,ACSZ6,ACSZ7
ACU	308	ready_non_test	78	VX	exact	78	NYMEX ENVIRONMENTAL FUTURES	4,17,21	d21acb34cc1857d77a01ba9c499b2dbce43ad125dec0afd933e79467e288747a	False	False	False		XNYM	FCMXSX	ENVCRD	2026,2027,2028,2029	ACUF7,ACUF8,ACUF9,ACUG7
AD0	399	ready_non_test	78	ZZ	exact	78	CPC-POWER/PETROCHEM	4,17,21	d21acb34cc1857d77a01ba9c499b2dbce43ad125dec0afd933e79467e288747a	False	False	False		XNYM	FCMXSX	GAL	2026,2027,2028,2029,2030	AD0F0,AD0F7,AD0F8,AD0F9
ADA	80	ready_non_test	74	CN	exact	74	ADA FUTURES	4,17,18,21	663f83ffd1aa628cfdbfc2e47d7611b9ef0bb37b4771a2e31354e32b0c9f1c64	False	False	False		XCME	FFIXSX	IPNT	2026,2027	ADAH7,ADAJ6,ADAK6,ADAM6
ADB	483	ready_non_test	80	BB	exact	80	BRENT PENTULTIMATE FINANCIAL FUTURES	4,17,21	d21acb34cc1857d77a01ba9c499b2dbce43ad125dec0afd933e79467e288747a	False	False	False		XNYM	FCMXSX	BBL	2026,2027,2028,2029,2030,2031	ADBF0,ADBF1,ADBF7,ADBF8
ADE	91	synthetic_no_ready	78	08	exact	78	SYNTHETIC NYMEX	2,4	bf10f1b3e23ad8320182b8dc97354d72ac617d87796ea55c0d14e6f5f2ae0fcc	False	False	False		XNYM	FCMXSX	MMBTU	2026,2027	ADEF7,ADEG7,ADEH7,ADEJ7
ADJ	91	synthetic_no_ready	78	08	exact	78	SYNTHETIC NYMEX	2,4	bf10f1b3e23ad8320182b8dc97354d72ac617d87796ea55c0d14e6f5f2ae0fcc	False	False	False		XNYM	FCMXSX	MMBTU	2026,2027	ADJF7,ADJG7,ADJH7,ADJJ7
ADR	98	synthetic_no_ready	68	0B	exact	68	SYNTHETIC EQUITY	2,4	bf10f1b3e23ad8320182b8dc97354d72ac617d87796ea55c0d14e6f5f2ae0fcc	False	False	False		XCBT	FFIXSX	IPNT	2026,2027,2028,2029,2030,2031,2032	ADRH7,ADRH8,ADRM6,ADRM7
ADT	98	ready_non_test	68	DH	exact	68	BTIC DOW JONES IND AVG TOTAL RETURN	4,17,21	cdfb6991d0a44427cfcfb9cdf2a11b9d54a2cb0241bb6153eb8a8cf0baed32dd	False	False	False		XCBT	FFIXSX	IPNT	2026,2027,2028,2029,2030,2031,2032	ADTH7,ADTH8,ADTM6,ADTM7
AE5	472	ready_non_test	80	CC	exact	80	REFINED FUTURES 	4,17,21	d21acb34cc1857d77a01ba9c499b2dbce43ad125dec0afd933e79467e288747a	False	False	False		XNYM	FCMXSX	BBL	2026,2027,2028,2029,2030,2031	AE5F0,AE5F1,AE5F7,AE5F8
AEB	483	ready_non_test	78	FT	exact	78	FREIGHT FUTURES	4,17,21	d21acb34cc1857d77a01ba9c499b2dbce43ad125dec0afd933e79467e288747a	False	False	False		XNYM	FCMXSX	MTONS	2026,2027,2028,2029,2030,2031	AEBF0,AEBF1,AEBF7,AEBF8
AEP	315	ready_non_test	78	ST	exact	78	FERROUS SCRAP/ALUMINA FUTURES	4,17,21	d21acb34cc1857d77a01ba9c499b2dbce43ad125dec0afd933e79467e288747a	False	False	False		XCEC	FXXXSX	MTONS	2026,2027,2028,2029	AEPF7,AEPF8,AEPF9,AEPG7
AET	231	ready_non_test	80	EE	exact	80	CPC-Ethanol	4,17,21	d21acb34cc1857d77a01ba9c499b2dbce43ad125dec0afd933e79467e288747a	False	False	False		XNYM	FCMXSX	MTONS	2026,2027,2028	AETF7,AETF8,AETG7,AETG8
AEZ	259	ready_non_test	80	EE	exact	80	CPC-Ethanol	4,17,21	d21acb34cc1857d77a01ba9c499b2dbce43ad125dec0afd933e79467e288747a	False	False	False		XNYM	FCMXSX	GAL	2026,2027,2028,2029	AEZF7,AEZF8,AEZF9,AEZG7
AFE	588	ready_non_test	80	BB	exact	80	BRENT PENTULTIMATE FINANCIAL FUTURES	4,17,21	d21acb34cc1857d77a01ba9c499b2dbce43ad125dec0afd933e79467e288747a	False	False	False		XNYM	FCMXSX	BBL	2026	AFEJ601,AFEJ602,AFEJ607,AFEJ608
AFF	651	ready_non_test	80	CC	exact	80	REFINED FUTURES 	4,17,21	d21acb34cc1857d77a01ba9c499b2dbce43ad125dec0afd933e79467e288747a	False	False	False		XNYM	FCMXSX	BBL	2026,2027,2028,2029,2030,2031,2032,2033	AFFF0,AFFF1,AFFF2,AFFF3
AFH	472	ready_non_test	80	CC	exact	80	REFINED FUTURES 	4,17,21	d21acb34cc1857d77a01ba9c499b2dbce43ad125dec0afd933e79467e288747a	False	False	False		XNYM	FCMXSX	BBL	2026,2027,2028,2029,2030,2031	AFHF0,AFHF1,AFHF7,AFHF8
AFI	231	ready_non_test	80	RF	exact	80	CPC-REFIND	4,17,21	d21acb34cc1857d77a01ba9c499b2dbce43ad125dec0afd933e79467e288747a	False	False	False		XNYM	FCMXSX	BBL	2026,2027,2028	AFIF7,AFIF8,AFIG7,AFIG8
AFK	231	ready_non_test	80	RF	exact	80	CPC-REFIND	4,17,21	d21acb34cc1857d77a01ba9c499b2dbce43ad125dec0afd933e79467e288747a	False	False	False		XNYM	FCMXSX	MTONS	2026,2027,2028	AFKF7,AFKF8,AFKG7,AFKG8
AFY	483	ready_non_test	80	CC	exact	80	REFINED FUTURES 	4,17,21	d21acb34cc1857d77a01ba9c499b2dbce43ad125dec0afd933e79467e288747a	False	False	False		XNYM	FCMXSX	BBL	2026,2027,2028,2029,2030,2031	AFYF0,AFYF1,AFYF7,AFYF8
AGA	231	ready_non_test	80	RF	exact	80	CPC-REFIND	4,17,21	d21acb34cc1857d77a01ba9c499b2dbce43ad125dec0afd933e79467e288747a	False	False	False		XNYM	FCMXSX	BBL	2026,2027,2028	AGAF7,AGAF8,AGAG7,AGAG8
AGE	259	ready_non_test	80	RF	exact	80	CPC-REFIND	4,17,21	d21acb34cc1857d77a01ba9c499b2dbce43ad125dec0afd933e79467e288747a	False	False	False		XNYM	FCMXSX	GAL	2026,2027,2028,2029	AGEF7,AGEF8,AGEF9,AGEG7
AGF	119	synthetic_no_ready	78	08	exact	78	SYNTHETIC NYMEX	2,4	bf10f1b3e23ad8320182b8dc97354d72ac617d87796ea55c0d14e6f5f2ae0fcc	False	False	False		XNYM	FCMXSX	GAL	2026,2027,2028	AGFF7,AGFG7,AGFH7,AGFJ7
AGT	231	ready_non_test	80	RF	exact	80	CPC-REFIND	4,17,21	d21acb34cc1857d77a01ba9c499b2dbce43ad125dec0afd933e79467e288747a	False	False	False		XNYM	FCMXSX	MTONS	2026,2027,2028	AGTF7,AGTF8,AGTG7,AGTG8
AGX	567	ready_non_test	80	RF	exact	80	CPC-REFIND	4,17,21	d21acb34cc1857d77a01ba9c499b2dbce43ad125dec0afd933e79467e288747a	False	False	False		XNYM	FCMXSX	MTONS	2026,2027,2028,2029,2030,2031,2032	AGXF0,AGXF1,AGXF2,AGXF7
AH3	476	ready_non_test	78	ZZ	exact	78	CPC-POWER/PETROCHEM	4,17,21	d21acb34cc1857d77a01ba9c499b2dbce43ad125dec0afd933e79467e288747a	False	False	False		XNYM	FCMXSX	MWH	2026,2027,2028,2029,2030,2031	AH3F0,AH3F1,AH3F7,AH3F8
AHB	80	ready_non_test	74	EC	exact	74	BTIC ETHER FUTURES APAC SETTLE	4,17,18,21	721de294db67b2aa5ec528620c537f67c9db0c8bcb2ae270df9b0c66ed24521b	False	False	False		XCME	FFIXSX	IPNT	2026,2027	AHBH7,AHBJ6,AHBK6,AHBM6
AHJ	476	ready_non_test	78	ZZ	exact	78	CPC-POWER/PETROCHEM	4,17,21	d21acb34cc1857d77a01ba9c499b2dbce43ad125dec0afd933e79467e288747a	False	False	False		XNYM	FCMXSX	MWH	2026,2027,2028,2029,2030,2031	AHJF0,AHJF1,AHJF7,AHJF8
AHL	315	ready_non_test	80	RF	exact	80	CPC-REFIND	4,17,21	d21acb34cc1857d77a01ba9c499b2dbce43ad125dec0afd933e79467e288747a	False	False	False		XNYM	FCMXSX	BBL	2026,2027,2028,2029	AHLF7,AHLF8,AHLF9,AHLG7
AHM	476	ready_non_test	78	ZZ	exact	78	CPC-POWER/PETROCHEM	4,17,21	d21acb34cc1857d77a01ba9c499b2dbce43ad125dec0afd933e79467e288747a	False	False	False		XNYM	FCMXSX	MWH	2026,2027,2028,2029,2030,2031	AHMF0,AHMF1,AHMF7,AHMF8
AI1	476	ready_non_test	78	ZZ	exact	78	CPC-POWER/PETROCHEM	4,17,21	d21acb34cc1857d77a01ba9c499b2dbce43ad125dec0afd933e79467e288747a	False	False	False		XNYM	FCMXSX	MWH	2026,2027,2028,2029,2030,2031	AI1F0,AI1F1,AI1F7,AI1F8
AI2	476	ready_non_test	78	ZZ	exact	78	CPC-POWER/PETROCHEM	4,17,21	d21acb34cc1857d77a01ba9c499b2dbce43ad125dec0afd933e79467e288747a	False	False	False		XNYM	FCMXSX	MWH	2026,2027,2028,2029,2030,2031	AI2F0,AI2F1,AI2F7,AI2F8
AI3	337	ready_non_test	78	PA	exact	78	CPC-POWER 2	4,17,21	d21acb34cc1857d77a01ba9c499b2dbce43ad125dec0afd933e79467e288747a	False	False	False		XNYM	FCMXSX	MWH	2026	AI3J620,AI3J621,AI3J622,AI3J623
AI4	476	ready_non_test	78	PA	exact	78	CPC-POWER 2	4,17,21	d21acb34cc1857d77a01ba9c499b2dbce43ad125dec0afd933e79467e288747a	False	False	False		XNYM	FCMXSX	MWH	2026	AI4J620,AI4J621,AI4J622,AI4J623
AI5	476	ready_non_test	78	ZZ	exact	78	CPC-POWER/PETROCHEM	4,17,21	d21acb34cc1857d77a01ba9c499b2dbce43ad125dec0afd933e79467e288747a	False	False	False		XNYM	FCMXSX	MWH	2026,2027,2028,2029,2030,2031	AI5F0,AI5F1,AI5F7,AI5F8
AI6	476	ready_non_test	78	ZZ	exact	78	CPC-POWER/PETROCHEM	4,17,21	d21acb34cc1857d77a01ba9c499b2dbce43ad125dec0afd933e79467e288747a	False	False	False		XNYM	FCMXSX	MWH	2026,2027,2028,2029,2030,2031	AI6F0,AI6F1,AI6F7,AI6F8
AI7	337	ready_non_test	78	ZZ	exact	78	CPC-POWER/PETROCHEM	4,17,21	d21acb34cc1857d77a01ba9c499b2dbce43ad125dec0afd933e79467e288747a	False	False	False		XNYM	FCMXSX	MWH	2026	AI7J620,AI7J621,AI7J622,AI7J623
AI9	476	ready_non_test	78	ZZ	exact	78	CPC-POWER/PETROCHEM	4,17,21	d21acb34cc1857d77a01ba9c499b2dbce43ad125dec0afd933e79467e288747a	False	False	False		XNYM	FCMXSX	MWH	2026,2027,2028,2029,2030,2031	AI9F0,AI9F1,AI9F7,AI9F8
AJ	259	ready_non_test	80	CP	exact	80	CPC-REFINED 2	4,17,21	d21acb34cc1857d77a01ba9c499b2dbce43ad125dec0afd933e79467e288747a	False	False	False		XNYM	FCMXSX	GAL	2026,2027,2028,2029	AJF7,AJF8,AJF9,AJG7
AJ1	476	ready_non_test	78	PA	exact	78	CPC-POWER 2	4,17,21	d21acb34cc1857d77a01ba9c499b2dbce43ad125dec0afd933e79467e288747a	False	False	False		XNYM	FCMXSX	MWH	2026,2027,2028,2029,2030,2031	AJ1F0,AJ1F1,AJ1F7,AJ1F8
AJ9	588	ready_non_test	80	BB	exact	80	BRENT PENTULTIMATE FINANCIAL FUTURES	4,17,21	d21acb34cc1857d77a01ba9c499b2dbce43ad125dec0afd933e79467e288747a	False	False	False		XNYM	FCMXSX	BBL	2026	AJ9J601,AJ9J602,AJ9J607,AJ9J608
AJB	259	ready_non_test	80	RF	exact	80	CPC-REFIND	4,17,21	d21acb34cc1857d77a01ba9c499b2dbce43ad125dec0afd933e79467e288747a	False	False	False		XNYM	FCMXSX	BBL	2026,2027,2028,2029	AJBF7,AJBF8,AJBF9,AJBG7
AJJ	308	ready_non_test	78	PA	exact	78	CPC-POWER 2	4,17,21	d21acb34cc1857d77a01ba9c499b2dbce43ad125dec0afd933e79467e288747a	False	False	False		XNYM	FCMXSX	MWH	2026,2027,2028,2029	AJJF7,AJJF8,AJJF9,AJJG7
AJL	259	ready_non_test	80	RF	exact	80	CPC-REFIND	4,17,21	d21acb34cc1857d77a01ba9c499b2dbce43ad125dec0afd933e79467e288747a	False	False	False		XNYM	FCMXSX	GAL	2026,2027,2028,2029	AJLF7,AJLF8,AJLF9,AJLG7
AJR	231	ready_non_test	80	RF	exact	80	CPC-REFIND	4,17,21	d21acb34cc1857d77a01ba9c499b2dbce43ad125dec0afd933e79467e288747a	False	False	False		XNYM	FCMXSX	MTONS	2026,2027,2028	AJRF7,AJRF8,AJRG7,AJRG8
AJS	231	ready_non_test	80	RF	exact	80	CPC-REFIND	4,17,21	d21acb34cc1857d77a01ba9c499b2dbce43ad125dec0afd933e79467e288747a	False	False	False		XNYM	FCMXSX	GAL	2026,2027,2028	AJSF7,AJSF8,AJSG7,AJSG8
AJY	42	ready_non_test	88	F3	exact	88	AUD/JPY CROSS RATE FUTURES	4,17,21	d21acb34cc1857d77a01ba9c499b2dbce43ad125dec0afd933e79467e288747a	False	False	False		XCME	FFCXSX	AUD	2026,2027	AJYH7,AJYM6,AJYM7,AJYU6
AK1	337	ready_non_test	78	PA	exact	78	CPC-POWER 2	4,17,21	d21acb34cc1857d77a01ba9c499b2dbce43ad125dec0afd933e79467e288747a	False	False	False		XNYM	FCMXSX	MWH	2026	AK1J620,AK1J621,AK1J622,AK1J623
AKL	231	ready_non_test	80	RF	exact	80	CPC-REFIND	4,17,21	d21acb34cc1857d77a01ba9c499b2dbce43ad125dec0afd933e79467e288747a	False	False	False		XNYM	FCMXSX	GAL	2026,2027,2028	AKLF7,AKLF8,AKLG7,AKLG8
AKR	588	ready_non_test	80	RF	exact	80	CPC-REFIND	4,17,21	d21acb34cc1857d77a01ba9c499b2dbce43ad125dec0afd933e79467e288747a	False	False	False		XNYM	FCMXSX	MTONS	2026	AKRJ601,AKRJ602,AKRJ607,AKRJ608
AKS	231	ready_non_test	80	RF	exact	80	CPC-REFIND	4,17,21	d21acb34cc1857d77a01ba9c499b2dbce43ad125dec0afd933e79467e288747a	False	False	False		XNYM	FCMXSX	BBL	2026,2027,2028	AKSF7,AKSF8,AKSG7,AKSG8
AKX	588	ready_non_test	80	RF	exact	80	CPC-REFIND	4,17,21	d21acb34cc1857d77a01ba9c499b2dbce43ad125dec0afd933e79467e288747a	False	False	False		XNYM	FCMXSX	MTONS	2026	AKXJ601,AKXJ602,AKXJ607,AKXJ608
AKZ	588	ready_non_test	80	RF	exact	80	CPC-REFIND	4,17,21	d21acb34cc1857d77a01ba9c499b2dbce43ad125dec0afd933e79467e288747a	False	False	False		XNYM	FCMXSX	MTONS	2026	AKZJ601,AKZJ602,AKZJ607,AKZJ608
AL9	476	ready_non_test	78	ZZ	exact	78	CPC-POWER/PETROCHEM	4,17,21	d21acb34cc1857d77a01ba9c499b2dbce43ad125dec0afd933e79467e288747a	False	False	False		XNYM	FCMXSX	MWH	2026,2027,2028,2029,2030,2031	AL9F0,AL9F1,AL9F7,AL9F8
ALA	231	ready_non_test	78	ST	exact	78	FERROUS SCRAP/ALUMINA FUTURES	4,17,21	d21acb34cc1857d77a01ba9c499b2dbce43ad125dec0afd933e79467e288747a	False	False	False		XCEC	FXXXSX	MTONS	2026,2027,2028	ALAF7,ALAF8,ALAG7,ALAG8
ALB	231	ready_non_test	78	ST	exact	78	FERROUS SCRAP/ALUMINA FUTURES	4,17,21	d21acb34cc1857d77a01ba9c499b2dbce43ad125dec0afd933e79467e288747a	False	False	False		XCEC	FXXXSX	MTONS	2026,2027,2028	ALBF7,ALBF8,ALBG7,ALBG8
ALI	427	ready_non_test	78	AL	exact	78	ALUMINUM FUTURES	4,17,21	d21acb34cc1857d77a01ba9c499b2dbce43ad125dec0afd933e79467e288747a	False	False	False		XCEC	FXXXSX	MTONS	2026,2027,2028,2029,2030,2031	ALIF0,ALIF1,ALIF7,ALIF8
ALICP1	7	synthetic_no_ready	78	0D	exact	78	SYNTHETIC EOC METALS	2,4	bf10f1b3e23ad8320182b8dc97354d72ac617d87796ea55c0d14e6f5f2ae0fcc	True	True	False		XCEC	FXXXSX	IPNT	2099	ALICP1Z99
ALICPA	7	synthetic_no_ready	78	0D	exact	78	SYNTHETIC EOC METALS	2,4	bf10f1b3e23ad8320182b8dc97354d72ac617d87796ea55c0d14e6f5f2ae0fcc	True	True	False		XCEC	FXXXSX	IPNT	2099	ALICPAZ99
ALM	308	ready_non_test	78	PA	exact	78	CPC-POWER 2	4,17,21	d21acb34cc1857d77a01ba9c499b2dbce43ad125dec0afd933e79467e288747a	False	False	False		XNYM	FCMXSX	MWH	2026,2027,2028,2029	ALMF7,ALMF8,ALMF9,ALMG7
ALY	315	ready_non_test	80	RF	exact	80	CPC-REFIND	4,17,21	d21acb34cc1857d77a01ba9c499b2dbce43ad125dec0afd933e79467e288747a	False	False	False		XNYM	FCMXSX	GAL	2026,2027,2028,2029	ALYF7,ALYF8,ALYF9,ALYG7
AM1	476	ready_non_test	78	PA	exact	78	CPC-POWER 2	4,17,21	d21acb34cc1857d77a01ba9c499b2dbce43ad125dec0afd933e79467e288747a	False	False	False		XNYM	FCMXSX	MWH	2026	AM1J620,AM1J621,AM1J622,AM1J623
AMB	80	ready_non_test	74	HB	exact	74	BTIC BITCOIN  FUTURES APAC SETTLE	4,17,18,21	721de294db67b2aa5ec528620c537f67c9db0c8bcb2ae270df9b0c66ed24521b	False	False	False		XCME	FFIXSX	IPNT	2026,2027	AMBH7,AMBJ6,AMBK6,AMBM6
AML	259	ready_non_test	80	RF	exact	80	CPC-REFIND	4,17,21	d21acb34cc1857d77a01ba9c499b2dbce43ad125dec0afd933e79467e288747a	False	False	False		XNYM	FCMXSX	BBL	2026,2027,2028,2029	AMLF7,AMLF8,AMLF9,AMLG7
AN1	476	ready_non_test	78	ZZ	exact	78	CPC-POWER/PETROCHEM	4,17,21	d21acb34cc1857d77a01ba9c499b2dbce43ad125dec0afd933e79467e288747a	False	False	False		XNYM	FCMXSX	MWH	2026,2027,2028,2029,2030,2031	AN1F0,AN1F1,AN1F7,AN1F8
ANE	42	ready_non_test	88	F4	exact	88	AUD/NZD CROSS RATE FUTURES	4,17,21	d21acb34cc1857d77a01ba9c499b2dbce43ad125dec0afd933e79467e288747a	False	False	False		XCME	FFCXSX	AUD	2026,2027	ANEH7,ANEM6,ANEM7,ANEU6
ANL	330	ready_non_test	78	PW	exact	78	50 MW POWER- CMED	4,17,21	d21acb34cc1857d77a01ba9c499b2dbce43ad125dec0afd933e79467e288747a	False	False	False		XNYM	FCMXSX	MWH	2026	ANLJ621,ANLJ622,ANLJ623,ANLJ624
ANT	255	ready_non_test	80	CC	exact	80	REFINED FUTURES 	4,17,21	d21acb34cc1857d77a01ba9c499b2dbce43ad125dec0afd933e79467e288747a	False	False	False		XNYM	FCMXSX	BBL	2026,2027,2028,2029	ANTF7,ANTF8,ANTF9,ANTG7
AO1	476	ready_non_test	78	ZZ	exact	78	CPC-POWER/PETROCHEM	4,17,21	d21acb34cc1857d77a01ba9c499b2dbce43ad125dec0afd933e79467e288747a	False	False	False		XNYM	FCMXSX	MWH	2026,2027,2028,2029,2030,2031	AO1F0,AO1F1,AO1F7,AO1F8
AOB	588	ready_non_test	80	CP	exact	80	CPC-REFINED 2	4,17,21	d21acb34cc1857d77a01ba9c499b2dbce43ad125dec0afd933e79467e288747a	False	False	False		XNYM	FCMXSX	MTONS	2026	AOBJ601,AOBJ602,AOBJ607,AOBJ608
AOH	476	ready_non_test	78	ZZ	exact	78	CPC-POWER/PETROCHEM	4,17,21	d21acb34cc1857d77a01ba9c499b2dbce43ad125dec0afd933e79467e288747a	False	False	False		XNYM	FCMXSX	MWH	2026,2027,2028,2029,2030,2031	AOHF0,AOHF1,AOHF7,AOHF8
AOJ	308	ready_non_test	78	ZZ	exact	78	CPC-POWER/PETROCHEM	4,17,21	d21acb34cc1857d77a01ba9c499b2dbce43ad125dec0afd933e79467e288747a	False	False	False		XNYM	FCMXSX	MWH	2026,2027,2028,2029	AOJF7,AOJF8,AOJF9,AOJG7
AP1	476	ready_non_test	78	PA	exact	78	CPC-POWER 2	4,17,21	d21acb34cc1857d77a01ba9c499b2dbce43ad125dec0afd933e79467e288747a	False	False	False		XNYM	FCMXSX	MWH	2026	AP1J620,AP1J621,AP1J622,AP1J623
AP2	476	ready_non_test	78	ZZ	exact	78	CPC-POWER/PETROCHEM	4,17,21	d21acb34cc1857d77a01ba9c499b2dbce43ad125dec0afd933e79467e288747a	False	False	False		XNYM	FCMXSX	MWH	2026,2027,2028,2029,2030,2031	AP2F0,AP2F1,AP2F7,AP2F8
AP3	476	ready_non_test	78	ZZ	exact	78	CPC-POWER/PETROCHEM	4,17,21	d21acb34cc1857d77a01ba9c499b2dbce43ad125dec0afd933e79467e288747a	False	False	False		XNYM	FCMXSX	MWH	2026,2027,2028,2029,2030,2031	AP3F0,AP3F1,AP3F7,AP3F8
AP4	476	ready_non_test	78	ZZ	exact	78	CPC-POWER/PETROCHEM	4,17,21	d21acb34cc1857d77a01ba9c499b2dbce43ad125dec0afd933e79467e288747a	False	False	False		XNYM	FCMXSX	MWH	2026,2027,2028,2029,2030,2031	AP4F0,AP4F1,AP4F7,AP4F8
AP5	476	ready_non_test	78	ZZ	exact	78	CPC-POWER/PETROCHEM	4,17,21	d21acb34cc1857d77a01ba9c499b2dbce43ad125dec0afd933e79467e288747a	False	False	False		XNYM	FCMXSX	MWH	2026,2027,2028,2029,2030,2031	AP5F0,AP5F1,AP5F7,AP5F8
AP7	476	ready_non_test	78	ZZ	exact	78	CPC-POWER/PETROCHEM	4,17,21	d21acb34cc1857d77a01ba9c499b2dbce43ad125dec0afd933e79467e288747a	False	False	False		XNYM	FCMXSX	MWH	2026,2027,2028,2029,2030,2031	AP7F0,AP7F1,AP7F7,AP7F8
AP8	476	ready_non_test	78	ZZ	exact	78	CPC-POWER/PETROCHEM	4,17,21	d21acb34cc1857d77a01ba9c499b2dbce43ad125dec0afd933e79467e288747a	False	False	False		XNYM	FCMXSX	MWH	2026,2027,2028,2029,2030,2031	AP8F0,AP8F1,AP8F7,AP8F8
AP9	476	ready_non_test	78	ZZ	exact	78	CPC-POWER/PETROCHEM	4,17,21	d21acb34cc1857d77a01ba9c499b2dbce43ad125dec0afd933e79467e288747a	False	False	False		XNYM	FCMXSX	MWH	2026,2027,2028,2029,2030,2031	AP9F0,AP9F1,AP9F7,AP9F8
APA	476	ready_non_test	78	PA	exact	78	CPC-POWER 2	4,17,21	d21acb34cc1857d77a01ba9c499b2dbce43ad125dec0afd933e79467e288747a	False	False	False		XNYM	FCMXSX	MWH	2026,2027,2028,2029,2030,2031	APAF0,APAF1,APAF7,APAF8
APS	315	ready_non_test	78	ZZ	exact	78	CPC-POWER/PETROCHEM	4,17,21	d21acb34cc1857d77a01ba9c499b2dbce43ad125dec0afd933e79467e288747a	False	False	False		XNYM	FCMXSX	MTONS	2026,2027,2028,2029	APSF7,APSF8,APSF9,APSG7
AQ5	476	ready_non_test	78	ZZ	exact	78	CPC-POWER/PETROCHEM	4,17,21	d21acb34cc1857d77a01ba9c499b2dbce43ad125dec0afd933e79467e288747a	False	False	False		XNYM	FCMXSX	MWH	2026,2027,2028,2029,2030,2031	AQ5F0,AQ5F1,AQ5F7,AQ5F8
AQA	567	ready_non_test	80	RF	exact	80	CPC-REFIND	4,17,21	d21acb34cc1857d77a01ba9c499b2dbce43ad125dec0afd933e79467e288747a	False	False	False		XNYM	FCMXSX	MTONS	2026,2027,2028,2029,2030,2031,2032	AQAF0,AQAF1,AQAF2,AQAF7
AQK	476	ready_non_test	78	ZZ	exact	78	CPC-POWER/PETROCHEM	4,17,21	d21acb34cc1857d77a01ba9c499b2dbce43ad125dec0afd933e79467e288747a	False	False	False		XNYM	FCMXSX	MWH	2026,2027,2028,2029,2030,2031	AQKF0,AQKF1,AQKF7,AQKF8
AQR	98	synthetic_no_ready	68	0B	exact	68	SYNTHETIC EQUITY	2,4	bf10f1b3e23ad8320182b8dc97354d72ac617d87796ea55c0d14e6f5f2ae0fcc	False	False	False		XCME	FFIXSX	IPNT	2026,2027,2028,2029,2030,2031,2032	AQRH7,AQRH8,AQRM6,AQRM7
AQT	98	ready_non_test	68	BV	exact	68	BTIC CARRY ADJUSTED IR S&P TOTAL RETURN	4,17,21	cdfb6991d0a44427cfcfb9cdf2a11b9d54a2cb0241bb6153eb8a8cf0baed32dd	False	False	False		XCME	FFIXSX	IPNT	2026,2027,2028,2029,2030,2031,2032	AQTH7,AQTH8,AQTM6,AQTM7
AR0	287	ready_non_test	78	ZZ	exact	78	CPC-POWER/PETROCHEM	4,17,21	d21acb34cc1857d77a01ba9c499b2dbce43ad125dec0afd933e79467e288747a	False	False	False		XNYM	FCMXSX	GAL	2026	AR0J601,AR0J602,AR0J606,AR0J607
AR1	337	ready_non_test	78	PA	exact	78	CPC-POWER 2	4,17,21	d21acb34cc1857d77a01ba9c499b2dbce43ad125dec0afd933e79467e288747a	False	False	False		XNYM	FCMXSX	MWH	2026	AR1J620,AR1J621,AR1J622,AR1J623
AR4	476	ready_non_test	78	PA	exact	78	CPC-POWER 2	4,17,21	d21acb34cc1857d77a01ba9c499b2dbce43ad125dec0afd933e79467e288747a	False	False	False		XNYM	FCMXSX	MWH	2026	AR4J620,AR4J621,AR4J622,AR4J623
AR6	476	ready_non_test	78	ZZ	exact	78	CPC-POWER/PETROCHEM	4,17,21	d21acb34cc1857d77a01ba9c499b2dbce43ad125dec0afd933e79467e288747a	False	False	False		XNYM	FCMXSX	MWH	2026,2027,2028,2029,2030,2031	AR6F0,AR6F1,AR6F7,AR6F8
ARE	315	ready_non_test	80	RF	exact	80	CPC-REFIND	4,17,21	d21acb34cc1857d77a01ba9c499b2dbce43ad125dec0afd933e79467e288747a	False	False	False		XNYM	FCMXSX	BBL	2026,2027,2028,2029	AREF7,AREF8,AREF9,AREG7
ARR	98	synthetic_no_ready	68	0B	exact	68	SYNTHETIC EQUITY	2,4	bf10f1b3e23ad8320182b8dc97354d72ac617d87796ea55c0d14e6f5f2ae0fcc	False	False	False		XCME	FFIXSX	IPNT	2026,2027,2028,2029,2030,2031,2032	ARRH7,ARRH8,ARRM6,ARRM7
ART	98	ready_non_test	68	BV	exact	68	BTIC CARRY ADJUSTED IR S&P TOTAL RETURN	4,17,21	cdfb6991d0a44427cfcfb9cdf2a11b9d54a2cb0241bb6153eb8a8cf0baed32dd	False	False	False		XCME	FFIXSX	IPNT	2026,2027,2028,2029,2030,2031,2032	ARTH7,ARTH8,ARTM6,ARTM7
ARY	315	ready_non_test	80	RF	exact	80	CPC-REFIND	4,17,21	d21acb34cc1857d77a01ba9c499b2dbce43ad125dec0afd933e79467e288747a	False	False	False		XNYM	FCMXSX	GAL	2026,2027,2028,2029	ARYF7,ARYF8,ARYF9,ARYG7
ASD	91	ready_non_test	78	JR	exact	78	CPC-REFINED 3	4,17,21	d21acb34cc1857d77a01ba9c499b2dbce43ad125dec0afd933e79467e288747a	False	False	False		XNYM	FCMXSX	BBL	2026,2027	ASDF7,ASDG7,ASDH7,ASDJ6
ASP	231	ready_non_test	80	RF	exact	80	CPC-REFIND	4,17,21	d21acb34cc1857d77a01ba9c499b2dbce43ad125dec0afd933e79467e288747a	False	False	False		XNYM	FCMXSX	BBL	2026,2027,2028	ASPF7,ASPF8,ASPG7,ASPG8
ASPR	56	synthetic_no_ready	68	0B	exact	68	SYNTHETIC EQUITY	2,4	bf10f1b3e23ad8320182b8dc97354d72ac617d87796ea55c0d14e6f5f2ae0fcc	False	False	False		XCME	FFIXSX	IPNT	2026,2027,2028,2029,2030,2031,2032,2033	ASPRZ26,ASPRZ27,ASPRZ28,ASPRZ29
ASPT	56	ready_non_test	68	BV	exact	68	BTIC CARRY ADJUSTED IR S&P TOTAL RETURN	4,17,21	cdfb6991d0a44427cfcfb9cdf2a11b9d54a2cb0241bb6153eb8a8cf0baed32dd	False	False	False		XCME	FFIXSX	IPNT	2026,2027,2028,2029,2030,2031,2032,2033	ASPTZ26,ASPTZ27,ASPTZ28,ASPTZ29
ASR	168	synthetic_no_ready	68	0B	exact	68	SYNTHETIC EQUITY	2,4	bf10f1b3e23ad8320182b8dc97354d72ac617d87796ea55c0d14e6f5f2ae0fcc	False	False	False		XCME	FFIXSX	IPNT	2026,2027,2028,2029,2030,2031,2032,2033,2034,2035	ASRF27,ASRH27,ASRH28,ASRH29
AST	168	ready_non_test	68	BV	exact	68	BTIC CARRY ADJUSTED IR S&P TOTAL RETURN	4,17,21	cdfb6991d0a44427cfcfb9cdf2a11b9d54a2cb0241bb6153eb8a8cf0baed32dd	False	False	False		XCME	FFIXSX	IPNT	2026,2027,2028,2029,2030,2031,2032,2033,2034,2035	ASTF27,ASTH27,ASTH28,ASTH29
AT0	399	ready_non_test	80	RF	exact	80	CPC-REFIND	4,17,21	d21acb34cc1857d77a01ba9c499b2dbce43ad125dec0afd933e79467e288747a	False	False	False		XNYM	FCMXSX	MTONS	2026,2027,2028,2029,2030	AT0F0,AT0F7,AT0F8,AT0F9
ATB	80	ready_non_test	74	EC	exact	74	BTIC ETHER FUTURES APAC SETTLE	4,17,18,21	721de294db67b2aa5ec528620c537f67c9db0c8bcb2ae270df9b0c66ed24521b	False	False	False		XCME	FFIXSX	IPNT	2026,2027	ATBH7,ATBJ6,ATBK6,ATBM6
ATP	231	ready_non_test	80	RF	exact	80	CPC-REFIND	4,17,21	d21acb34cc1857d77a01ba9c499b2dbce43ad125dec0afd933e79467e288747a	False	False	False		XNYM	FCMXSX	MTONS	2026,2027,2028	ATPF7,ATPF8,ATPG7,ATPG8
ATU	231	ready_non_test	80	RF	exact	80	CPC-REFIND	4,17,21	d21acb34cc1857d77a01ba9c499b2dbce43ad125dec0afd933e79467e288747a	False	False	False		XNYM	FCMXSX	TON	2026,2027,2028	ATUF7,ATUF8,ATUG7,ATUG8
ATY	259	ready_non_test	80	RF	exact	80	CPC-REFIND	4,17,21	d21acb34cc1857d77a01ba9c499b2dbce43ad125dec0afd933e79467e288747a	False	False	False		XNYM	FCMXSX	MTONS	2026,2027,2028,2029	ATYF7,ATYF8,ATYF9,ATYG7
AU2	476	ready_non_test	78	ZZ	exact	78	CPC-POWER/PETROCHEM	4,17,21	d21acb34cc1857d77a01ba9c499b2dbce43ad125dec0afd933e79467e288747a	False	False	False		XNYM	FCMXSX	MWH	2026,2027,2028,2029,2030,2031	AU2F0,AU2F1,AU2F7,AU2F8
AU3	476	ready_non_test	78	ZZ	exact	78	CPC-POWER/PETROCHEM	4,17,21	d21acb34cc1857d77a01ba9c499b2dbce43ad125dec0afd933e79467e288747a	False	False	False		XNYM	FCMXSX	MWH	2026,2027,2028,2029,2030,2031	AU3F0,AU3F1,AU3F7,AU3F8
AU4	476	ready_non_test	78	ZZ	exact	78	CPC-POWER/PETROCHEM	4,17,21	d21acb34cc1857d77a01ba9c499b2dbce43ad125dec0afd933e79467e288747a	False	False	False		XNYM	FCMXSX	MWH	2026,2027,2028,2029,2030,2031	AU4F0,AU4F1,AU4F7,AU4F8
AU5	476	ready_non_test	78	ZZ	exact	78	CPC-POWER/PETROCHEM	4,17,21	d21acb34cc1857d77a01ba9c499b2dbce43ad125dec0afd933e79467e288747a	False	False	False		XNYM	FCMXSX	MWH	2026,2027,2028,2029,2030,2031	AU5F0,AU5F1,AU5F7,AU5F8
AU6	476	ready_non_test	78	ZZ	exact	78	CPC-POWER/PETROCHEM	4,17,21	d21acb34cc1857d77a01ba9c499b2dbce43ad125dec0afd933e79467e288747a	False	False	False		XNYM	FCMXSX	MWH	2026,2027,2028,2029,2030,2031	AU6F0,AU6F1,AU6F7,AU6F8
AUB	511	ready_non_test	80	CC	exact	80	REFINED FUTURES 	4,17,21	d21acb34cc1857d77a01ba9c499b2dbce43ad125dec0afd933e79467e288747a	False	False	False		XNYM	FCMXSX	BBL	2026,2027,2028,2029,2030,2031,2032	AUBF0,AUBF1,AUBF2,AUBF7
AUF	483	ready_non_test	80	RF	exact	80	CPC-REFIND	4,17,21	d21acb34cc1857d77a01ba9c499b2dbce43ad125dec0afd933e79467e288747a	False	False	False		XNYM	FCMXSX	MTONS	2026,2027,2028,2029,2030,2031	AUFF0,AUFF1,AUFF7,AUFF8
AUH	483	ready_non_test	80	RF	exact	80	CPC-REFIND	4,17,21	d21acb34cc1857d77a01ba9c499b2dbce43ad125dec0afd933e79467e288747a	False	False	False		XNYM	FCMXSX	MTONS	2026,2027,2028,2029,2030,2031	AUHF0,AUHF1,AUHF7,AUHF8
AUI	259	ready_non_test	80	RF	exact	80	CPC-REFIND	4,17,21	d21acb34cc1857d77a01ba9c499b2dbce43ad125dec0afd933e79467e288747a	False	False	False		XNYM	FCMXSX	MTONS	2026,2027,2028,2029	AUIF7,AUIF8,AUIF9,AUIG7
AUJ	259	ready_non_test	80	RF	exact	80	CPC-REFIND	4,17,21	d21acb34cc1857d77a01ba9c499b2dbce43ad125dec0afd933e79467e288747a	False	False	False		XNYM	FCMXSX	MTONS	2026,2027,2028,2029	AUJF7,AUJF8,AUJF9,AUJG7
AUP	427	ready_non_test	78	ST	exact	78	FERROUS SCRAP/ALUMINA FUTURES	4,17,21	d21acb34cc1857d77a01ba9c499b2dbce43ad125dec0afd933e79467e288747a	False	False	False		XCEC	FXXXSX	LBS	2026,2027,2028,2029,2030,2031	AUPF0,AUPF1,AUPF7,AUPF8
AUS	231	ready_non_test	80	RF	exact	80	CPC-REFIND	4,17,21	d21acb34cc1857d77a01ba9c499b2dbce43ad125dec0afd933e79467e288747a	False	False	False		XNYM	FCMXSX	GAL	2026,2027,2028	AUSF7,AUSF8,AUSG7,AUSG8
AUW	91	ready_non_test	70	AH	exact	70	AUSTRALIAN WHEAT FOB (PLATTS) FUTURES	4,17,21	d21acb34cc1857d77a01ba9c499b2dbce43ad125dec0afd933e79467e288747a	False	False	False		XCBT	FCAXSX	MTONS	2026,2027	AUWF7,AUWG7,AUWH7,AUWJ6
AV0	259	ready_non_test	80	RF	exact	80	CPC-REFIND	4,17,21	d21acb34cc1857d77a01ba9c499b2dbce43ad125dec0afd933e79467e288747a	False	False	False		XNYM	FCMXSX	BBL	2026,2027,2028,2029	AV0F7,AV0F8,AV0F9,AV0G7
AVK	287	ready_non_test	80	RF	exact	80	CPC-REFIND	4,17,21	d21acb34cc1857d77a01ba9c499b2dbce43ad125dec0afd933e79467e288747a	False	False	False		XNYM	FCMXSX	BBL	2026	AVKJ601,AVKJ602,AVKJ606,AVKJ607
AVL	259	ready_non_test	80	RF	exact	80	CPC-REFIND	4,17,21	d21acb34cc1857d77a01ba9c499b2dbce43ad125dec0afd933e79467e288747a	False	False	False		XNYM	FCMXSX	MTONS	2026,2027,2028,2029	AVLF7,AVLF8,AVLF9,AVLG7
AVU	588	ready_non_test	80	RF	exact	80	CPC-REFIND	4,17,21	d21acb34cc1857d77a01ba9c499b2dbce43ad125dec0afd933e79467e288747a	False	False	False		XNYM	FCMXSX	BBL	2026	AVUJ601,AVUJ602,AVUJ606,AVUJ607
AVZ	287	ready_non_test	80	RF	exact	80	CPC-REFIND	4,17,21	d21acb34cc1857d77a01ba9c499b2dbce43ad125dec0afd933e79467e288747a	False	False	False		XNYM	FCMXSX	BBL	2026	AVZJ601,AVZJ602,AVZJ606,AVZJ607
AW	42	ready_non_test	70	AW	exact	70	BLOOMBERG COMM INDEX FUTURES	4,17,21	ea2783d2531e4e67d5fe10742b70a735033704f8a19dfb2c758184d8a1bcb7d9	False	False	False		XCBT	FCAXSX	IPNT	2026,2027	AWH7,AWM6,AWM7,AWU6
AW2	476	ready_non_test	78	ZZ	exact	78	CPC-POWER/PETROCHEM	4,17,21	d21acb34cc1857d77a01ba9c499b2dbce43ad125dec0afd933e79467e288747a	False	False	False		XNYM	FCMXSX	MWH	2026,2027,2028,2029,2030,2031	AW2F0,AW2F1,AW2F7,AW2F8
AWJ	483	ready_non_test	80	CC	exact	80	REFINED FUTURES 	4,17,21	d21acb34cc1857d77a01ba9c499b2dbce43ad125dec0afd933e79467e288747a	False	False	False		XNYM	FCMXSX	BBL	2026,2027,2028,2029,2030,2031	AWJF0,AWJF1,AWJF7,AWJF8
AWQ	231	ready_non_test	80	RF	exact	80	CPC-REFIND	4,17,21	d21acb34cc1857d77a01ba9c499b2dbce43ad125dec0afd933e79467e288747a	False	False	False		XNYM	FCMXSX	MTONS	2026,2027,2028	AWQF7,AWQF8,AWQG7,AWQG8
AWT	42	ready_non_test	70	B7	exact	70	BTIC BLOOMBERG COMM INDEX	4,17,21	ea2783d2531e4e67d5fe10742b70a735033704f8a19dfb2c758184d8a1bcb7d9	False	False	False		XCBT	FFIXSX	IPNT	2026,2027	AWTH7,AWTM6,AWTM7,AWTU6
AXB	483	ready_non_test	80	CC	exact	80	REFINED FUTURES 	4,17,21	d21acb34cc1857d77a01ba9c499b2dbce43ad125dec0afd933e79467e288747a	False	False	False		XNYM	FCMXSX	BBL	2026,2027,2028,2029,2030,2031	AXBF0,AXBF1,AXBF7,AXBF8
AY	472	ready_non_test	80	CC	exact	80	REFINED FUTURES 	4,17,21	d21acb34cc1857d77a01ba9c499b2dbce43ad125dec0afd933e79467e288747a	False	False	False		XNYM	FCMXSX	BBL	2026,2027,2028,2029,2030,2031	AYF0,AYF1,AYF7,AYF8
AYV	472	ready_non_test	80	CC	exact	80	REFINED FUTURES 	4,17,21	d21acb34cc1857d77a01ba9c499b2dbce43ad125dec0afd933e79467e288747a	False	False	False		XNYM	FCMXSX	BBL	2026,2027,2028,2029,2030,2031	AYVF0,AYVF1,AYVF7,AYVF8
AYX	483	ready_non_test	80	CC	exact	80	REFINED FUTURES 	4,17,21	d21acb34cc1857d77a01ba9c499b2dbce43ad125dec0afd933e79467e288747a	False	False	False		XNYM	FCMXSX	BBL	2026,2027,2028,2029,2030,2031	AYXF0,AYXF1,AYXF7,AYXF8
AZ0	588	ready_non_test	80	RF	exact	80	CPC-REFIND	4,17,21	d21acb34cc1857d77a01ba9c499b2dbce43ad125dec0afd933e79467e288747a	False	False	False		XNYM	FCMXSX	BBL	2026	AZ0J601,AZ0J602,AZ0J606,AZ0J607
AZ1	259	ready_non_test	80	EE	exact	80	CPC-Ethanol	4,17,21	d21acb34cc1857d77a01ba9c499b2dbce43ad125dec0afd933e79467e288747a	False	False	False		XNYM	FCMXSX	CBM	2026,2027,2028,2029	AZ1F7,AZ1F8,AZ1F9,AZ1G7
AZ5	231	ready_non_test	80	RF	exact	80	CPC-REFIND	4,17,21	d21acb34cc1857d77a01ba9c499b2dbce43ad125dec0afd933e79467e288747a	False	False	False		XNYM	FCMXSX	MTONS	2026,2027,2028	AZ5F7,AZ5F8,AZ5G7,AZ5G8
AZ7	231	ready_non_test	80	RF	exact	80	CPC-REFIND	4,17,21	d21acb34cc1857d77a01ba9c499b2dbce43ad125dec0afd933e79467e288747a	False	False	False		XNYM	FCMXSX	MTONS	2026,2027,2028	AZ7F7,AZ7F8,AZ7G7,AZ7G8
AZL	119	synthetic_no_ready	78	08	exact	78	SYNTHETIC NYMEX	2,4	bf10f1b3e23ad8320182b8dc97354d72ac617d87796ea55c0d14e6f5f2ae0fcc	False	False	False		XNYM	FCMXSX	GAL	2026,2027,2028	AZLF7,AZLG7,AZLH7,AZLJ7
B0	399	ready_non_test	78	GS	exact	78	CPC MONT BELVIEU PROPANE	4,17,21	d21acb34cc1857d77a01ba9c499b2dbce43ad125dec0afd933e79467e288747a	False	False	False		XNYM	FCMXSX	GAL	2026,2027,2028,2029,2030	B0F0,B0F7,B0F8,B0F9
B1	588	ready_non_test	80	CP	exact	80	CPC-REFINED 2	4,17,21	d21acb34cc1857d77a01ba9c499b2dbce43ad125dec0afd933e79467e288747a	False	False	False		XNYM	FCMXSX	MTONS	2026	B1J601,B1J602,B1J607,B1J608
B1S	14	ready_non_test	84	SM	exact	84	30-YEAR DELIVERABLE INTEREST RATE SWAP	4,17,21	d21acb34cc1857d77a01ba9c499b2dbce43ad125dec0afd933e79467e288747a	False	False	False		XCBT	FFDXSX	USD	2026	B1SM6,B1SU6
B2K	476	ready_non_test	78	PA	exact	78	CPC-POWER 2	4,17,21	d21acb34cc1857d77a01ba9c499b2dbce43ad125dec0afd933e79467e288747a	False	False	False		XNYM	FCMXSX	MWH	2026	B2KJ620,B2KJ621,B2KJ622,B2KJ623
B7H	315	ready_non_test	80	PT	exact	80	CPC FUEL OIL (1)	4,17,21	d21acb34cc1857d77a01ba9c499b2dbce43ad125dec0afd933e79467e288747a	False	False	False		XNYM	FCMXSX	MTONS	2026,2027,2028,2029	B7HF7,B7HF8,B7HF9,B7HG7
B8	588	ready_non_test	80	CP	exact	80	CPC-REFINED 2	4,17,21	d21acb34cc1857d77a01ba9c499b2dbce43ad125dec0afd933e79467e288747a	False	False	False		XNYM	FCMXSX	MTONS	2026	B8J601,B8J602,B8J607,B8J608
BAB	30	ready_non_test	74	HB	exact	74	BTIC BITCOIN  FUTURES APAC SETTLE	4,17,18,21	721de294db67b2aa5ec528620c537f67c9db0c8bcb2ae270df9b0c66ed24521b	False	False	False		XCME	FFIXSX	IPNT	2026	BABJ624,BABK601,BABK608,BABK615
BAG	42	ready_non_test	70	7A	exact	70	BLOOMBERG COMM AGRICULTURE INDEX FUTURES	4,17,21	ea2783d2531e4e67d5fe10742b70a735033704f8a19dfb2c758184d8a1bcb7d9	False	False	False		XCBT	FCAXSX	IPNT	2026,2027	BAGH7,BAGM6,BAGM7,BAGU6
BAT	42	ready_non_test	70	8G	exact	70	BTIC BLOOMBERG COMM AGS INDEX FUTURES	4,17,21	ea2783d2531e4e67d5fe10742b70a735033704f8a19dfb2c758184d8a1bcb7d9	False	False	False		XCBT	FFIXSX	IPNT	2026,2027	BATH7,BATM6,BATM7,BATU6
BB	637	ready_non_test	80	BB	exact	80	BRENT PENTULTIMATE FINANCIAL FUTURES	4,17,21	d21acb34cc1857d77a01ba9c499b2dbce43ad125dec0afd933e79467e288747a	False	False	False		XNYM	FCMXSX	BBL	2026,2027,2028,2029,2030,2031,2032,2033	BBF0,BBF1,BBF2,BBF3
BBT	49	ready_non_test	80	CT	exact	80	CRUDE/HEAT/RBOB TAS (CLT,HOT,RBT)	2,4,17,21	11258089b46320cec85e39bf95e564ec4ce751d6c884f9c4304fe393499c1be0	False	False	False		XNYM	FCMXSX	BBL	2026	BBTM6,BBTN6,BBTQ6,BBTU6
BCH	169	ready_non_test	78	MA	exact	78	FERROUS SCRAP/ALUMINA/EURO HRC FUTURES	4,17,21	d21acb34cc1857d77a01ba9c499b2dbce43ad125dec0afd933e79467e288747a	False	False	False		XCEC	FXXXSX	GT	2026,2027,2028	BCHF7,BCHF8,BCHG7,BCHG8
BCR	588	ready_non_test	80	RF	exact	80	CPC-REFIND	4,17,21	d21acb34cc1857d77a01ba9c499b2dbce43ad125dec0afd933e79467e288747a	False	False	False		XNYM	FCMXSX	GAL	2026	BCRJ601,BCRJ602,BCRJ606,BCRJ607
BCX	78	synthetic_no_ready	70	05	exact	70	SYNTHETIC CBOT/CME AGS	2,4	bf10f1b3e23ad8320182b8dc97354d72ac617d87796ea55c0d14e6f5f2ae0fcc	False	False	False		XCBT	FCAXSX	BU	2026,2027	BCXF27,BCXH27,BCXK26,BCXK27
BD	462	synthetic_no_ready	80	09	exact	80	SYNTHETIC CRUDE	2,4	bf10f1b3e23ad8320182b8dc97354d72ac617d87796ea55c0d14e6f5f2ae0fcc	False	False	False		XNYM	FCMXSX	BBL	2026,2027,2028,2029,2030,2031	BDF0,BDF1,BDF7,BDF8
BDB	588	ready_non_test	80	BB	exact	80	BRENT PENTULTIMATE FINANCIAL FUTURES	4,17,21	d21acb34cc1857d77a01ba9c499b2dbce43ad125dec0afd933e79467e288747a	False	False	False		XNYM	FCMXSX	BBL	2026	BDBJ601,BDBJ602,BDBJ606,BDBJ607
BDT	304	ready_non_test	80	CC	exact	80	REFINED FUTURES 	4,17,21	d21acb34cc1857d77a01ba9c499b2dbce43ad125dec0afd933e79467e288747a	False	False	False		XNYM	FCMXSX	BBL	2026,2027,2028,2029	BDTF7,BDTF8,BDTF9,BDTG7
BEB	588	ready_non_test	78	ZZ	exact	78	CPC-POWER/PETROCHEM	4,17,21	d21acb34cc1857d77a01ba9c499b2dbce43ad125dec0afd933e79467e288747a	False	False	False		XNYM	FCMXSX	MTONS	2026	BEBJ601,BEBJ602,BEBJ607,BEBJ608
BEF	315	ready_non_test	78	ZZ	exact	78	CPC-POWER/PETROCHEM	4,17,21	d21acb34cc1857d77a01ba9c499b2dbce43ad125dec0afd933e79467e288747a	False	False	False		XNYM	FCMXSX	MTONS	2026,2027,2028,2029	BEFF7,BEFF8,BEFF9,BEFG7
BEN	42	ready_non_test	70	7E	exact	70	BLOOMBERG COMM ENERGY INDEX FUTURES	4,17,21	ea2783d2531e4e67d5fe10742b70a735033704f8a19dfb2c758184d8a1bcb7d9	False	False	False		XCBT	FCAXSX	IPNT	2026,2027	BENH7,BENM6,BENM7,BENU6
BET	42	ready_non_test	70	8R	exact	70	BTIC BLOOMBERG COMM ENERGY INDEX FUTURES	4,17,21	ea2783d2531e4e67d5fe10742b70a735033704f8a19dfb2c758184d8a1bcb7d9	False	False	False		XCBT	FFIXSX	IPNT	2026,2027	BETH7,BETM6,BETM7,BETU6
BF	91	synthetic_no_ready	80	09	exact	80	SYNTHETIC CRUDE	2,4	bf10f1b3e23ad8320182b8dc97354d72ac617d87796ea55c0d14e6f5f2ae0fcc	False	False	False		XNYM	FCMXSX	BBL	2026,2027	BFF7,BFG7,BFH7,BFJ7
BFB	30	ready_non_test	74	FN	exact	74	BTIC BITCOIN FRIDAY	4,17,18,21	b5ee68de53f90e83228077b7e8799e4fb9c85a2725c7b28c697b92267b066227	False	False	False		XCME	FFIXSX	IPNT	2026	BFBJ624,BFBK601,BFBK608,BFBK615
BFF	30	ready_non_test	74	BF	exact	74	BITCOIN FUTURES	4,17,18,21	663f83ffd1aa628cfdbfc2e47d7611b9ef0bb37b4771a2e31354e32b0c9f1c64	False	False	False		XCME	FFIXSX	IPNT	2026	BFFJ624,BFFK601,BFFK608,BFFK615
BFR	147	ready_non_test	80	RF	exact	80	CPC-REFIND	4,17,21	d21acb34cc1857d77a01ba9c499b2dbce43ad125dec0afd933e79467e288747a	False	False	False		XNYM	FCMXSX	MTONS	2026,2027	BFRF7,BFRG7,BFRH7,BFRJ6
BFS	30	synthetic_no_ready	74	02	exact	74	SYNTHETIC EOC ECB	2,4	bf10f1b3e23ad8320182b8dc97354d72ac617d87796ea55c0d14e6f5f2ae0fcc	False	False	False		XCME	FFIXSX	IPNT	2026	BFSJ624,BFSK601,BFSK608,BFSK615
BG1	315	ready_non_test	78	FT	exact	78	FREIGHT FUTURES	4,17,21	d21acb34cc1857d77a01ba9c499b2dbce43ad125dec0afd933e79467e288747a	False	False	False		XNYM	FCMXSX	USD	2026,2027,2028,2029	BG1F7,BG1F8,BG1F9,BG1G7
BG2	315	ready_non_test	78	FT	exact	78	FREIGHT FUTURES	4,17,21	d21acb34cc1857d77a01ba9c499b2dbce43ad125dec0afd933e79467e288747a	False	False	False		XNYM	FCMXSX	USD	2026,2027,2028,2029	BG2F7,BG2F8,BG2F9,BG2G7
BG3	315	ready_non_test	78	FT	exact	78	FREIGHT FUTURES	4,17,21	d21acb34cc1857d77a01ba9c499b2dbce43ad125dec0afd933e79467e288747a	False	False	False		XNYM	FCMXSX	USD	2026,2027,2028,2029	BG3F7,BG3F8,BG3F9,BG3G7
BGR	42	ready_non_test	70	7G	exact	70	BLOOMBERG COMM GRAIN INDEX FUTURES	4,17,21	ea2783d2531e4e67d5fe10742b70a735033704f8a19dfb2c758184d8a1bcb7d9	False	False	False		XCBT	FCAXSX	IPNT	2026,2027	BGRH7,BGRM6,BGRM7,BGRU6
BGT	42	ready_non_test	70	8S	exact	70	BTIC BLOOMBERG COMM GRAINS INDEX FUTURES	4,17,21	ea2783d2531e4e67d5fe10742b70a735033704f8a19dfb2c758184d8a1bcb7d9	False	False	False		XCBT	FFIXSX	IPNT	2026,2027	BGTH7,BGTM6,BGTM7,BGTU6
BH9	259	synthetic_no_ready	80	09	exact	80	SYNTHETIC CRUDE	2,4	bf10f1b3e23ad8320182b8dc97354d72ac617d87796ea55c0d14e6f5f2ae0fcc	False	False	False		XNYM	FCMXSX	MMBTU	2026,2027,2028,2029	BH9F7,BH9F8,BH9F9,BH9G7
BHO	231	ready_non_test	80	OA	exact	80	SOYBEAN- NY HARBOR ULSD SPREAD FINANCIAL FUTURES	4,17,21	d21acb34cc1857d77a01ba9c499b2dbce43ad125dec0afd933e79467e288747a	False	False	False		XNYM	FCMXSX	GAL	2026,2027,2028	BHOF7,BHOF8,BHOG7,BHOG8
BIO	35	ready_non_test	68	BQ	exact	68	MINI NASDAQ BIOTECH FUTURES	4,17,21	d21acb34cc1857d77a01ba9c499b2dbce43ad125dec0afd933e79467e288747a	False	False	False		XCME	FFIXSX	IPNT	2026,2027	BIOH7,BIOM6,BIOM7,BIOU6
BIT	35	ready_non_test	68	TQ	exact	68	BTIC NASDAQ BIOTECH FUTURES	4,17,21	cdfb6991d0a44427cfcfb9cdf2a11b9d54a2cb0241bb6153eb8a8cf0baed32dd	False	False	False		XCME	FFIXSX	IPNT	2026,2027	BITH7,BITM6,BITM7,BITU6
BJ	91	synthetic_no_ready	80	09	exact	80	SYNTHETIC CRUDE	2,4	bf10f1b3e23ad8320182b8dc97354d72ac617d87796ea55c0d14e6f5f2ae0fcc	False	False	False		XNYM	FCMXSX	BBL	2026,2027	BJF7,BJG7,BJH7,BJJ7
BK	735	ready_non_test	80	CC	exact	80	REFINED FUTURES 	4,17,21	d21acb34cc1857d77a01ba9c499b2dbce43ad125dec0afd933e79467e288747a	False	False	False		XNYM	FCMXSX	BBL	2026,2027,2028,2029,2030,2031,2032,2033,2034	BKF0,BKF1,BKF2,BKF3
BKB	588	ready_non_test	80	CC	exact	80	REFINED FUTURES 	4,17,21	d21acb34cc1857d77a01ba9c499b2dbce43ad125dec0afd933e79467e288747a	False	False	False		XNYM	FCMXSX	BBL	2026	BKBJ601,BKBJ602,BKBJ606,BKBJ607
BKT	304	ready_non_test	80	CC	exact	80	REFINED FUTURES 	4,17,21	d21acb34cc1857d77a01ba9c499b2dbce43ad125dec0afd933e79467e288747a	False	False	False		XNYM	FCMXSX	BBL	2026,2027,2028,2029	BKTF7,BKTF8,BKTF9,BKTG7
BLB	30	ready_non_test	74	BX	exact	74	BTIC BITCOIN FUTURES	4,17,18,21	76d40ec0092782f161fe4e033a835c82afa0f7226b017419e8b793564cc8b804	False	False	False		XCME	FFIXSX	IPNT	2026	BLBJ624,BLBK601,BLBK608,BLBK615
BLI	42	ready_non_test	70	7L	exact	70	BLOOMBERG COMM LIVESTOCK INDEX FUTURES	4,17,21	ea2783d2531e4e67d5fe10742b70a735033704f8a19dfb2c758184d8a1bcb7d9	False	False	False		XCBT	FCAXSX	IPNT	2026,2027	BLIH7,BLIM6,BLIM7,BLIU6
BLT	42	ready_non_test	70	8U	exact	70	BTIC BLOOMBERG COMM LIVESTOCK INDEX FUTURES	4,17,21	ea2783d2531e4e67d5fe10742b70a735033704f8a19dfb2c758184d8a1bcb7d9	False	False	False		XCBT	FFIXSX	IPNT	2026,2027	BLTH7,BLTM6,BLTM7,BLTU6
BM	126	synthetic_no_ready	80	09	exact	80	SYNTHETIC CRUDE	2,4	bf10f1b3e23ad8320182b8dc97354d72ac617d87796ea55c0d14e6f5f2ae0fcc	False	False	False		XNYM	FCMXSX	BBL	2026,2027,2028,2029	BMF7,BMG7,BMH7,BMJ7
BME	42	ready_non_test	70	7M	exact	70	BLOOMBERG COMM METAL INDEX FUTURES	4,17,21	ea2783d2531e4e67d5fe10742b70a735033704f8a19dfb2c758184d8a1bcb7d9	False	False	False		XCBT	FCAXSX	IPNT	2026,2027	BMEH7,BMEM6,BMEM7,BMEU6
BMT	42	ready_non_test	70	8T	exact	70	BTIC BLOOMBERG COMM  METALS INDEX FUTURES	4,17,21	ea2783d2531e4e67d5fe10742b70a735033704f8a19dfb2c758184d8a1bcb7d9	False	False	False		XCBT	FFIXSX	IPNT	2026,2027	BMTH7,BMTM6,BMTM7,BMTU6
BNB	80	ready_non_test	74	BI	exact	74	BTIC BITCOIN FUTURES NY SETTLE	4,17,18,21	b5ee68de53f90e83228077b7e8799e4fb9c85a2725c7b28c697b92267b066227	False	False	False		XCME	FFIXSX	IPNT	2026,2027	BNBH7,BNBJ6,BNBK6,BNBM6
BOO	399	ready_non_test	80	RF	exact	80	CPC-REFIND	4,17,21	d21acb34cc1857d77a01ba9c499b2dbce43ad125dec0afd933e79467e288747a	False	False	False		XNYM	FCMXSX	MTONS	2026,2027,2028,2029,2030	BOOF0,BOOF7,BOOF8,BOOF9
BOS	63	ready_non_test	70	HI	exact	70	REAL ESTATE FUTURES (HI)	4,17,21	44772dac78c8996d61f13a1e1a1f407b108e2cd891310bfb868c0cff5f35bed9	False	False	False		XCME	FCAXSX	IPNT	2026,2027,2028,2029,2030,2031	BOSG0,BOSG1,BOSG7,BOSG8
BOT	35	ready_non_test	68	H6	exact	68	BTIC S&P BIOTECH SELECT INDEX FUTURE	4,17,21	cdfb6991d0a44427cfcfb9cdf2a11b9d54a2cb0241bb6153eb8a8cf0baed32dd	False	False	False		XCME	FFIXSX	IPNT	2026,2027	BOTH7,BOTM6,BOTM7,BOTU6
BPA	301	ready_non_test	80	CC	exact	80	REFINED FUTURES 	4,17,21	d21acb34cc1857d77a01ba9c499b2dbce43ad125dec0afd933e79467e288747a	False	False	False		XNYM	FCMXSX	BBL	2026,2027,2028,2029	BPAF7,BPAF8,BPAF9,BPAG7
BPE	42	ready_non_test	70	7H	exact	70	BLOOMBERG COMM PETROLEUM INDEX FUTURES	4,17,21	ea2783d2531e4e67d5fe10742b70a735033704f8a19dfb2c758184d8a1bcb7d9	False	False	False		XCBT	FCAXSX	IPNT	2026,2027	BPEH7,BPEM6,BPEM7,BPEU6
BPR	42	ready_non_test	70	7R	exact	70	BLOOMBERG COMM PRECIOUS METAL INDEX FUTURES	4,17,21	ea2783d2531e4e67d5fe10742b70a735033704f8a19dfb2c758184d8a1bcb7d9	False	False	False		XCBT	FCAXSX	IPNT	2026,2027	BPRH7,BPRM6,BPRM7,BPRU6
BPS	21	synthetic_no_ready	80	09	exact	80	SYNTHETIC CRUDE	2,4	bf10f1b3e23ad8320182b8dc97354d72ac617d87796ea55c0d14e6f5f2ae0fcc	False	False	False		XNYM	FCMXSX	BBL	2027,2028,2029	BPSF7,BPSF8,BPSF9
BPT	42	ready_non_test	70	8Q	exact	70	BTIC BLOOMBERG COMM PETROLEUM INDEX FUTURES	4,17,21	ea2783d2531e4e67d5fe10742b70a735033704f8a19dfb2c758184d8a1bcb7d9	False	False	False		XCBT	FFIXSX	IPNT	2026,2027	BPTH7,BPTM6,BPTM7,BPTU6
BPU	387	ready_non_test	80	CP	exact	80	CPC-REFINED 2	4,17,21	d21acb34cc1857d77a01ba9c499b2dbce43ad125dec0afd933e79467e288747a	False	False	False		XNYM	FCMXSX	MTONS	2026	BPUJ601,BPUJ602,BPUJ603,BPUJ606
BQ	154	synthetic_no_ready	80	09	exact	80	SYNTHETIC CRUDE	2,4	bf10f1b3e23ad8320182b8dc97354d72ac617d87796ea55c0d14e6f5f2ae0fcc	False	False	False		XNYM	FCMXSX	BBL	2026,2027,2028,2029	BQF7,BQG7,BQH7,BQH8
BQS	28	synthetic_no_ready	80	09	exact	80	SYNTHETIC CRUDE	2,4	bf10f1b3e23ad8320182b8dc97354d72ac617d87796ea55c0d14e6f5f2ae0fcc	False	False	False		XNYM	FCMXSX	BBL	2026,2027	BQSF7,BQSJ7,BQSN6,BQSV6
BR7	588	ready_non_test	80	PT	exact	80	CPC FUEL OIL (1)	4,17,21	d21acb34cc1857d77a01ba9c499b2dbce43ad125dec0afd933e79467e288747a	False	False	False		XNYM	FCMXSX	MTONS	2026	BR7J601,BR7J602,BR7J607,BR7J608
BST	42	ready_non_test	70	8X	exact	70	BTIC BLOOMBERG COMM PRECIOUS METALS INDEX FUTURES	4,17,21	ea2783d2531e4e67d5fe10742b70a735033704f8a19dfb2c758184d8a1bcb7d9	False	False	False		XCBT	FFIXSX	IPNT	2026,2027	BSTH7,BSTM6,BSTM7,BSTU6
BTB	80	ready_non_test	74	BX	exact	74	BTIC BITCOIN FUTURES	4,17,18,21	76d40ec0092782f161fe4e033a835c82afa0f7226b017419e8b793564cc8b804	False	False	False		XCME	FFIXSX	IPNT	2026,2027	BTBH7,BTBJ6,BTBK6,BTBM6
BTCCP1	7	synthetic_no_ready	74	02	exact	74	SYNTHETIC EOC ECB	2,4	bf10f1b3e23ad8320182b8dc97354d72ac617d87796ea55c0d14e6f5f2ae0fcc	True	True	False		XCME	FFCXSX	IPNT	2099	BTCCP1Z99
BTCCPA	7	synthetic_no_ready	74	02	exact	74	SYNTHETIC EOC ECB	2,4	bf10f1b3e23ad8320182b8dc97354d72ac617d87796ea55c0d14e6f5f2ae0fcc	True	True	False		XCME	FFCXSX	IPNT	2099	BTCCPAZ99
BTE	80	ready_non_test	74	GB	exact	74	EURO BITCOIN FUTURES	4,17,18,21	663f83ffd1aa628cfdbfc2e47d7611b9ef0bb37b4771a2e31354e32b0c9f1c64	False	False	False		XCME	FFIXSX	IPNT	2026,2027	BTEH7,BTEJ6,BTEK6,BTEM6
BUC	315	ready_non_test	80	RF	exact	80	CPC-REFIND	4,17,21	d21acb34cc1857d77a01ba9c499b2dbce43ad125dec0afd933e79467e288747a	False	False	False		XNYM	FCMXSX	GAL	2026,2027,2028,2029	BUCF7,BUCF8,BUCF9,BUCG7
BVS	311	synthetic_no_ready	80	09	exact	80	SYNTHETIC CRUDE	2,4	bf10f1b3e23ad8320182b8dc97354d72ac617d87796ea55c0d14e6f5f2ae0fcc	False	False	False		XNYM	FCMXSX	BBL	2026,2027,2028,2029,2030	BVSF0,BVSF7,BVSF8,BVSF9
BWH	360	ready_non_test	80	CC	exact	80	REFINED FUTURES 	4,17,21	d21acb34cc1857d77a01ba9c499b2dbce43ad125dec0afd933e79467e288747a	False	False	False		XNYM	FCMXSX	BBL	2026	BWHH626,BWHH627,BWHH630,BWHH631
BZL	28	ready_non_test	80	TM	exact	80	TAM LONDON FUTURES	4,17,21	c4baa816b11d072c0c4a418a7d6cfa3917d9c5a78c1a9098e78d8f6bd48707f8	False	False	False		XNYM	FCMXSX	BBL	2026	BZLM6,BZLN6,BZLQ6,BZLU6
BZS	28	ready_non_test	80	TS	exact	80	TAM SINGAPORE FUTURES	4,17,21	c7e23e767f4d2a4369c0e2926f904ce60c234483b8a15e7751f7427460ed7c17	False	False	False		XNYM	FCMXSX	BBL	2026	BZSM6,BZSN6,BZSQ6,BZSU6
BZT	98	ready_non_test	80	CT	exact	80	CRUDE/HEAT/RBOB TAS (CLT,HOT,RBT)	2,4,17,21	11258089b46320cec85e39bf95e564ec4ce751d6c884f9c4304fe393499c1be0	False	False	False		XNYM	FCMXSX	BBL	2026,2027	BZTF7,BZTG7,BZTH7,BZTJ7
C2E	476	ready_non_test	78	PA	exact	78	CPC-POWER 2	4,17,21	d21acb34cc1857d77a01ba9c499b2dbce43ad125dec0afd933e79467e288747a	False	False	False		XNYM	FCMXSX	MWH	2026,2027,2028,2029,2030,2031	C2EF0,C2EF1,C2EF7,C2EF8
C3S	7	synthetic_no_ready	70	05	exact	70	SYNTHETIC CBOT/CME AGS	2,4	bf10f1b3e23ad8320182b8dc97354d72ac617d87796ea55c0d14e6f5f2ae0fcc	False	False	False		XCBT	FCAXSX	BU	2027	C3SH7
C4Z	469	ready_non_test	78	PA	exact	78	CPC-POWER 2	4,17,21	d21acb34cc1857d77a01ba9c499b2dbce43ad125dec0afd933e79467e288747a	False	False	False		XNYM	FCMXSX	MWH	2026	C4ZJ621,C4ZJ622,C4ZJ623,C4ZJ624
CA2	465	synthetic_no_ready	80	09	exact	80	SYNTHETIC CRUDE	2,4	bf10f1b3e23ad8320182b8dc97354d72ac617d87796ea55c0d14e6f5f2ae0fcc	False	False	False		XNYM	FCMXSX	BBL	2026,2027,2028,2029,2030,2031	CA2F0,CA2F1,CA2F7,CA2F8
CAY	899	synthetic_no_ready	80	09	exact	80	SYNTHETIC CRUDE	2,4	bf10f1b3e23ad8320182b8dc97354d72ac617d87796ea55c0d14e6f5f2ae0fcc	False	False	False		XNYM	FCMXSX	BBL	2026,2027,2028,2029,2030,2031,2032,2033,2034,2035,2036,2037	CAYF0,CAYF1,CAYF32,CAYF33
CB	175	ready_non_test	70	CB	exact	70	CASH BUTTER FUTURES	4,17,21	8d73ed510ad41a259e4f3ad779f0ec54a87f5d7433d02dd36308436ca79d1b60	False	False	False		XCME	FCAXSX	LBS	2026,2027,2028	CBF7,CBF8,CBG7,CBG8
CBB	287	ready_non_test	78	JR	exact	78	CPC-REFINED 3	4,17,21	d21acb34cc1857d77a01ba9c499b2dbce43ad125dec0afd933e79467e288747a	False	False	False		XNYM	FCMXSX	GAL	2026	CBBJ601,CBBJ602,CBBJ606,CBBJ607
CC5	469	ready_non_test	80	CC	exact	80	REFINED FUTURES 	4,17,21	d21acb34cc1857d77a01ba9c499b2dbce43ad125dec0afd933e79467e288747a	False	False	False		XNYM	FCMXSX	BBL	2026,2027,2028,2029,2030,2031	CC5F0,CC5F1,CC5F7,CC5F8
CCI	42	ready_non_test	70	FW	exact	70	FTSE CORE COMMODITY CRB INDEX FUTURES	4,17,21	ea2783d2531e4e67d5fe10742b70a735033704f8a19dfb2c758184d8a1bcb7d9	False	False	False		XCME	FCAXSX	IPNT	2026,2027	CCIH7,CCIM6,CCIM7,CCIU6
CCM	434	ready_non_test	80	CP	exact	80	CPC-REFINED 2	4,17,21	d21acb34cc1857d77a01ba9c499b2dbce43ad125dec0afd933e79467e288747a	False	False	False		XNYM	FCMXSX	BRL	2026	CCMJ601,CCMJ602,CCMJ607,CCMJ608
CCT	42	ready_non_test	70	FX	exact	70	BTIC FTSE CORE COMMODITY CRB INDEX 	4,17,21	ea2783d2531e4e67d5fe10742b70a735033704f8a19dfb2c758184d8a1bcb7d9	False	False	False		XCME	FCAXSX	IPNT	2026,2027	CCTH7,CCTM6,CCTM7,CCTU6
CFB	105	ready_non_test	80	BB	exact	80	BRENT PENTULTIMATE FINANCIAL FUTURES	4,17,21	d21acb34cc1857d77a01ba9c499b2dbce43ad125dec0afd933e79467e288747a	False	False	False		XNYM	FCMXSX	BBL	2026	CFBJ624,CFBK601,CFBK608,CFBK615
CFC	77	ready_non_test	80	BB	exact	80	BRENT PENTULTIMATE FINANCIAL FUTURES	4,17,21	d21acb34cc1857d77a01ba9c499b2dbce43ad125dec0afd933e79467e288747a	False	False	False		XNYM	FCMXSX	BBL	2026	CFCJ624,CFCK601,CFCK608,CFCK615
CG9	259	synthetic_no_ready	78	08	exact	78	SYNTHETIC NYMEX	2,4	bf10f1b3e23ad8320182b8dc97354d72ac617d87796ea55c0d14e6f5f2ae0fcc	False	False	False		XNYM	FCMXSX	MMBTU	2026,2027,2028,2029	CG9F7,CG9F8,CG9F9,CG9G7
CGB	287	ready_non_test	78	JR	exact	78	CPC-REFINED 3	4,17,21	d21acb34cc1857d77a01ba9c499b2dbce43ad125dec0afd933e79467e288747a	False	False	False		XNYM	FCMXSX	GAL	2026	CGBJ601,CGBJ602,CGBJ606,CGBJ607
CHI	63	ready_non_test	70	HI	exact	70	REAL ESTATE FUTURES (HI)	4,17,21	44772dac78c8996d61f13a1e1a1f407b108e2cd891310bfb868c0cff5f35bed9	False	False	False		XCME	FCAXSX	IPNT	2026,2027,2028,2029,2030,2031	CHIG0,CHIG1,CHIG7,CHIG8
CHP	119	ready_non_test	88	CH	exact	88	CHP/USD CHILEAN PESO FUTURES	4,17,21	d21acb34cc1857d77a01ba9c499b2dbce43ad125dec0afd933e79467e288747a	False	False	False		XCME	FFCXSX	CLP	2026,2027,2028	CHPF7,CHPG7,CHPH7,CHPH8
CJ	66	ready_non_test	78	CJ	exact	78	COCOA FUTURES	4,17,21	d21acb34cc1857d77a01ba9c499b2dbce43ad125dec0afd933e79467e288747a	False	False	False		XNYM	FCAXSX	MTONS	2026,2027,2028	CJH7,CJH8,CJK6,CJK7
CJY	42	ready_non_test	88	F7	exact	88	CAD/JPY CROSS RATE FUTURES	4,17,21	d21acb34cc1857d77a01ba9c499b2dbce43ad125dec0afd933e79467e288747a	False	False	False		XCME	FFCXSX	CAD	2026,2027	CJYH7,CJYM6,CJYM7,CJYU6
CKS	7	synthetic_no_ready	70	05	exact	70	SYNTHETIC CBOT/CME AGS	2,4	bf10f1b3e23ad8320182b8dc97354d72ac617d87796ea55c0d14e6f5f2ae0fcc	False	False	False		XCBT	FCAXSX	BU	2026	CKSN6
CLC	10	ready_non_test	80	WM	exact	80	TAM SHANGHAI FUTURES	4,17,21	007f3feb8f20f31dfc06e295335ac540642bf32c0099a1202ab21c88652d8b54	False	False	False		XNYM	FCMXSX	BBL	2026	CLCK6,CLCM6
CLCP1	7	synthetic_no_ready	80	09	exact	80	SYNTHETIC CRUDE	2,4	bf10f1b3e23ad8320182b8dc97354d72ac617d87796ea55c0d14e6f5f2ae0fcc	True	True	False		XNYM	FCMXSX	IPNT	2099	CLCP1Z99
CLCPA	7	synthetic_no_ready	80	09	exact	80	SYNTHETIC CRUDE	2,4	bf10f1b3e23ad8320182b8dc97354d72ac617d87796ea55c0d14e6f5f2ae0fcc	True	True	False		XNYM	FCMXSX	IPNT	2099	CLCPAZ99
CLD	315	ready_non_test	80	CC	exact	80	REFINED FUTURES 	4,17,21	d21acb34cc1857d77a01ba9c499b2dbce43ad125dec0afd933e79467e288747a	False	False	False		XNYM	FCMXSX	BBL	2026,2027,2028,2029	CLDF7,CLDF8,CLDF9,CLDG7
CLL	24	ready_non_test	80	TM	exact	80	TAM LONDON FUTURES	4,17,21	c4baa816b11d072c0c4a418a7d6cfa3917d9c5a78c1a9098e78d8f6bd48707f8	False	False	False		XNYM	FCMXSX	BBL	2026	CLLK6,CLLM6,CLLN6,CLLQ6
CLS	24	ready_non_test	80	TS	exact	80	TAM SINGAPORE FUTURES	4,17,21	c7e23e767f4d2a4369c0e2926f904ce60c234483b8a15e7751f7427460ed7c17	False	False	False		XNYM	FCMXSX	BBL	2026	CLSK6,CLSM6,CLSN6,CLSQ6
CLT	101	ready_non_test	80	CT	exact	80	CRUDE/HEAT/RBOB TAS (CLT,HOT,RBT)	2,4,17,21	11258089b46320cec85e39bf95e564ec4ce751d6c884f9c4304fe393499c1be0	False	False	False		XNYM	FCMXSX	BBL	2026,2027	CLTF7,CLTG7,CLTH7,CLTJ7
CMB	496	ready_non_test	80	CP	exact	80	CPC-REFINED 2	4,17,21	d21acb34cc1857d77a01ba9c499b2dbce43ad125dec0afd933e79467e288747a	False	False	False		XNYM	FCMXSX	MTONS	2026	CMBJ601,CMBJ602,CMBJ607,CMBJ608
CMF	231	ready_non_test	80	CP	exact	80	CPC-REFINED 2	4,17,21	d21acb34cc1857d77a01ba9c499b2dbce43ad125dec0afd933e79467e288747a	False	False	False		XNYM	FCMXSX	MTONS	2026,2027,2028	CMFF7,CMFF8,CMFG7,CMFG8
CMS	143	ready_non_test	78	JR	exact	78	CPC-REFINED 3	4,17,21	d21acb34cc1857d77a01ba9c499b2dbce43ad125dec0afd933e79467e288747a	False	False	False		XNYM	FCMXSX	MTONS	2026,2027	CMSF7,CMSG7,CMSH7,CMSJ6
CNB	80	ready_non_test	74	4C	exact	74	BTIC ADA FUTURES NY SETTLE	4,17,18,21	b5ee68de53f90e83228077b7e8799e4fb9c85a2725c7b28c697b92267b066227	False	False	False		XCME	FFIXSX	IPNT	2026,2027	CNBH7,CNBJ6,CNBK6,CNBM6
CNH	42	ready_non_test	88	RM	exact	88	CHINESE RENMINBI USD/CNH FUTURES	4,17,21	d21acb34cc1857d77a01ba9c499b2dbce43ad125dec0afd933e79467e288747a	False	False	False		XCME	FFCXSX	USD	2026,2027	CNHH7,CNHM6,CNHM7,CNHU6
CNH1V2	7	synthetic_no_ready	88	01	exact	88	SYNTHETIC GBP/AUD/JPY SPOT FX	2,4	bf10f1b3e23ad8320182b8dc97354d72ac617d87796ea55c0d14e6f5f2ae0fcc	True	False	True		XCME	FFCXSX	IPNT	2099	CNH1V2Z99
CNH1V3	7	synthetic_no_ready	88	01	exact	88	SYNTHETIC GBP/AUD/JPY SPOT FX	2,4	bf10f1b3e23ad8320182b8dc97354d72ac617d87796ea55c0d14e6f5f2ae0fcc	True	False	True		XCME	FFCXSX	IPNT	2099	CNH1V3Z99
CNH1V4	7	synthetic_no_ready	88	01	exact	88	SYNTHETIC GBP/AUD/JPY SPOT FX	2,4	bf10f1b3e23ad8320182b8dc97354d72ac617d87796ea55c0d14e6f5f2ae0fcc	True	False	True		XCME	FFCXSX	IPNT	2099	CNH1V4Z99
CNH2V3	7	synthetic_no_ready	88	01	exact	88	SYNTHETIC GBP/AUD/JPY SPOT FX	2,4	bf10f1b3e23ad8320182b8dc97354d72ac617d87796ea55c0d14e6f5f2ae0fcc	True	False	True		XCME	FFCXSX	IPNT	2099	CNH2V3Z99
CNH2V4	7	synthetic_no_ready	88	01	exact	88	SYNTHETIC GBP/AUD/JPY SPOT FX	2,4	bf10f1b3e23ad8320182b8dc97354d72ac617d87796ea55c0d14e6f5f2ae0fcc	True	False	True		XCME	FFCXSX	IPNT	2099	CNH2V4Z99
COB	399	ready_non_test	78	CA	exact	78	COBALT FUTURES	4,17,21	d21acb34cc1857d77a01ba9c499b2dbce43ad125dec0afd933e79467e288747a	False	False	False		XCEC	FXXXSX	LBS	2026,2027,2028,2029,2030	COBF0,COBF7,COBF8,COBF9
COH	399	ready_non_test	78	CA	exact	78	COBALT FUTURES	4,17,21	d21acb34cc1857d77a01ba9c499b2dbce43ad125dec0afd933e79467e288747a	False	False	False		XCEC	FXXXSX	LBS	2026,2027,2028,2029,2030	COHF0,COHF7,COHF8,COHF9
COL	330	ready_non_test	78	PW	exact	78	50 MW POWER- CMED	4,17,21	d21acb34cc1857d77a01ba9c499b2dbce43ad125dec0afd933e79467e288747a	False	False	False		XNYM	FCMXSX	MWH	2026	COLJ621,COLJ622,COLJ623,COLJ624
CPB	287	ready_non_test	78	JR	exact	78	CPC-REFINED 3	4,17,21	d21acb34cc1857d77a01ba9c499b2dbce43ad125dec0afd933e79467e288747a	False	False	False		XNYM	FCMXSX	GAL	2026	CPBJ601,CPBJ602,CPBJ606,CPBJ607
CPD	91	ready_non_test	80	CC	exact	80	REFINED FUTURES 	4,17,21	d21acb34cc1857d77a01ba9c499b2dbce43ad125dec0afd933e79467e288747a	False	False	False		XNYM	FCMXSX	BBL	2026,2027	CPDF7,CPDG7,CPDH7,CPDJ6
CPO	427	ready_non_test	70	UC	exact	70	CME MALAYSIAN CRUDE PALM OIL FUTURES	4,17,21	d21acb34cc1857d77a01ba9c499b2dbce43ad125dec0afd933e79467e288747a	False	False	False		XCME	FCAXSX	MTONS	2026,2027,2028,2029,2030,2031	CPOF0,CPOF1,CPOF7,CPOF8
CPP	343	ready_non_test	78	JR	exact	78	CPC-REFINED 3	4,17,21	d21acb34cc1857d77a01ba9c499b2dbce43ad125dec0afd933e79467e288747a	False	False	False		XNYM	FCMXSX	GAL	2026,2027,2028,2029,2030	CPPF0,CPPF7,CPPF8,CPPF9
CPV	420	ready_non_test	70	UC	exact	70	CME MALAYSIAN CRUDE PALM OIL FUTURES	4,17,21	d21acb34cc1857d77a01ba9c499b2dbce43ad125dec0afd933e79467e288747a	False	False	False		XCME	FCAXSX	MTONS	2026,2027,2028,2029,2030,2031	CPVF0,CPVF1,CPVF7,CPVF8
CQ	87	synthetic_no_ready	80	09	exact	80	SYNTHETIC CRUDE	2,4	bf10f1b3e23ad8320182b8dc97354d72ac617d87796ea55c0d14e6f5f2ae0fcc	False	False	False		XNYM	FCMXSX	BBL	2026,2027	CQF7,CQG7,CQH7,CQJ7
CRB	259	ready_non_test	80	RF	exact	80	CPC-REFIND	4,17,21	d21acb34cc1857d77a01ba9c499b2dbce43ad125dec0afd933e79467e288747a	False	False	False		XNYM	FCMXSX	GAL	2026,2027,2028,2029	CRBF7,CRBF8,CRBF9,CRBG7
CS1	231	ready_non_test	78	FT	exact	78	FREIGHT FUTURES	4,17,21	d21acb34cc1857d77a01ba9c499b2dbce43ad125dec0afd933e79467e288747a	False	False	False		XNYM	FCMXSX	FEU	2026,2027,2028	CS1F7,CS1F8,CS1G7,CS1G8
CS2	231	ready_non_test	78	FT	exact	78	FREIGHT FUTURES	4,17,21	d21acb34cc1857d77a01ba9c499b2dbce43ad125dec0afd933e79467e288747a	False	False	False		XNYM	FCMXSX	FEU	2026,2027,2028	CS2F7,CS2F8,CS2G7,CS2G8
CS3	231	ready_non_test	78	FT	exact	78	FREIGHT FUTURES	4,17,21	d21acb34cc1857d77a01ba9c499b2dbce43ad125dec0afd933e79467e288747a	False	False	False		XNYM	FCMXSX	FEU	2026,2027,2028	CS3F7,CS3F8,CS3G7,CS3G8
CS4	231	ready_non_test	78	FT	exact	78	FREIGHT FUTURES	4,17,21	d21acb34cc1857d77a01ba9c499b2dbce43ad125dec0afd933e79467e288747a	False	False	False		XNYM	FCMXSX	FEU	2026,2027,2028	CS4F7,CS4F8,CS4G7,CS4G8
CS5	231	ready_non_test	78	FT	exact	78	FREIGHT FUTURES	4,17,21	d21acb34cc1857d77a01ba9c499b2dbce43ad125dec0afd933e79467e288747a	False	False	False		XNYM	FCMXSX	FEU	2026,2027,2028	CS5F7,CS5F8,CS5G7,CS5G8
CS6	245	ready_non_test	78	FT	exact	78	FREIGHT FUTURES	4,17,21	d21acb34cc1857d77a01ba9c499b2dbce43ad125dec0afd933e79467e288747a	False	False	False		XNYM	FCMXSX	FEU	2026,2027,2028,2029	CS6F7,CS6F8,CS6F9,CS6G7
CSC	175	ready_non_test	70	DC	exact	70	MILK/CASH CHEESE FUTURES	4,17,21	8d73ed510ad41a259e4f3ad779f0ec54a87f5d7433d02dd36308436ca79d1b60	False	False	False		XCME	FCAXSX	LBS	2026,2027,2028	CSCF7,CSCF8,CSCG7,CSCG8
CSX	735	ready_non_test	80	CC	exact	80	REFINED FUTURES 	4,17,21	d21acb34cc1857d77a01ba9c499b2dbce43ad125dec0afd933e79467e288747a	False	False	False		XNYM	FCMXSX	BBL	2026,2027,2028,2029,2030,2031,2032,2033,2034	CSXF0,CSXF1,CSXF2,CSXF3
CT	87	synthetic_no_ready	80	09	exact	80	SYNTHETIC CRUDE	2,4	bf10f1b3e23ad8320182b8dc97354d72ac617d87796ea55c0d14e6f5f2ae0fcc	False	False	False		XNYM	FCMXSX	BBL	2026,2027	CTF7,CTG7,CTH7,CTJ7
CU	259	ready_non_test	80	EL	exact	80	CPC CHICAGO ETHANOL SWAP (PLATTS)	4,17,21	d21acb34cc1857d77a01ba9c499b2dbce43ad125dec0afd933e79467e288747a	False	False	False		XNYM	FCMXSX	GAL	2026,2027,2028,2029	CUF7,CUF8,CUF9,CUG7
CUP	133	ready_non_test	78	ST	exact	78	FERROUS SCRAP/ALUMINA FUTURES	4,17,21	d21acb34cc1857d77a01ba9c499b2dbce43ad125dec0afd933e79467e288747a	False	False	False		XCEC	FXXXSX	MTONS	2026,2027	CUPF7,CUPG7,CUPH7,CUPJ6
CUS	63	ready_non_test	70	HI	exact	70	REAL ESTATE FUTURES (HI)	4,17,21	44772dac78c8996d61f13a1e1a1f407b108e2cd891310bfb868c0cff5f35bed9	False	False	False		XCME	FCAXSX	IPNT	2026,2027,2028,2029,2030,2031	CUSG0,CUSG1,CUSG7,CUSG8
CV	115	synthetic_no_ready	80	09	exact	80	SYNTHETIC CRUDE	2,4	bf10f1b3e23ad8320182b8dc97354d72ac617d87796ea55c0d14e6f5f2ae0fcc	False	False	False		XNYM	FCMXSX	BBL	2026,2027,2028	CVF7,CVG7,CVH7,CVJ7
CVB	49	ready_non_test	70	BW	exact	70	BLACK SEA WHEAT FINANCIAL (ARGUS) FUTURES	2,4,17,18,21,26	e8237e60bd336b029a7890834dab9139c4570e8e368f5341468abbf6a53091c1	False	False	False		XCBT	FCAXSX	MTONS	2026,2027	CVBH7,CVBK6,CVBK7,CVBN6
CW1	77	synthetic_no_ready	70	05	exact	70	SYNTHETIC CBOT/CME AGS	2,4	bf10f1b3e23ad8320182b8dc97354d72ac617d87796ea55c0d14e6f5f2ae0fcc	False	False	False		XCBT	FCAXSX	BU	2026,2027,2028	CW1H7,CW1H8,CW1K7,CW1K8
CWD	35	ready_non_test	70	ZW	exact	70	WHEAT FUTURES	2,4,17,18,21,26	46e0628dad5ffa0eacddee698235dd76571392d552ef99bf3f71cd284465fcb8	False	False	False		XCBT	FCAXSX	MTONS	2026,2027	CWDH7,CWDK7,CWDU6,CWDU7
CWR	35	ready_non_test	70	CR	exact	70	CANADIAN WESTERN WHEAT FUTURES	2,4,17,18,21,26	46e0628dad5ffa0eacddee698235dd76571392d552ef99bf3f71cd284465fcb8	False	False	False		XCBT	FCAXSX	MTONS	2026,2027	CWRH7,CWRK7,CWRN6,CWRU6
CX	143	synthetic_no_ready	80	09	exact	80	SYNTHETIC CRUDE	2,4	bf10f1b3e23ad8320182b8dc97354d72ac617d87796ea55c0d14e6f5f2ae0fcc	False	False	False		XNYM	FCMXSX	BBL	2026,2027,2028,2029	CXF7,CXG7,CXH7,CXH8
CY	651	ready_non_test	80	CC	exact	80	REFINED FUTURES 	4,17,21	d21acb34cc1857d77a01ba9c499b2dbce43ad125dec0afd933e79467e288747a	False	False	False		XNYM	FCMXSX	BBL	2026,2027,2028,2029,2030,2031,2032,2033	CYF0,CYF1,CYF2,CYF3
CYB	80	ready_non_test	74	4C	exact	74	BTIC ADA FUTURES NY SETTLE	4,17,18,21	b5ee68de53f90e83228077b7e8799e4fb9c85a2725c7b28c697b92267b066227	False	False	False		XCME	FFIXSX	IPNT	2026,2027	CYBH7,CYBJ6,CYBK6,CYBM6
CZK	42	ready_non_test	88	CZ	exact	88	CZECH KORUNA FUTURES	4,17,21	d21acb34cc1857d77a01ba9c499b2dbce43ad125dec0afd933e79467e288747a	False	False	False		XCME	FFCXSX	CZK	2026,2027	CZKH7,CZKM6,CZKM7,CZKU6
D0	153	ready_non_test	70	HW	exact	70	CME WEATHER FUTURES	4,17,21	d21acb34cc1857d77a01ba9c499b2dbce43ad125dec0afd933e79467e288747a	False	False	False		XCME	FCAXSX	IPNT	2026,2027,2028,2029	D0F7,D0F8,D0F9,D0G7
D0X	7	ready_non_test	70	HW	exact	70	CME WEATHER FUTURES	4,17,21	d21acb34cc1857d77a01ba9c499b2dbce43ad125dec0afd933e79467e288747a	False	False	False		XCME	FCAXSX	IPNT	2027	D0XH7
D0Z	7	ready_non_test	70	HW	exact	70	CME WEATHER FUTURES	4,17,21	d21acb34cc1857d77a01ba9c499b2dbce43ad125dec0afd933e79467e288747a	False	False	False		XCME	FCAXSX	IPNT	2027	D0ZG7
D1	153	ready_non_test	70	HW	exact	70	CME WEATHER FUTURES	4,17,21	d21acb34cc1857d77a01ba9c499b2dbce43ad125dec0afd933e79467e288747a	False	False	False		XCME	FCAXSX	IPNT	2026,2027,2028,2029	D1F7,D1F8,D1F9,D1G7
D1N	147	ready_non_test	80	RF	exact	80	CPC-REFIND	4,17,21	d21acb34cc1857d77a01ba9c499b2dbce43ad125dec0afd933e79467e288747a	False	False	False		XNYM	FCMXSX	BBL	2026,2027	D1NF7,D1NG7,D1NH7,D1NJ6
D1X	7	ready_non_test	70	HW	exact	70	CME WEATHER FUTURES	4,17,21	d21acb34cc1857d77a01ba9c499b2dbce43ad125dec0afd933e79467e288747a	False	False	False		XCME	FCAXSX	IPNT	2027	D1XH7
D1Z	7	ready_non_test	70	HW	exact	70	CME WEATHER FUTURES	4,17,21	d21acb34cc1857d77a01ba9c499b2dbce43ad125dec0afd933e79467e288747a	False	False	False		XCME	FCAXSX	IPNT	2027	D1ZG7
D2	153	ready_non_test	70	HW	exact	70	CME WEATHER FUTURES	4,17,21	d21acb34cc1857d77a01ba9c499b2dbce43ad125dec0afd933e79467e288747a	False	False	False		XCME	FCAXSX	IPNT	2026,2027,2028,2029	D2F7,D2F8,D2F9,D2G7
D2L	476	ready_non_test	78	PW	exact	78	50 MW POWER- CMED	4,17,21	d21acb34cc1857d77a01ba9c499b2dbce43ad125dec0afd933e79467e288747a	False	False	False		XNYM	FCMXSX	MWH	2026,2027,2028,2029,2030,2031	D2LF0,D2LF1,D2LF7,D2LF8
D2X	7	ready_non_test	70	HW	exact	70	CME WEATHER FUTURES	4,17,21	d21acb34cc1857d77a01ba9c499b2dbce43ad125dec0afd933e79467e288747a	False	False	False		XCME	FCAXSX	IPNT	2027	D2XH7
D2Z	7	ready_non_test	70	HW	exact	70	CME WEATHER FUTURES	4,17,21	d21acb34cc1857d77a01ba9c499b2dbce43ad125dec0afd933e79467e288747a	False	False	False		XCME	FCAXSX	IPNT	2027	D2ZG7
D3L	476	ready_non_test	78	PW	exact	78	50 MW POWER- CMED	4,17,21	d21acb34cc1857d77a01ba9c499b2dbce43ad125dec0afd933e79467e288747a	False	False	False		XNYM	FCMXSX	MWH	2026,2027,2028,2029,2030,2031	D3LF0,D3LF1,D3LF7,D3LF8
D4	153	ready_non_test	70	HW	exact	70	CME WEATHER FUTURES	4,17,21	d21acb34cc1857d77a01ba9c499b2dbce43ad125dec0afd933e79467e288747a	False	False	False		XCME	FCAXSX	IPNT	2026,2027,2028,2029	D4F7,D4F8,D4F9,D4G7
D4L	476	ready_non_test	78	PW	exact	78	50 MW POWER- CMED	4,17,21	d21acb34cc1857d77a01ba9c499b2dbce43ad125dec0afd933e79467e288747a	False	False	False		XNYM	FCMXSX	MWH	2026,2027,2028,2029,2030,2031	D4LF0,D4LF1,D4LF7,D4LF8
D4X	7	ready_non_test	70	HW	exact	70	CME WEATHER FUTURES	4,17,21	d21acb34cc1857d77a01ba9c499b2dbce43ad125dec0afd933e79467e288747a	False	False	False		XCME	FCAXSX	IPNT	2027	D4XH7
D4Z	7	ready_non_test	70	HW	exact	70	CME WEATHER FUTURES	4,17,21	d21acb34cc1857d77a01ba9c499b2dbce43ad125dec0afd933e79467e288747a	False	False	False		XCME	FCAXSX	IPNT	2027	D4ZG7
DAB	301	ready_non_test	80	CC	exact	80	REFINED FUTURES 	4,17,21	d21acb34cc1857d77a01ba9c499b2dbce43ad125dec0afd933e79467e288747a	False	False	False		XNYM	FCMXSX	BBL	2026,2027,2028,2029	DABF7,DABF8,DABF9,DABG7
DAX	476	ready_non_test	78	PA	exact	78	CPC-POWER 2	4,17,21	d21acb34cc1857d77a01ba9c499b2dbce43ad125dec0afd933e79467e288747a	False	False	False		XNYM	FCMXSX	MWH	2026,2027,2028,2029,2030,2031	DAXF0,DAXF1,DAXF7,DAXF8
DAZ	396	ready_non_test	78	PA	exact	78	CPC-POWER 2	4,17,21	d21acb34cc1857d77a01ba9c499b2dbce43ad125dec0afd933e79467e288747a	False	False	False		XNYM	FCMXSX	MWH	2026	DAZJ621,DAZJ622,DAZJ623,DAZJ624
DBB	588	ready_non_test	80	BB	exact	80	BRENT PENTULTIMATE FINANCIAL FUTURES	4,17,21	d21acb34cc1857d77a01ba9c499b2dbce43ad125dec0afd933e79467e288747a	False	False	False		XNYM	FCMXSX	BRL	2026	DBBJ601,DBBJ602,DBBJ607,DBBJ608
DBL	231	ready_non_test	80	BB	exact	80	BRENT PENTULTIMATE FINANCIAL FUTURES	4,17,21	d21acb34cc1857d77a01ba9c499b2dbce43ad125dec0afd933e79467e288747a	False	False	False		XNYM	FCMXSX	BBL	2026,2027,2028	DBLF7,DBLF8,DBLG7,DBLG8
DBT	588	ready_non_test	80	BB	exact	80	BRENT PENTULTIMATE FINANCIAL FUTURES	4,17,21	d21acb34cc1857d77a01ba9c499b2dbce43ad125dec0afd933e79467e288747a	False	False	False		XNYM	FCMXSX	BBL	2026	DBTJ601,DBTJ602,DBTJ606,DBTJ607
DBZ	183	ready_non_test	80	CC	exact	80	REFINED FUTURES 	4,17,21	d21acb34cc1857d77a01ba9c499b2dbce43ad125dec0afd933e79467e288747a	False	False	False		XNYM	FCMXSX	BBL	2026	DBZJ620,DBZJ621,DBZJ622,DBZJ623
DC	175	ready_non_test	70	DC	exact	70	MILK/CASH CHEESE FUTURES	4,17,21	8d73ed510ad41a259e4f3ad779f0ec54a87f5d7433d02dd36308436ca79d1b60	False	False	False		XCME	FCAXSX	LBS	2026,2027,2028	DCF7,DCF8,DCG7,DCG8
DCB	483	ready_non_test	80	BB	exact	80	BRENT PENTULTIMATE FINANCIAL FUTURES	4,17,21	d21acb34cc1857d77a01ba9c499b2dbce43ad125dec0afd933e79467e288747a	False	False	False		XNYM	FCMXSX	BBL	2026,2027,2028,2029,2030,2031	DCBF0,DCBF1,DCBF7,DCBF8
DCL	330	ready_non_test	80	CC	exact	80	REFINED FUTURES 	4,17,21	d21acb34cc1857d77a01ba9c499b2dbce43ad125dec0afd933e79467e288747a	False	False	False		XNYM	FCMXSX	BBL	2026	DCLJ620,DCLJ621,DCLJ622,DCLJ623
DCW	483	ready_non_test	80	BB	exact	80	BRENT PENTULTIMATE FINANCIAL FUTURES	4,17,21	d21acb34cc1857d77a01ba9c499b2dbce43ad125dec0afd933e79467e288747a	False	False	False		XNYM	FCMXSX	BBL	2026,2027,2028,2029,2030,2031	DCWF0,DCWF1,DCWF7,DCWF8
DEB	399	ready_non_test	78	PW	exact	78	50 MW POWER- CMED	4,17,21	d21acb34cc1857d77a01ba9c499b2dbce43ad125dec0afd933e79467e288747a	False	False	False		XNYM	FCMXSX	MWH	2026,2027,2028,2029,2030	DEBF0,DEBF7,DEBF8,DEBF9
DEN	63	ready_non_test	70	HI	exact	70	REAL ESTATE FUTURES (HI)	4,17,21	44772dac78c8996d61f13a1e1a1f407b108e2cd891310bfb868c0cff5f35bed9	False	False	False		XCME	FCAXSX	IPNT	2026,2027,2028,2029,2030,2031	DENG0,DENG1,DENG7,DENG8
DEP	231	ready_non_test	78	PW	exact	78	50 MW POWER- CMED	4,17,21	d21acb34cc1857d77a01ba9c499b2dbce43ad125dec0afd933e79467e288747a	False	False	False		XNYM	FCMXSX	MWH	2026,2027,2028	DEPF7,DEPF8,DEPG7,DEPG8
DFN	91	ready_non_test	70	UF	exact	70	CBOT UREA FOB FUTURES	4,17,21	d21acb34cc1857d77a01ba9c499b2dbce43ad125dec0afd933e79467e288747a	False	False	False		XCBT	FCAXSX	TON	2026,2027	DFNF7,DFNG7,DFNH7,DFNJ6
DGY	427	synthetic_no_ready	78	08	exact	78	SYNTHETIC NYMEX	2,4	bf10f1b3e23ad8320182b8dc97354d72ac617d87796ea55c0d14e6f5f2ae0fcc	False	False	False		XNYM	FCMXSX	MMBTU	2026,2027,2028,2029,2030,2031	DGYF0,DGYF1,DGYF7,DGYF8
DHA	403	ready_non_test	78	PA	exact	78	CPC-POWER 2	4,17,21	d21acb34cc1857d77a01ba9c499b2dbce43ad125dec0afd933e79467e288747a	False	False	False		XNYM	FCMXSX	MWH	2026	DHAJ620,DHAJ621,DHAJ622,DHAJ623
DHB	21	ready_non_test	84	CE	exact	84	BLOOMBERG CREDIT FUTURES (CE)	4,17,21	d21acb34cc1857d77a01ba9c499b2dbce43ad125dec0afd933e79467e288747a	False	False	False		XCBT	FFDXSX	IPNT	2026	DHBM6,DHBU6,DHBZ6
DHY	21	ready_non_test	84	CE	exact	84	BLOOMBERG CREDIT FUTURES (CE)	4,17,21	d21acb34cc1857d77a01ba9c499b2dbce43ad125dec0afd933e79467e288747a	False	False	False		XCBT	FFDXSX	IPNT	2026	DHYM6,DHYU6,DHYZ6
DLB	21	ready_non_test	84	CE	exact	84	BLOOMBERG CREDIT FUTURES (CE)	4,17,21	d21acb34cc1857d77a01ba9c499b2dbce43ad125dec0afd933e79467e288747a	False	False	False		XCBT	FFDXSX	IPNT	2026	DLBM6,DLBU6,DLBZ6
DLBT	21	ready_non_test	84	CG	exact	84	BTIC BLOOMBERG CREDIT FUTURES	4,17,21	cdfb6991d0a44427cfcfb9cdf2a11b9d54a2cb0241bb6153eb8a8cf0baed32dd	False	False	False		XCBT	FFDXSX	IPNT	2026	DLBTM6,DLBTU6,DLBTZ6
DMA	91	synthetic_no_ready	78	08	exact	78	SYNTHETIC NYMEX	2,4	bf10f1b3e23ad8320182b8dc97354d72ac617d87796ea55c0d14e6f5f2ae0fcc	False	False	False		XNYM	FCMXSX	MMBTU	2026,2027	DMAF7,DMAG7,DMAH7,DMAJ7
DRS	42	ready_non_test	70	RS	exact	70	BLOOMBERG ROLL SELECT COMM INDEX FUTURES	4,17,21	d21acb34cc1857d77a01ba9c499b2dbce43ad125dec0afd933e79467e288747a	False	False	False		XCBT	FCAXSX	IPNT	2026,2027	DRSH7,DRSM6,DRSM7,DRSU6
DRT	42	ready_non_test	70	LH	exact	70	BTIC BLOOMBERG ROLL SELECT INDEX	4,17,21	1ffaeb8582a0ef371c663cc963711c4ce85ffcc0ad4787becb00ef56ef90d2f5	False	False	False		XCBT	FFIXSX	IPNT	2026,2027	DRTH7,DRTM6,DRTM7,DRTU6
DSA	91	synthetic_no_ready	78	08	exact	78	SYNTHETIC NYMEX	2,4	bf10f1b3e23ad8320182b8dc97354d72ac617d87796ea55c0d14e6f5f2ae0fcc	False	False	False		XNYM	FCMXSX	MMBTU	2026,2027	DSAF7,DSAG7,DSAH7,DSAJ7
DTF	469	ready_non_test	78	FD	exact	78	NAT GAS FIXED,SWING,INDEX- CMED	4,17,21	d21acb34cc1857d77a01ba9c499b2dbce43ad125dec0afd933e79467e288747a	False	False	False		XNYM	FCMXSX	MWH	2026	DTFJ621,DTFJ622,DTFJ623,DTFJ624
DTH	469	ready_non_test	78	FD	exact	78	NAT GAS FIXED,SWING,INDEX- CMED	4,17,21	d21acb34cc1857d77a01ba9c499b2dbce43ad125dec0afd933e79467e288747a	False	False	False		XNYM	FCMXSX	MWH	2026	DTHJ621,DTHJ622,DTHJ623,DTHJ624
DVE	35	ready_non_test	68	DV	exact	68	FTSE DEVELOPED EUROPE INDEX	4,17,21	d21acb34cc1857d77a01ba9c499b2dbce43ad125dec0afd933e79467e288747a	False	False	False		XCME	FFIXSX	IPNT	2026,2027	DVEH7,DVEM6,DVEM7,DVEU6
DVT	35	ready_non_test	68	DT	exact	68	BTIC FTSE DEVELOPED EUROPE INDEX	4,17,21	529472fb99b9c40bc69c3d1011bf2ce0688c13b1d1606d62869fe74d6eba4bb8	False	False	False		XCME	FFIXSX	IPNT	2026,2027	DVTH7,DVTM6,DVTM7,DVTU6
DY	175	ready_non_test	70	DY	exact	70	DRY WHEY/NON-FAT DRY MILK FUTURES	4,17,21	8d73ed510ad41a259e4f3ad779f0ec54a87f5d7433d02dd36308436ca79d1b60	False	False	False		XCME	FCAXSX	LBS	2026,2027,2028	DYF7,DYF8,DYG7,DYG8
E1S	14	ready_non_test	84	S2	exact	84	20-YEAR DELIVERABLE INTEREST RATE SWAP	4,17,21	d21acb34cc1857d77a01ba9c499b2dbce43ad125dec0afd933e79467e288747a	False	False	False		XCBT	FFDXSX	USD	2026	E1SM6,E1SU6
E3G	35	ready_non_test	68	EU	exact	68	MINI S&P EUROPE 350 ESG FUTURES	4,17,21	d21acb34cc1857d77a01ba9c499b2dbce43ad125dec0afd933e79467e288747a	False	False	False		XCME	FFIXSX	IPNT	2026,2027	E3GH7,E3GM6,E3GM7,E3GU6
E3T	35	ready_non_test	68	EQ	exact	68	BTIC MINI S&P EUROPE 350 ESG	4,17,21	529472fb99b9c40bc69c3d1011bf2ce0688c13b1d1606d62869fe74d6eba4bb8	False	False	False		XCME	FFIXSX	IPNT	2026,2027	E3TH7,E3TM6,E3TM7,E3TU6
E6	588	ready_non_test	80	CP	exact	80	CPC-REFINED 2	4,17,21	d21acb34cc1857d77a01ba9c499b2dbce43ad125dec0afd933e79467e288747a	False	False	False		XNYM	FCMXSX	MTONS	2026	E6J601,E6J602,E6J606,E6J607
E6M	588	ready_non_test	78	JR	exact	78	CPC-REFINED 3	4,17,21	d21acb34cc1857d77a01ba9c499b2dbce43ad125dec0afd933e79467e288747a	False	False	False		XNYM	FCMXSX	MTONS	2026	E6MJ601,E6MJ602,E6MJ606,E6MJ607
E7	14	ready_non_test	88	6E	exact	88	EURO CURRENCY FUTURES/E-MICRO(M6E)	4,17,21	d21acb34cc1857d77a01ba9c499b2dbce43ad125dec0afd933e79467e288747a	False	False	False		XCME	FFCXSX	EUR	2026	E7M6,E7U6
E9X	476	ready_non_test	78	PA	exact	78	CPC-POWER 2	4,17,21	d21acb34cc1857d77a01ba9c499b2dbce43ad125dec0afd933e79467e288747a	False	False	False		XNYM	FCMXSX	MWH	2026,2027,2028,2029,2030,2031	E9XF0,E9XF1,E9XF7,E9XF8
EAA	476	ready_non_test	78	PA	exact	78	CPC-POWER 2	4,17,21	d21acb34cc1857d77a01ba9c499b2dbce43ad125dec0afd933e79467e288747a	False	False	False		XNYM	FCMXSX	MWH	2026,2027,2028,2029,2030,2031	EAAF0,EAAF1,EAAF7,EAAF8
EAB	476	ready_non_test	78	PA	exact	78	CPC-POWER 2	4,17,21	d21acb34cc1857d77a01ba9c499b2dbce43ad125dec0afd933e79467e288747a	False	False	False		XNYM	FCMXSX	MWH	2026,2027,2028,2029,2030,2031	EABF0,EABF1,EABF7,EABF8
EAC	476	ready_non_test	78	PA	exact	78	CPC-POWER 2	4,17,21	d21acb34cc1857d77a01ba9c499b2dbce43ad125dec0afd933e79467e288747a	False	False	False		XNYM	FCMXSX	MWH	2026,2027,2028,2029,2030,2031	EACF0,EACF1,EACF7,EACF8
EAD	42	ready_non_test	88	FK	exact	88	EUR/AUD CROSS RATE FUTURES	4,17,21	d21acb34cc1857d77a01ba9c499b2dbce43ad125dec0afd933e79467e288747a	False	False	False		XCME	FFCXSX	EUR	2026,2027	EADH7,EADM6,EADM7,EADU6
EAE	469	ready_non_test	78	PA	exact	78	CPC-POWER 2	4,17,21	d21acb34cc1857d77a01ba9c499b2dbce43ad125dec0afd933e79467e288747a	False	False	False		XNYM	FCMXSX	MWH	2026	EAEJ621,EAEJ622,EAEJ623,EAEJ624
EAW	330	ready_non_test	78	PA	exact	78	CPC-POWER 2	4,17,21	d21acb34cc1857d77a01ba9c499b2dbce43ad125dec0afd933e79467e288747a	False	False	False		XNYM	FCMXSX	MWH	2026	EAWJ621,EAWJ622,EAWJ623,EAWJ624
EBE	588	ready_non_test	80	RF	exact	80	CPC-REFIND	4,17,21	d21acb34cc1857d77a01ba9c499b2dbce43ad125dec0afd933e79467e288747a	False	False	False		XNYM	FCMXSX	MTONS	2026	EBEJ601,EBEJ602,EBEJ607,EBEJ608
EBM	80	ready_non_test	74	GB	exact	74	EURO BITCOIN FUTURES	4,17,18,21	663f83ffd1aa628cfdbfc2e47d7611b9ef0bb37b4771a2e31354e32b0c9f1c64	False	False	False		XCME	FFIXSX	IPNT	2026,2027	EBMH7,EBMJ6,EBMK6,EBMM6
EBR	80	ready_non_test	74	E3	exact	74	ETHER/BITCOIN RATIO FUTURES	4,17,18,21	663f83ffd1aa628cfdbfc2e47d7611b9ef0bb37b4771a2e31354e32b0c9f1c64	False	False	False		XCME	FFIXSX	IPNT	2026,2027	EBRH7,EBRJ6,EBRK6,EBRM6
EC6E	14	synthetic_no_ready	88	01	exact	88	SYNTHETIC GBP/AUD/JPY SPOT FX	2,4	bf10f1b3e23ad8320182b8dc97354d72ac617d87796ea55c0d14e6f5f2ae0fcc	False	False	False		XCME	FFCXSX	EUR	2026	EC6EM6,EC6EU6
ECBTC	17	synthetic_no_ready	74	02	exact	74	SYNTHETIC EOC ECB	2,4	bf10f1b3e23ad8320182b8dc97354d72ac617d87796ea55c0d14e6f5f2ae0fcc	False	False	False		XCME	FFIXSX	IPNT	2026	ECBTCJ6,ECBTCK6,ECBTCM6
ECCL	17	synthetic_no_ready	80	09	exact	80	SYNTHETIC CRUDE	2,4	bf10f1b3e23ad8320182b8dc97354d72ac617d87796ea55c0d14e6f5f2ae0fcc	False	False	False		XNYM	FCMXSX	BBL	2026	ECCLK6,ECCLM6,ECCLN6
ECD	42	ready_non_test	88	FG	exact	88	EUR/CAD CROSS RATE FUTURES	4,17,21	d21acb34cc1857d77a01ba9c499b2dbce43ad125dec0afd933e79467e288747a	False	False	False		XCME	FFCXSX	EUR	2026,2027	ECDH7,ECDM6,ECDM7,ECDU6
ECES	35	synthetic_no_ready	64	0C	exact	64	SYNTHETIC EOC VES	2,4	bf10f1b3e23ad8320182b8dc97354d72ac617d87796ea55c0d14e6f5f2ae0fcc	False	False	False		XCME	FFIXSX	IPNT	2026,2027	ECESH7,ECESM6,ECESM7,ECESU6
ECF	273	ready_non_test	78	VX	exact	78	NYMEX ENVIRONMENTAL FUTURES	4,17,21	d21acb34cc1857d77a01ba9c499b2dbce43ad125dec0afd933e79467e288747a	False	False	False		XNYM	FCMXSX	ENVOFST	2026,2027,2028,2029,2030	ECFF7,ECFF8,ECFF9,ECFG7
ECGC	21	synthetic_no_ready	78	0D	exact	78	SYNTHETIC EOC METALS	2,4	bf10f1b3e23ad8320182b8dc97354d72ac617d87796ea55c0d14e6f5f2ae0fcc	False	False	False		XCEC	FXXXSX	TRYOZ	2026	ECGCJ6,ECGCM6,ECGCQ6
ECHG	14	synthetic_no_ready	78	0D	exact	78	SYNTHETIC EOC METALS	2,4	bf10f1b3e23ad8320182b8dc97354d72ac617d87796ea55c0d14e6f5f2ae0fcc	False	False	False		XCEC	FXXXSX	LBS	2026	ECHGK6,ECHGN6
ECK	42	ready_non_test	88	FQ	exact	88	CZK/EUR CROSS RATE FUTURES	4,17,21	d21acb34cc1857d77a01ba9c499b2dbce43ad125dec0afd933e79467e288747a	False	False	False		XCME	FFCXSX	CZK	2026,2027	ECKH7,ECKM6,ECKM7,ECKU6
ECNG	21	synthetic_no_ready	78	08	exact	78	SYNTHETIC NYMEX	2,4	bf10f1b3e23ad8320182b8dc97354d72ac617d87796ea55c0d14e6f5f2ae0fcc	False	False	False		XNYM	FCMXSX	MMBTU	2026	ECNGK6,ECNGM6,ECNGN6
ECNQ	35	synthetic_no_ready	68	0B	exact	68	SYNTHETIC EQUITY	2,4	bf10f1b3e23ad8320182b8dc97354d72ac617d87796ea55c0d14e6f5f2ae0fcc	False	False	False		XCME	FFIXSX	IPNT	2026,2027	ECNQH7,ECNQM6,ECNQM7,ECNQU6
ECRTY	14	synthetic_no_ready	68	0B	exact	68	SYNTHETIC EQUITY	2,4	bf10f1b3e23ad8320182b8dc97354d72ac617d87796ea55c0d14e6f5f2ae0fcc	False	False	False		XCME	FFIXSX	IPNT	2026	ECRTYM6,ECRTYU6
ECSI	14	synthetic_no_ready	78	0D	exact	78	SYNTHETIC EOC METALS	2,4	bf10f1b3e23ad8320182b8dc97354d72ac617d87796ea55c0d14e6f5f2ae0fcc	False	False	False		XCEC	FXXXSX	TRYOZ	2026	ECSIK6,ECSIN6
ECYM	14	synthetic_no_ready	68	0B	exact	68	SYNTHETIC EQUITY	2,4	bf10f1b3e23ad8320182b8dc97354d72ac617d87796ea55c0d14e6f5f2ae0fcc	False	False	False		XCBT	FFIXSX	IPNT	2026	ECYMM6,ECYMU6
EDP	315	ready_non_test	78	ST	exact	78	FERROUS SCRAP/ALUMINA FUTURES	4,17,21	d21acb34cc1857d77a01ba9c499b2dbce43ad125dec0afd933e79467e288747a	False	False	False		XCEC	FXXXSX	MTONS	2026,2027,2028,2029	EDPF7,EDPF8,EDPF9,EDPG7
EEM	80	ready_non_test	74	OE	exact	74	EURO ETHER DOLLAR FUTURES	4,17,18,21	663f83ffd1aa628cfdbfc2e47d7611b9ef0bb37b4771a2e31354e32b0c9f1c64	False	False	False		XCME	FFIXSX	IPNT	2026,2027	EEMH7,EEMJ6,EEMK6,EEMM6
EFF	588	ready_non_test	80	RF	exact	80	CPC-REFIND	4,17,21	d21acb34cc1857d77a01ba9c499b2dbce43ad125dec0afd933e79467e288747a	False	False	False		XNYM	FCMXSX	MTONS	2026	EFFJ601,EFFJ602,EFFJ607,EFFJ608
EFM	483	ready_non_test	80	RF	exact	80	CPC-REFIND	4,17,21	d21acb34cc1857d77a01ba9c499b2dbce43ad125dec0afd933e79467e288747a	False	False	False		XNYM	FCMXSX	MTONS	2026,2027,2028,2029,2030,2031	EFMF0,EFMF1,EFMF7,EFMF8
EGB	588	ready_non_test	80	CP	exact	80	CPC-REFINED 2	4,17,21	d21acb34cc1857d77a01ba9c499b2dbce43ad125dec0afd933e79467e288747a	False	False	False		XNYM	FCMXSX	MTONS	2026	EGBJ601,EGBJ602,EGBJ607,EGBJ608
EGN	315	ready_non_test	80	CP	exact	80	CPC-REFINED 2	4,17,21	d21acb34cc1857d77a01ba9c499b2dbce43ad125dec0afd933e79467e288747a	False	False	False		XNYM	FCMXSX	MTONS	2026,2027,2028,2029	EGNF7,EGNF8,EGNF9,EGNG7
EGT	35	ready_non_test	68	S6	exact	68	BTIC MINI S&P 500 ESG INDEX FUTURES	4,17,21	cdfb6991d0a44427cfcfb9cdf2a11b9d54a2cb0241bb6153eb8a8cf0baed32dd	False	False	False		XCME	FFIXSX	IPNT	2026,2027	EGTH7,EGTM6,EGTM7,EGTU6
EHB	441	ready_non_test	80	EE	exact	80	CPC-Ethanol	4,17,21	d21acb34cc1857d77a01ba9c499b2dbce43ad125dec0afd933e79467e288747a	False	False	False		XNYM	FCMXSX	CBM	2026	EHBK601,EHBK604,EHBK605,EHBK606
EHF	42	ready_non_test	88	NU	exact	88	HUF/EUR CROSS RATE FUTURES	4,17,21	d21acb34cc1857d77a01ba9c499b2dbce43ad125dec0afd933e79467e288747a	False	False	False		XCME	FFCXSX	HUF	2026,2027	EHFH7,EHFM6,EHFM7,EHFU6
EHL	252	ready_non_test	80	EE	exact	80	CPC-Ethanol	4,17,21	d21acb34cc1857d77a01ba9c499b2dbce43ad125dec0afd933e79467e288747a	False	False	False		XNYM	FCMXSX	CBM	2026,2027,2028,2029	EHLF7,EHLF8,EHLF9,EHLG7
EHR	231	ready_non_test	78	MA	exact	78	FERROUS SCRAP/ALUMINA/EURO HRC FUTURES	4,17,21	d21acb34cc1857d77a01ba9c499b2dbce43ad125dec0afd933e79467e288747a	False	False	False		XCEC	FXXXSX	MTONS	2026,2027,2028	EHRF7,EHRF8,EHRG7,EHRG8
EI	35	ready_non_test	68	EA	exact	68	FTSE EMERGING INDEX	4,17,21	d21acb34cc1857d77a01ba9c499b2dbce43ad125dec0afd933e79467e288747a	False	False	False		XCME	FFIXSX	IPNT	2026,2027	EIH7,EIM6,EIM7,EIU6
EIT	35	ready_non_test	68	ED	exact	68	BTIC FTSE EMERGING INDEX	4,17,21	cdfb6991d0a44427cfcfb9cdf2a11b9d54a2cb0241bb6153eb8a8cf0baed32dd	False	False	False		XCME	FFIXSX	IPNT	2026,2027	EITH7,EITM6,EITM7,EITU6
EJL	476	ready_non_test	78	PW	exact	78	50 MW POWER- CMED	4,17,21	d21acb34cc1857d77a01ba9c499b2dbce43ad125dec0afd933e79467e288747a	False	False	False		XNYM	FCMXSX	MWH	2026,2027,2028,2029,2030,2031	EJLF0,EJLF1,EJLF7,EJLF8
EL	175	ready_non_test	80	EV	exact	80	DENATURED FUEL ETHANOL FUTURES	4,17,21	d21acb34cc1857d77a01ba9c499b2dbce43ad125dec0afd933e79467e288747a	False	False	False		XNYM	FCMXSX	GAL	2026,2027,2028	ELF7,ELF8,ELG7,ELG8
EL1	171	ready_non_test	80	PT	exact	80	CPC FUEL OIL (1)	4,17,21	d21acb34cc1857d77a01ba9c499b2dbce43ad125dec0afd933e79467e288747a	False	False	False		XNYM	FCMXSX	MTONS	2026,2027,2028	EL1F7,EL1F8,EL1G7,EL1G8
EMB	80	ready_non_test	74	RJ	exact	74	BTIC ETHER FUTURES	4,17,18,21	76d40ec0092782f161fe4e033a835c82afa0f7226b017419e8b793564cc8b804	False	False	False		XCME	FFIXSX	IPNT	2026,2027	EMBH7,EMBJ6,EMBK6,EMBM6
EMC	169	ready_non_test	78	PA	exact	78	CPC-POWER 2	4,17,21	d21acb34cc1857d77a01ba9c499b2dbce43ad125dec0afd933e79467e288747a	False	False	False		XNYM	FCMXSX	IPNT	2026	EMCJ620,EMCJ621,EMCJ622,EMCJ623
EMT	35	ready_non_test	68	PB	exact	68	BTIC MINI MIDCAP 400	4,17,21	cdfb6991d0a44427cfcfb9cdf2a11b9d54a2cb0241bb6153eb8a8cf0baed32dd	False	False	False		XCME	FFIXSX	IPNT	2026,2027	EMTH7,EMTM6,EMTM7,EMTU6
EN	315	ready_non_test	80	PT	exact	80	CPC FUEL OIL (1)	4,17,21	d21acb34cc1857d77a01ba9c499b2dbce43ad125dec0afd933e79467e288747a	False	False	False		XNYM	FCMXSX	BBL	2026,2027,2028,2029	ENF7,ENF8,ENF9,ENG7
ENB	80	ready_non_test	74	RN	exact	74	BTIC ETHER FUTURES NY SETTLE	4,17,18,21	b5ee68de53f90e83228077b7e8799e4fb9c85a2725c7b28c697b92267b066227	False	False	False		XCME	FFIXSX	IPNT	2026,2027	ENBH7,ENBJ6,ENBK6,ENBM6
ENK	42	ready_non_test	88	FM	exact	88	EUR/NOK CROSS RATE FUTURES	4,17,21	d21acb34cc1857d77a01ba9c499b2dbce43ad125dec0afd933e79467e288747a	False	False	False		XCME	FFCXSX	EUR	2026,2027	ENKH7,ENKM6,ENKM7,ENKU6
ENP	469	ready_non_test	78	PA	exact	78	CPC-POWER 2	4,17,21	d21acb34cc1857d77a01ba9c499b2dbce43ad125dec0afd933e79467e288747a	False	False	False		XNYM	FCMXSX	MWH	2026	ENPJ621,ENPJ622,ENPJ623,ENPJ624
ENS	483	ready_non_test	80	RF	exact	80	CPC-REFIND	4,17,21	d21acb34cc1857d77a01ba9c499b2dbce43ad125dec0afd933e79467e288747a	False	False	False		XNYM	FCMXSX	MTONS	2026,2027,2028,2029,2030,2031	ENSF0,ENSF1,ENSF7,ENSF8
ENY	28	ready_non_test	68	N1	exact	68	NIKKEI 225 FUTURES (JPY)	4,17,21	d21acb34cc1857d77a01ba9c499b2dbce43ad125dec0afd933e79467e288747a	False	False	False		XCME	FFIXSX	JPY	2026,2027	ENYH7,ENYM6,ENYU6,ENYZ6
ENZ	42	ready_non_test	88	NI	exact	88	EUR/NZD CROSS RATE FUTURES	4,17,21	d21acb34cc1857d77a01ba9c499b2dbce43ad125dec0afd933e79467e288747a	False	False	False		XCME	FFCXSX	EUR	2026,2027	ENZH7,ENZM6,ENZM7,ENZU6
EO1	171	ready_non_test	80	PT	exact	80	CPC FUEL OIL (1)	4,17,21	d21acb34cc1857d77a01ba9c499b2dbce43ad125dec0afd933e79467e288747a	False	False	False		XNYM	FCMXSX	MTONS	2026,2027,2028	EO1F7,EO1F8,EO1G7,EO1G8
EOB	315	ready_non_test	80	RF	exact	80	CPC-REFIND	4,17,21	d21acb34cc1857d77a01ba9c499b2dbce43ad125dec0afd933e79467e288747a	False	False	False		XNYM	FCMXSX	MTONS	2026,2027,2028,2029	EOBF7,EOBF8,EOBF9,EOBG7
EOIS1M	7	synthetic_no_ready	82	04	exact	82	SYNTHETIC INTEREST RATE	2,4	bf10f1b3e23ad8320182b8dc97354d72ac617d87796ea55c0d14e6f5f2ae0fcc	False	False	False		XCME	FFDXSX	IPNT	2050	EOIS1MZ50
EOIS1Y	7	synthetic_no_ready	82	04	exact	82	SYNTHETIC INTEREST RATE	2,4	bf10f1b3e23ad8320182b8dc97354d72ac617d87796ea55c0d14e6f5f2ae0fcc	False	False	False		XCME	FFDXSX	IPNT	2050	EOIS1YZ50
EOIS3M	7	synthetic_no_ready	82	04	exact	82	SYNTHETIC INTEREST RATE	2,4	bf10f1b3e23ad8320182b8dc97354d72ac617d87796ea55c0d14e6f5f2ae0fcc	False	False	False		XCME	FFDXSX	IPNT	2050	EOIS3MZ50
EOIS6M	7	synthetic_no_ready	82	04	exact	82	SYNTHETIC INTEREST RATE	2,4	bf10f1b3e23ad8320182b8dc97354d72ac617d87796ea55c0d14e6f5f2ae0fcc	False	False	False		XCME	FFDXSX	IPNT	2050	EOIS6MZ50
EOISM1	7	synthetic_no_ready	82	04	exact	82	SYNTHETIC INTEREST RATE	2,4	bf10f1b3e23ad8320182b8dc97354d72ac617d87796ea55c0d14e6f5f2ae0fcc	False	False	False		XCME	FFDXSX	IPNT	2050	EOISM1Z50
EOISM2	7	synthetic_no_ready	82	04	exact	82	SYNTHETIC INTEREST RATE	2,4	bf10f1b3e23ad8320182b8dc97354d72ac617d87796ea55c0d14e6f5f2ae0fcc	False	False	False		XCME	FFDXSX	IPNT	2050	EOISM2Z50
EOISM3	7	synthetic_no_ready	82	04	exact	82	SYNTHETIC INTEREST RATE	2,4	bf10f1b3e23ad8320182b8dc97354d72ac617d87796ea55c0d14e6f5f2ae0fcc	False	False	False		XCME	FFDXSX	IPNT	2050	EOISM3Z50
EOISM4	7	synthetic_no_ready	82	04	exact	82	SYNTHETIC INTEREST RATE	2,4	bf10f1b3e23ad8320182b8dc97354d72ac617d87796ea55c0d14e6f5f2ae0fcc	False	False	False		XCME	FFDXSX	IPNT	2050	EOISM4Z50
EP1	171	ready_non_test	80	PT	exact	80	CPC FUEL OIL (1)	4,17,21	d21acb34cc1857d77a01ba9c499b2dbce43ad125dec0afd933e79467e288747a	False	False	False		XNYM	FCMXSX	MTONS	2026,2027,2028	EP1F7,EP1F8,EP1G7,EP1G8
EPN	315	ready_non_test	80	RF	exact	80	CPC-REFIND	4,17,21	d21acb34cc1857d77a01ba9c499b2dbce43ad125dec0afd933e79467e288747a	False	False	False		XNYM	FCMXSX	MTONS	2026,2027,2028,2029	EPNF7,EPNF8,EPNF9,EPNG7
EPZ	42	ready_non_test	88	FP	exact	88	PLN/EUR CROSS RATE FUTURES	4,17,21	d21acb34cc1857d77a01ba9c499b2dbce43ad125dec0afd933e79467e288747a	False	False	False		XCME	FFCXSX	PLN	2026,2027	EPZH7,EPZM6,EPZM7,EPZU6
EQ1	21	ready_non_test	68	4T	exact	68	FORWARD MINI S&P TRADE AT CASH OPEN 	4,17,21	d21acb34cc1857d77a01ba9c499b2dbce43ad125dec0afd933e79467e288747a	False	False	False		XCME	FFIXSX	IPNT	2026	EQ1K615,EQ1N617,EQ1Q621
ERL	476	ready_non_test	78	PA	exact	78	CPC-POWER 2	4,17,21	d21acb34cc1857d77a01ba9c499b2dbce43ad125dec0afd933e79467e288747a	False	False	False		XNYM	FCMXSX	MWH	2026,2027,2028,2029,2030,2031	ERLF0,ERLF1,ERLF7,ERLF8
ES1	164	ready_non_test	68	SK	exact	68	FORWARD BTIC MINI S&P	4,17,21	d21acb34cc1857d77a01ba9c499b2dbce43ad125dec0afd933e79467e288747a	False	False	False		XCME	FFIXSX	IPNT	2026	ES1J621,ES1J622,ES1J623,ES1J624
ES2	122	ready_non_test	68	SK	exact	68	FORWARD BTIC MINI S&P	4,17,21	d21acb34cc1857d77a01ba9c499b2dbce43ad125dec0afd933e79467e288747a	False	False	False		XCME	FFIXSX	IPNT	2026	ES2J621,ES2J622,ES2J623,ES2J624
ESB	588	ready_non_test	80	PT	exact	80	CPC FUEL OIL (1)	4,17,21	d21acb34cc1857d77a01ba9c499b2dbce43ad125dec0afd933e79467e288747a	False	False	False		XNYM	FCMXSX	BBL	2026	ESBJ601,ESBJ602,ESBJ607,ESBJ608
ESG	35	ready_non_test	68	S4	exact	68	MINI S&P 500 ESG FUTURES	4,17,21	d21acb34cc1857d77a01ba9c499b2dbce43ad125dec0afd933e79467e288747a	False	False	False		XCME	FFIXSX	IPNT	2026,2027	ESGH7,ESGM6,ESGM7,ESGU6
ESK	42	ready_non_test	88	FS	exact	88	EUR/SEK CROSS RATE FUTURES	4,17,21	d21acb34cc1857d77a01ba9c499b2dbce43ad125dec0afd933e79467e288747a	False	False	False		XCME	FFCXSX	EUR	2026,2027	ESKH7,ESKM6,ESKM7,ESKU6
ESQ	147	ready_non_test	68	3T	exact	68	MINI S&P TRADE AT CASH OPEN 	2,4,17,18,21	16021d6aa85e0527477bbbb280e440cbe7ae8025a6709008f58bc9dd3171491a	False	False	False		XCME	FFIXSX	IPNT	2026,2027,2028,2029,2030,2031	ESQH0,ESQH1,ESQH7,ESQH8
ESR	119	ready_non_test	82	EY	exact	82	ESTR FUTURES	4,17,21	d21acb34cc1857d77a01ba9c499b2dbce43ad125dec0afd933e79467e288747a	False	False	False		XCME	FFDXSX	IPNT	2026,2027,2028,2029	ESRG6,ESRH6,ESRH7,ESRH8
ESS	588	ready_non_test	80	PT	exact	80	CPC FUEL OIL (1)	4,17,21	d21acb34cc1857d77a01ba9c499b2dbce43ad125dec0afd933e79467e288747a	False	False	False		XNYM	FCMXSX	MTONS	2026	ESSJ601,ESSJ602,ESSJ607,ESSJ608
EST	147	ready_non_test	68	SB	exact	68	BTIC MINI S&P	4,17,21	cdfb6991d0a44427cfcfb9cdf2a11b9d54a2cb0241bb6153eb8a8cf0baed32dd	False	False	False		XCME	FFIXSX	IPNT	2026,2027,2028,2029,2030,2031	ESTH0,ESTH1,ESTH7,ESTH8
ESX	7	ready_non_test	64	E2	exact	64	TMAC MINI S&P	2,4,17,21	cedb5ddcaf82f74668c228a5e06643a505bd9e549005111608cc51b455dc8e61	False	False	False		XCME	FFIXSX	IPNT	2026	ESXM6
ET1W	7	synthetic_no_ready	82	04	exact	82	SYNTHETIC INTEREST RATE	2,4	bf10f1b3e23ad8320182b8dc97354d72ac617d87796ea55c0d14e6f5f2ae0fcc	False	False	False		XCME	FFDXSX	IPNT	2050	ET1WZ50
ET1Y	7	synthetic_no_ready	82	04	exact	82	SYNTHETIC INTEREST RATE	2,4	bf10f1b3e23ad8320182b8dc97354d72ac617d87796ea55c0d14e6f5f2ae0fcc	False	False	False		XCME	FFDXSX	IPNT	2050	ET1YZ50
ETB	80	ready_non_test	74	RJ	exact	74	BTIC ETHER FUTURES	4,17,18,21	76d40ec0092782f161fe4e033a835c82afa0f7226b017419e8b793564cc8b804	False	False	False		XCME	FFIXSX	IPNT	2026,2027	ETBH7,ETBJ6,ETBK6,ETBM6
ETE	80	ready_non_test	74	OE	exact	74	EURO ETHER DOLLAR FUTURES	4,17,18,21	663f83ffd1aa628cfdbfc2e47d7611b9ef0bb37b4771a2e31354e32b0c9f1c64	False	False	False		XCME	FFIXSX	IPNT	2026,2027	ETEH7,ETEJ6,ETEK6,ETEM6
ETHCP1	7	synthetic_no_ready	74	02	exact	74	SYNTHETIC EOC ECB	2,4	bf10f1b3e23ad8320182b8dc97354d72ac617d87796ea55c0d14e6f5f2ae0fcc	True	True	False		XCME	FFCXSX	IPNT	2099	ETHCP1Z99
ETHCPA	7	synthetic_no_ready	74	02	exact	74	SYNTHETIC EOC ECB	2,4	bf10f1b3e23ad8320182b8dc97354d72ac617d87796ea55c0d14e6f5f2ae0fcc	True	True	False		XCME	FFCXSX	IPNT	2099	ETHCPAZ99
ETR1	7	synthetic_no_ready	82	04	exact	82	SYNTHETIC INTEREST RATE	2,4	bf10f1b3e23ad8320182b8dc97354d72ac617d87796ea55c0d14e6f5f2ae0fcc	False	False	False		XCME	FFDXSX	IPNT	2050	ETR1Z50
ETR3	7	synthetic_no_ready	82	04	exact	82	SYNTHETIC INTEREST RATE	2,4	bf10f1b3e23ad8320182b8dc97354d72ac617d87796ea55c0d14e6f5f2ae0fcc	False	False	False		XCME	FFDXSX	IPNT	2050	ETR3Z50
ETR6	7	synthetic_no_ready	82	04	exact	82	SYNTHETIC INTEREST RATE	2,4	bf10f1b3e23ad8320182b8dc97354d72ac617d87796ea55c0d14e6f5f2ae0fcc	False	False	False		XCME	FFDXSX	IPNT	2050	ETR6Z50
EUB	330	ready_non_test	78	PA	exact	78	CPC-POWER 2	4,17,21	d21acb34cc1857d77a01ba9c499b2dbce43ad125dec0afd933e79467e288747a	False	False	False		XNYM	FCMXSX	MWH	2026	EUBJ621,EUBJ622,EUBJ623,EUBJ624
EUS	98	ready_non_test	82	SP	exact	82	ESTR/EURIBOR SPREAD  FUTURES	4,17,21	d21acb34cc1857d77a01ba9c499b2dbce43ad125dec0afd933e79467e288747a	False	False	False		XCME	FFDXSX	IPNT	2026,2027,2028,2029	EUSH7,EUSH8,EUSH9,EUSK6
EVC	483	ready_non_test	80	RF	exact	80	CPC-REFIND	4,17,21	d21acb34cc1857d77a01ba9c499b2dbce43ad125dec0afd933e79467e288747a	False	False	False		XNYM	FCMXSX	MTONS	2026,2027,2028,2029,2030,2031	EVCF0,EVCF1,EVCF7,EVCF8
EWB	588	ready_non_test	80	CP	exact	80	CPC-REFINED 2	4,17,21	d21acb34cc1857d77a01ba9c499b2dbce43ad125dec0afd933e79467e288747a	False	False	False		XNYM	FCMXSX	MTONS	2026	EWBJ601,EWBJ602,EWBJ607,EWBJ608
EWF	35	ready_non_test	68	WE	exact	68	S&P EQUAL WEIGHT INDEX	4,17,21	d21acb34cc1857d77a01ba9c499b2dbce43ad125dec0afd933e79467e288747a	False	False	False		XCME	FFIXSX	IPNT	2026,2027	EWFH7,EWFM6,EWFM7,EWFU6
EWFT	35	ready_non_test	68	WC	exact	68	BTIC S&P EQUAL WEIGHT INDEX FUTURE	4,17,21	cdfb6991d0a44427cfcfb9cdf2a11b9d54a2cb0241bb6153eb8a8cf0baed32dd	False	False	False		XCME	FFIXSX	IPNT	2026,2027	EWFTH7,EWFTM6,EWFTM7,EWFTU6
EWG	315	ready_non_test	80	CP	exact	80	CPC-REFINED 2	4,17,21	d21acb34cc1857d77a01ba9c499b2dbce43ad125dec0afd933e79467e288747a	False	False	False		XNYM	FCMXSX	BBL	2026,2027,2028,2029	EWGF7,EWGF8,EWGF9,EWGG7
EWN	259	ready_non_test	80	RF	exact	80	CPC-REFIND	4,17,21	d21acb34cc1857d77a01ba9c499b2dbce43ad125dec0afd933e79467e288747a	False	False	False		XNYM	FCMXSX	MTONS	2026,2027,2028,2029	EWNF7,EWNF8,EWNF9,EWNG7
EXR	315	ready_non_test	80	RF	exact	80	CPC-REFIND	4,17,21	d21acb34cc1857d77a01ba9c499b2dbce43ad125dec0afd933e79467e288747a	False	False	False		XNYM	FCMXSX	MTONS	2026,2027,2028,2029	EXRF7,EXRF8,EXRF9,EXRG7
EYB	80	ready_non_test	74	RN	exact	74	BTIC ETHER FUTURES NY SETTLE	4,17,18,21	b5ee68de53f90e83228077b7e8799e4fb9c85a2725c7b28c697b92267b066227	False	False	False		XCME	FFIXSX	IPNT	2026,2027	EYBH7,EYBJ6,EYBK6,EYBM6
F1S	14	ready_non_test	84	SF	exact	84	5-YEAR DELIVERABLE INTEREST RATE SWAP	4,17,21	d21acb34cc1857d77a01ba9c499b2dbce43ad125dec0afd933e79467e288747a	False	False	False		XCBT	FFDXSX	USD	2026	F1SM6,F1SU6
F3	588	ready_non_test	80	CP	exact	80	CPC-REFINED 2	4,17,21	d21acb34cc1857d77a01ba9c499b2dbce43ad125dec0afd933e79467e288747a	False	False	False		XNYM	FCMXSX	MTONS	2026	F3J601,F3J602,F3J607,F3J608
FAL	469	ready_non_test	78	PW	exact	78	50 MW POWER- CMED	4,17,21	d21acb34cc1857d77a01ba9c499b2dbce43ad125dec0afd933e79467e288747a	False	False	False		XNYM	FCMXSX	MWH	2026	FALJ621,FALJ622,FALJ623,FALJ624
FBD	175	ready_non_test	80	CP	exact	80	CPC-REFINED 2	4,17,21	d21acb34cc1857d77a01ba9c499b2dbce43ad125dec0afd933e79467e288747a	False	False	False		XNYM	FCMXSX	MTONS	2026,2027,2028	FBDF7,FBDF8,FBDG7,FBDG8
FBT	147	ready_non_test	80	CP	exact	80	CPC-REFINED 2	4,17,21	d21acb34cc1857d77a01ba9c499b2dbce43ad125dec0afd933e79467e288747a	False	False	False		XNYM	FCMXSX	MTONS	2026,2027	FBTF7,FBTG7,FBTH7,FBTJ6
FCB	588	ready_non_test	80	CP	exact	80	CPC-REFINED 2	4,17,21	d21acb34cc1857d77a01ba9c499b2dbce43ad125dec0afd933e79467e288747a	False	False	False		XNYM	FCMXSX	BBL	2026	FCBJ601,FCBJ602,FCBJ607,FCBJ608
FCN	330	ready_non_test	80	CP	exact	80	CPC-REFINED 2	4,17,21	d21acb34cc1857d77a01ba9c499b2dbce43ad125dec0afd933e79467e288747a	False	False	False		XNYM	FCMXSX	MTONS	2026	FCNJ620,FCNJ621,FCNJ622,FCNJ623
FEF	476	ready_non_test	78	PA	exact	78	CPC-POWER 2	4,17,21	d21acb34cc1857d77a01ba9c499b2dbce43ad125dec0afd933e79467e288747a	False	False	False		XNYM	FCMXSX	MWH	2026,2027,2028,2029,2030,2031	FEFF0,FEFF1,FEFF7,FEFF8
FEW	483	ready_non_test	80	PT	exact	80	CPC FUEL OIL (1)	4,17,21	d21acb34cc1857d77a01ba9c499b2dbce43ad125dec0afd933e79467e288747a	False	False	False		XNYM	FCMXSX	MTONS	2026,2027,2028,2029,2030,2031	FEWF0,FEWF1,FEWF7,FEWF8
FL	231	ready_non_test	80	CP	exact	80	CPC-REFINED 2	4,17,21	d21acb34cc1857d77a01ba9c499b2dbce43ad125dec0afd933e79467e288747a	False	False	False		XNYM	FCMXSX	BBL	2026,2027,2028	FLF7,FLF8,FLG7,FLG8
FLB	273	ready_non_test	78	FT	exact	78	FREIGHT FUTURES	4,17,21	d21acb34cc1857d77a01ba9c499b2dbce43ad125dec0afd933e79467e288747a	False	False	False		XNYM	FCMXSX	MTONS	2026	FLBJ601,FLBJ602,FLBJ607,FLBJ608
FLJ	231	ready_non_test	78	FT	exact	78	FREIGHT FUTURES	4,17,21	d21acb34cc1857d77a01ba9c499b2dbce43ad125dec0afd933e79467e288747a	False	False	False		XNYM	FCMXSX	MTONS	2026,2027,2028	FLJF7,FLJF8,FLJG7,FLJG8
FLP	231	ready_non_test	78	FT	exact	78	FREIGHT FUTURES	4,17,21	d21acb34cc1857d77a01ba9c499b2dbce43ad125dec0afd933e79467e288747a	False	False	False		XNYM	FCMXSX	MTONS	2026,2027,2028	FLPF7,FLPF8,FLPG7,FLPG8
FO	399	ready_non_test	80	PT	exact	80	CPC FUEL OIL (1)	4,17,21	d21acb34cc1857d77a01ba9c499b2dbce43ad125dec0afd933e79467e288747a	False	False	False		XNYM	FCMXSX	BBL	2026,2027,2028,2029,2030	FOF0,FOF7,FOF8,FOF9
FOA	588	ready_non_test	80	CP	exact	80	CPC-REFINED 2	4,17,21	d21acb34cc1857d77a01ba9c499b2dbce43ad125dec0afd933e79467e288747a	False	False	False		XNYM	FCMXSX	BBL	2026	FOAJ601,FOAJ602,FOAJ607,FOAJ608
FOM	588	ready_non_test	80	CP	exact	80	CPC-REFINED 2	4,17,21	d21acb34cc1857d77a01ba9c499b2dbce43ad125dec0afd933e79467e288747a	False	False	False		XNYM	FCMXSX	MTONS	2026	FOMJ601,FOMJ602,FOMJ607,FOMJ608
FOR	330	ready_non_test	80	CP	exact	80	CPC-REFINED 2	4,17,21	d21acb34cc1857d77a01ba9c499b2dbce43ad125dec0afd933e79467e288747a	False	False	False		XNYM	FCMXSX	MTONS	2026	FORJ620,FORJ621,FORJ622,FORJ623
FRC	483	ready_non_test	78	FT	exact	78	FREIGHT FUTURES	4,17,21	d21acb34cc1857d77a01ba9c499b2dbce43ad125dec0afd933e79467e288747a	False	False	False		XNYM	FCMXSX	MTONS	2026,2027,2028,2029,2030,2031	FRCF0,FRCF1,FRCF7,FRCF8
FRS	175	ready_non_test	78	FT	exact	78	FREIGHT FUTURES	4,17,21	d21acb34cc1857d77a01ba9c499b2dbce43ad125dec0afd933e79467e288747a	False	False	False		XNYM	FCMXSX	MTONS	2026,2027,2028	FRSF7,FRSF8,FRSG7,FRSG8
FSF	175	ready_non_test	78	MA	exact	78	FERROUS SCRAP/ALUMINA/EURO HRC FUTURES	4,17,21	d21acb34cc1857d77a01ba9c499b2dbce43ad125dec0afd933e79467e288747a	False	False	False		XCEC	FXXXSX	MTONS	2026,2027,2028	FSFF7,FSFF8,FSFG7,FSFG8
FSS	371	ready_non_test	80	PT	exact	80	CPC FUEL OIL (1)	4,17,21	d21acb34cc1857d77a01ba9c499b2dbce43ad125dec0afd933e79467e288747a	False	False	False		XNYM	FCMXSX	MTONS	2026,2027,2028,2029,2030	FSSF0,FSSF7,FSSF8,FSSF9
FT5	49	ready_non_test	68	C5	exact	68	MINI FTSE CHINA 50 INDEX	4,17,21	d21acb34cc1857d77a01ba9c499b2dbce43ad125dec0afd933e79467e288747a	False	False	False		XCME	FFIXSX	IPNT	2026,2027	FT5H7,FT5J6,FT5K6,FT5M6
FTC	49	ready_non_test	68	C1	exact	68	BTIC MINI FTSE CHINA 50 INDEX	4,17,21	11cf1b650b778dbe1dce7f0d5fe16cf135c8ea485e4906b842414a4c4057df2e	False	False	False		XCME	FFIXSX	IPNT	2026,2027	FTCH7,FTCJ6,FTCK6,FTCM6
FTL	476	ready_non_test	78	PW	exact	78	50 MW POWER- CMED	4,17,21	d21acb34cc1857d77a01ba9c499b2dbce43ad125dec0afd933e79467e288747a	False	False	False		XNYM	FCMXSX	MWH	2026	FTLJ620,FTLJ621,FTLJ622,FTLJ623
FVB	399	ready_non_test	80	RF	exact	80	CPC-REFIND	4,17,21	d21acb34cc1857d77a01ba9c499b2dbce43ad125dec0afd933e79467e288747a	False	False	False		XNYM	FCMXSX	MTONS	2026,2027,2028,2029,2030	FVBF0,FVBF7,FVBF8,FVBF9
G0	153	ready_non_test	70	HW	exact	70	CME WEATHER FUTURES	4,17,21	d21acb34cc1857d77a01ba9c499b2dbce43ad125dec0afd933e79467e288747a	False	False	False		XCME	FCAXSX	IPNT	2026,2027,2028,2029	G0J6,G0J7,G0J8,G0J9
G02	7	ready_non_test	70	HW	exact	70	CME WEATHER FUTURES	4,17,21	d21acb34cc1857d77a01ba9c499b2dbce43ad125dec0afd933e79467e288747a	False	False	False		XCME	FCAXSX	IPNT	2026	G02M6
G0K	7	ready_non_test	70	HW	exact	70	CME WEATHER FUTURES	4,17,21	d21acb34cc1857d77a01ba9c499b2dbce43ad125dec0afd933e79467e288747a	False	False	False		XCME	FCAXSX	IPNT	2026	G0KU6
G0N	7	ready_non_test	70	HW	exact	70	CME WEATHER FUTURES	4,17,21	d21acb34cc1857d77a01ba9c499b2dbce43ad125dec0afd933e79467e288747a	False	False	False		XCME	FCAXSX	IPNT	2026	G0NQ6
G1	153	ready_non_test	70	HW	exact	70	CME WEATHER FUTURES	4,17,21	d21acb34cc1857d77a01ba9c499b2dbce43ad125dec0afd933e79467e288747a	False	False	False		XCME	FCAXSX	IPNT	2026,2027,2028,2029	G1J6,G1J7,G1J8,G1J9
G12	7	ready_non_test	70	HW	exact	70	CME WEATHER FUTURES	4,17,21	d21acb34cc1857d77a01ba9c499b2dbce43ad125dec0afd933e79467e288747a	False	False	False		XCME	FCAXSX	IPNT	2026	G12M6
G1K	7	ready_non_test	70	HW	exact	70	CME WEATHER FUTURES	4,17,21	d21acb34cc1857d77a01ba9c499b2dbce43ad125dec0afd933e79467e288747a	False	False	False		XCME	FCAXSX	IPNT	2026	G1KU6
G1N	7	ready_non_test	70	HW	exact	70	CME WEATHER FUTURES	4,17,21	d21acb34cc1857d77a01ba9c499b2dbce43ad125dec0afd933e79467e288747a	False	False	False		XCME	FCAXSX	IPNT	2026	G1NQ6
G2	153	ready_non_test	70	HW	exact	70	CME WEATHER FUTURES	4,17,21	d21acb34cc1857d77a01ba9c499b2dbce43ad125dec0afd933e79467e288747a	False	False	False		XCME	FCAXSX	IPNT	2026,2027,2028,2029	G2J6,G2J7,G2J8,G2J9
G22	7	ready_non_test	70	HW	exact	70	CME WEATHER FUTURES	4,17,21	d21acb34cc1857d77a01ba9c499b2dbce43ad125dec0afd933e79467e288747a	False	False	False		XCME	FCAXSX	IPNT	2026	G22M6
G2K	7	ready_non_test	70	HW	exact	70	CME WEATHER FUTURES	4,17,21	d21acb34cc1857d77a01ba9c499b2dbce43ad125dec0afd933e79467e288747a	False	False	False		XCME	FCAXSX	IPNT	2026	G2KU6
G2N	7	ready_non_test	70	HW	exact	70	CME WEATHER FUTURES	4,17,21	d21acb34cc1857d77a01ba9c499b2dbce43ad125dec0afd933e79467e288747a	False	False	False		XCME	FCAXSX	IPNT	2026	G2NQ6
G4	153	ready_non_test	70	HW	exact	70	CME WEATHER FUTURES	4,17,21	d21acb34cc1857d77a01ba9c499b2dbce43ad125dec0afd933e79467e288747a	False	False	False		XCME	FCAXSX	IPNT	2026,2027,2028,2029	G4J6,G4J7,G4J8,G4J9
G42	7	ready_non_test	70	HW	exact	70	CME WEATHER FUTURES	4,17,21	d21acb34cc1857d77a01ba9c499b2dbce43ad125dec0afd933e79467e288747a	False	False	False		XCME	FCAXSX	IPNT	2026	G42M6
G44	259	synthetic_no_ready	78	08	exact	78	SYNTHETIC NYMEX	2,4	bf10f1b3e23ad8320182b8dc97354d72ac617d87796ea55c0d14e6f5f2ae0fcc	False	False	False		XNYM	FCMXSX	MMBTU	2026,2027,2028,2029	G44F7,G44F8,G44F9,G44G7
G4K	7	ready_non_test	70	HW	exact	70	CME WEATHER FUTURES	4,17,21	d21acb34cc1857d77a01ba9c499b2dbce43ad125dec0afd933e79467e288747a	False	False	False		XCME	FCAXSX	IPNT	2026	G4KU6
G4N	7	ready_non_test	70	HW	exact	70	CME WEATHER FUTURES	4,17,21	d21acb34cc1857d77a01ba9c499b2dbce43ad125dec0afd933e79467e288747a	False	False	False		XCME	FCAXSX	IPNT	2026	G4NQ6
G6	91	ready_non_test	70	HW	exact	70	CME WEATHER FUTURES	4,17,21	d21acb34cc1857d77a01ba9c499b2dbce43ad125dec0afd933e79467e288747a	False	False	False		XCME	FCAXSX	IPNT	2026,2027	G6F7,G6G7,G6H7,G6J6
G62	7	ready_non_test	70	HW	exact	70	CME WEATHER FUTURES	4,17,21	d21acb34cc1857d77a01ba9c499b2dbce43ad125dec0afd933e79467e288747a	False	False	False		XCME	FCAXSX	IPNT	2026	G62M6
G6K	7	ready_non_test	70	HW	exact	70	CME WEATHER FUTURES	4,17,21	d21acb34cc1857d77a01ba9c499b2dbce43ad125dec0afd933e79467e288747a	False	False	False		XCME	FCAXSX	IPNT	2026	G6KU6
G6N	7	ready_non_test	70	HW	exact	70	CME WEATHER FUTURES	4,17,21	d21acb34cc1857d77a01ba9c499b2dbce43ad125dec0afd933e79467e288747a	False	False	False		XCME	FCAXSX	IPNT	2026	G6NQ6
G6X	7	ready_non_test	70	HW	exact	70	CME WEATHER FUTURES	4,17,21	d21acb34cc1857d77a01ba9c499b2dbce43ad125dec0afd933e79467e288747a	False	False	False		XCME	FCAXSX	IPNT	2027	G6XH7
G6Z	7	ready_non_test	70	HW	exact	70	CME WEATHER FUTURES	4,17,21	d21acb34cc1857d77a01ba9c499b2dbce43ad125dec0afd933e79467e288747a	False	False	False		XCME	FCAXSX	IPNT	2027	G6ZG7
G8X	343	synthetic_no_ready	78	08	exact	78	SYNTHETIC NYMEX	2,4	bf10f1b3e23ad8320182b8dc97354d72ac617d87796ea55c0d14e6f5f2ae0fcc	False	False	False		XNYM	FCMXSX	MMBTU	2026,2027,2028,2029,2030	G8XF0,G8XF7,G8XF8,G8XF9
GBB	287	ready_non_test	80	CP	exact	80	CPC-REFINED 2	4,17,21	d21acb34cc1857d77a01ba9c499b2dbce43ad125dec0afd933e79467e288747a	False	False	False		XNYM	FCMXSX	GAL	2026	GBBJ601,GBBJ602,GBBJ606,GBBJ607
GBR	330	ready_non_test	80	CP	exact	80	CPC-REFINED 2	4,17,21	d21acb34cc1857d77a01ba9c499b2dbce43ad125dec0afd933e79467e288747a	False	False	False		XNYM	FCMXSX	MTONS	2026	GBRJ620,GBRJ621,GBRJ622,GBRJ623
GCB	273	ready_non_test	80	RF	exact	80	CPC-REFIND	4,17,21	d21acb34cc1857d77a01ba9c499b2dbce43ad125dec0afd933e79467e288747a	False	False	False		XNYM	FCMXSX	BBL	2026	GCBJ601,GCBJ602,GCBJ607,GCBJ608
GCC	259	ready_non_test	80	CP	exact	80	CPC-REFINED 2	4,17,21	d21acb34cc1857d77a01ba9c499b2dbce43ad125dec0afd933e79467e288747a	False	False	False		XNYM	FCMXSX	BBL	2026,2027,2028,2029	GCCF7,GCCF8,GCCF9,GCCG7
GCCP1	7	synthetic_no_ready	78	0D	exact	78	SYNTHETIC EOC METALS	2,4	bf10f1b3e23ad8320182b8dc97354d72ac617d87796ea55c0d14e6f5f2ae0fcc	True	True	False		XCEC	FXXXSX	IPNT	2099	GCCP1Z99
GCCPA	7	synthetic_no_ready	78	0D	exact	78	SYNTHETIC EOC METALS	2,4	bf10f1b3e23ad8320182b8dc97354d72ac617d87796ea55c0d14e6f5f2ae0fcc	True	True	False		XCEC	FXXXSX	IPNT	2099	GCCPAZ99
GCD	7	ready_non_test	78	GM	exact	78	TAM GOLD (GCD)	4,17,21	4ceca3d05eca8fb37af090a7d400373450bba89f5e06379f045377e9b212f28f	False	False	False		XCEC	FXXXSX	TRYOZ	2026	GCDM6
GCG	259	ready_non_test	80	CP	exact	80	CPC-REFINED 2	4,17,21	d21acb34cc1857d77a01ba9c499b2dbce43ad125dec0afd933e79467e288747a	False	False	False		XNYM	FCMXSX	BBL	2026,2027,2028,2029	GCGF7,GCGF8,GCGF9,GCGG7
GCI	259	ready_non_test	80	RF	exact	80	CPC-REFIND	4,17,21	d21acb34cc1857d77a01ba9c499b2dbce43ad125dec0afd933e79467e288747a	False	False	False		XNYM	FCMXSX	BBL	2026,2027,2028,2029	GCIF7,GCIF8,GCIF9,GCIG7
GCM	259	ready_non_test	80	CP	exact	80	CPC-REFINED 2	4,17,21	d21acb34cc1857d77a01ba9c499b2dbce43ad125dec0afd933e79467e288747a	False	False	False		XNYM	FCMXSX	GAL	2026,2027,2028,2029	GCMF7,GCMF8,GCMF9,GCMG7
GCT	35	ready_non_test	78	TG	exact	78	GOLD TAS (GCT)	2,4,17,21	41c40dc1587e857c98b9e0b068c3ae4d6c991dab3c43f0c23b4ce392af313e6a	False	False	False		XCEC	FXXXSX	TRYOZ	2026,2027	GCTG7,GCTM6,GCTQ6,GCTV6
GCU	259	ready_non_test	80	PT	exact	80	CPC FUEL OIL (1)	4,17,21	d21acb34cc1857d77a01ba9c499b2dbce43ad125dec0afd933e79467e288747a	False	False	False		XNYM	FCMXSX	BBL	2026,2027,2028,2029	GCUF7,GCUF8,GCUF9,GCUG7
GD	21	ready_non_test	70	GD	exact	70	S&P GSCI COMMODITY INDEX	4,17,21	d21acb34cc1857d77a01ba9c499b2dbce43ad125dec0afd933e79467e288747a	False	False	False		XCME	FCAXSX	IPNT	2026	GDK6,GDM6,GDN6
GDK	175	ready_non_test	70	DC	exact	70	MILK/CASH CHEESE FUTURES	4,17,21	8d73ed510ad41a259e4f3ad779f0ec54a87f5d7433d02dd36308436ca79d1b60	False	False	False		XCME	FCAXSX	LBS	2026,2027,2028	GDKF7,GDKF8,GDKG7,GDKG8
GDL	231	ready_non_test	80	CP	exact	80	CPC-REFINED 2	4,17,21	d21acb34cc1857d77a01ba9c499b2dbce43ad125dec0afd933e79467e288747a	False	False	False		XNYM	FCMXSX	BBL	2026,2027,2028	GDLF7,GDLF8,GDLG7,GDLG8
GDT	21	ready_non_test	70	GT	exact	70	BTIC S&P GSCI COMMODITY INDEX	4,17,21	1ffaeb8582a0ef371c663cc963711c4ce85ffcc0ad4787becb00ef56ef90d2f5	False	False	False		XCME	FFIXSX	IPNT	2026	GDTK6,GDTM6,GDTN6
GEO	63	ready_non_test	78	VX	exact	78	NYMEX ENVIRONMENTAL FUTURES	4,17,21	d21acb34cc1857d77a01ba9c499b2dbce43ad125dec0afd933e79467e288747a	False	False	False		XNYM	FCMXSX	ENVOFST	2026	GEOJ6,GEOK6,GEOM6,GEON6
GES	315	ready_non_test	80	CP	exact	80	CPC-REFINED 2	4,17,21	d21acb34cc1857d77a01ba9c499b2dbce43ad125dec0afd933e79467e288747a	False	False	False		XNYM	FCMXSX	MTONS	2026,2027,2028,2029	GESF7,GESF8,GESF9,GESG7
GFC	287	ready_non_test	80	RF	exact	80	CPC-REFIND	4,17,21	d21acb34cc1857d77a01ba9c499b2dbce43ad125dec0afd933e79467e288747a	False	False	False		XNYM	FCMXSX	BBL	2026	GFCJ601,GFCJ602,GFCJ606,GFCJ607
GFCP1	7	synthetic_no_ready	70	05	exact	70	SYNTHETIC CBOT/CME AGS	2,4	bf10f1b3e23ad8320182b8dc97354d72ac617d87796ea55c0d14e6f5f2ae0fcc	True	True	False		XCME	FFCXSX	IPNT	2099	GFCP1Z99
GFCPA	7	synthetic_no_ready	70	05	exact	70	SYNTHETIC CBOT/CME AGS	2,4	bf10f1b3e23ad8320182b8dc97354d72ac617d87796ea55c0d14e6f5f2ae0fcc	True	True	False		XCME	FFCXSX	IPNT	2099	GFCPAZ99
GFT	21	ready_non_test	70	TH	exact	70	TAS LIVESTOCK (CATTLE/HOG)	2,4,17,21	22ca3c61ed540d6cee73f29e1305741ff46155df90a755997ff25a7958c239ef	False	False	False		XCME	FCAXSX	LBS	2026	GFTK6,GFTQ6,GFTU6
GHY	301	synthetic_no_ready	80	09	exact	80	SYNTHETIC CRUDE	2,4	bf10f1b3e23ad8320182b8dc97354d72ac617d87796ea55c0d14e6f5f2ae0fcc	False	False	False		XNYM	FCMXSX	GAL	2026,2027,2028,2029	GHYF7,GHYF8,GHYF9,GHYG7
GIE	42	ready_non_test	70	GA	exact	70	S&P GSCI ER FUTURES	4,17,21	d21acb34cc1857d77a01ba9c499b2dbce43ad125dec0afd933e79467e288747a	False	False	False		XCME	FCAXSX	IPNT	2026,2027	GIEH7,GIEM6,GIEM7,GIEU6
GIT	42	ready_non_test	70	GH	exact	70	BTIC S&P GSCI ER INDEX	4,17,21	1ffaeb8582a0ef371c663cc963711c4ce85ffcc0ad4787becb00ef56ef90d2f5	False	False	False		XCME	FFIXSX	IPNT	2026,2027	GITH7,GITM6,GITM7,GITU6
GK	91	synthetic_no_ready	78	08	exact	78	SYNTHETIC NYMEX	2,4	bf10f1b3e23ad8320182b8dc97354d72ac617d87796ea55c0d14e6f5f2ae0fcc	False	False	False		XNYM	FCMXSX	GAL	2026,2027	GKF7,GKG7,GKH7,GKJ7
GKS	259	ready_non_test	80	CP	exact	80	CPC-REFINED 2	4,17,21	d21acb34cc1857d77a01ba9c499b2dbce43ad125dec0afd933e79467e288747a	False	False	False		XNYM	FCMXSX	BBL	2026,2027,2028,2029	GKSF7,GKSF8,GKSF9,GKSG7
GLS	154	synthetic_no_ready	78	08	exact	78	SYNTHETIC NYMEX	2,4	bf10f1b3e23ad8320182b8dc97354d72ac617d87796ea55c0d14e6f5f2ae0fcc	False	False	False		XNYM	FCMXSX	MTONS	2026,2027,2028,2029	GLSF7,GLSG7,GLSH7,GLSH8
GMB	588	ready_non_test	80	CP	exact	80	CPC-REFINED 2	4,17,21	d21acb34cc1857d77a01ba9c499b2dbce43ad125dec0afd933e79467e288747a	False	False	False		XNYM	FCMXSX	MTONS	2026	GMBJ601,GMBJ602,GMBJ606,GMBJ607
GMS	315	ready_non_test	80	CP	exact	80	CPC-REFINED 2	4,17,21	d21acb34cc1857d77a01ba9c499b2dbce43ad125dec0afd933e79467e288747a	False	False	False		XNYM	FCMXSX	MTONS	2026,2027,2028,2029	GMSF7,GMSF8,GMSF9,GMSG7
GMY	91	synthetic_no_ready	78	08	exact	78	SYNTHETIC NYMEX	2,4	bf10f1b3e23ad8320182b8dc97354d72ac617d87796ea55c0d14e6f5f2ae0fcc	False	False	False		XNYM	FCMXSX	GAL	2026,2027	GMYF7,GMYG7,GMYH7,GMYJ7
GNB	588	ready_non_test	80	CP	exact	80	CPC-REFINED 2	4,17,21	d21acb34cc1857d77a01ba9c499b2dbce43ad125dec0afd933e79467e288747a	False	False	False		XNYM	FCMXSX	MTONS	2026	GNBJ601,GNBJ602,GNBJ607,GNBJ608
GNF	175	ready_non_test	70	DY	exact	70	DRY WHEY/NON-FAT DRY MILK FUTURES	4,17,21	8d73ed510ad41a259e4f3ad779f0ec54a87f5d7433d02dd36308436ca79d1b60	False	False	False		XCME	FCAXSX	LBS	2026,2027,2028	GNFF7,GNFF8,GNFG7,GNFG8
GNL	330	ready_non_test	78	PW	exact	78	50 MW POWER- CMED	4,17,21	d21acb34cc1857d77a01ba9c499b2dbce43ad125dec0afd933e79467e288747a	False	False	False		XNYM	FCMXSX	MWH	2026	GNLJ621,GNLJ622,GNLJ623,GNLJ624
GNO	315	ready_non_test	80	CP	exact	80	CPC-REFINED 2	4,17,21	d21acb34cc1857d77a01ba9c499b2dbce43ad125dec0afd933e79467e288747a	False	False	False		XNYM	FCMXSX	MTONS	2026,2027,2028,2029	GNOF7,GNOF8,GNOF9,GNOG7
GNS	399	ready_non_test	80	CP	exact	80	CPC-REFINED 2	4,17,21	d21acb34cc1857d77a01ba9c499b2dbce43ad125dec0afd933e79467e288747a	False	False	False		XNYM	FCMXSX	BBL	2026,2027,2028,2029,2030	GNSF0,GNSF7,GNSF8,GNSF9
GOC	567	ready_non_test	80	RF	exact	80	CPC-REFIND	4,17,21	d21acb34cc1857d77a01ba9c499b2dbce43ad125dec0afd933e79467e288747a	False	False	False		XNYM	FCMXSX	MTONS	2026,2027,2028,2029,2030,2031,2032	GOCF0,GOCF1,GOCF2,GOCF7
GSW	304	ready_non_test	80	CC	exact	80	REFINED FUTURES 	4,17,21	d21acb34cc1857d77a01ba9c499b2dbce43ad125dec0afd933e79467e288747a	False	False	False		XNYM	FCMXSX	BBL	2026,2027,2028,2029	GSWF7,GSWF8,GSWF9,GSWG7
GUD	294	ready_non_test	80	CP	exact	80	CPC-REFINED 2	4,17,21	d21acb34cc1857d77a01ba9c499b2dbce43ad125dec0afd933e79467e288747a	False	False	False		XNYM	FCMXSX	GAL	2026	GUDJ601,GUDJ602,GUDJ603,GUDJ606
GUS	339	synthetic_no_ready	78	08	exact	78	SYNTHETIC NYMEX	2,4	bf10f1b3e23ad8320182b8dc97354d72ac617d87796ea55c0d14e6f5f2ae0fcc	False	False	False		XNYM	FCMXSX	MTONS	2026,2027,2028,2029,2030	GUSF0,GUSF7,GUSF8,GUSF9
GVS	119	synthetic_no_ready	78	08	exact	78	SYNTHETIC NYMEX	2,4	bf10f1b3e23ad8320182b8dc97354d72ac617d87796ea55c0d14e6f5f2ae0fcc	False	False	False		XNYM	FCMXSX	MTONS	2026,2027,2028	GVSF7,GVSG7,GVSH7,GVSJ7
GWS	87	synthetic_no_ready	78	08	exact	78	SYNTHETIC NYMEX	2,4	bf10f1b3e23ad8320182b8dc97354d72ac617d87796ea55c0d14e6f5f2ae0fcc	False	False	False		XNYM	FCMXSX	MTONS	2026,2027	GWSF7,GWSG7,GWSH7,GWSJ7
GWT	304	ready_non_test	80	CC	exact	80	REFINED FUTURES 	4,17,21	d21acb34cc1857d77a01ba9c499b2dbce43ad125dec0afd933e79467e288747a	False	False	False		XNYM	FCMXSX	BBL	2026,2027,2028,2029	GWTF7,GWTF8,GWTF9,GWTG7
GY	315	ready_non_test	80	PT	exact	80	CPC FUEL OIL (1)	4,17,21	d21acb34cc1857d77a01ba9c499b2dbce43ad125dec0afd933e79467e288747a	False	False	False		XNYM	FCMXSX	BBL	2026,2027,2028,2029	GYF7,GYF8,GYF9,GYG7
GYS	87	synthetic_no_ready	78	08	exact	78	SYNTHETIC NYMEX	2,4	bf10f1b3e23ad8320182b8dc97354d72ac617d87796ea55c0d14e6f5f2ae0fcc	False	False	False		XNYM	FCMXSX	MTONS	2026,2027	GYSF7,GYSG7,GYSH7,GYSJ7
GZ	567	ready_non_test	80	PT	exact	80	CPC FUEL OIL (1)	4,17,21	d21acb34cc1857d77a01ba9c499b2dbce43ad125dec0afd933e79467e288747a	False	False	False		XNYM	FCMXSX	BBL	2026,2027,2028,2029,2030,2031,2032	GZF0,GZF1,GZF2,GZF7
H0	154	ready_non_test	70	HW	exact	70	CME WEATHER FUTURES	4,17,21	d21acb34cc1857d77a01ba9c499b2dbce43ad125dec0afd933e79467e288747a	False	False	False		XCME	FCAXSX	IPNT	2026,2027,2028,2029	H0F7,H0F8,H0F9,H0G7
H0X	7	ready_non_test	70	HW	exact	70	CME WEATHER FUTURES	4,17,21	d21acb34cc1857d77a01ba9c499b2dbce43ad125dec0afd933e79467e288747a	False	False	False		XCME	FCAXSX	IPNT	2027	H0XH7
H0Z	7	ready_non_test	70	HW	exact	70	CME WEATHER FUTURES	4,17,21	d21acb34cc1857d77a01ba9c499b2dbce43ad125dec0afd933e79467e288747a	False	False	False		XCME	FCAXSX	IPNT	2027	H0ZG7
H1	154	ready_non_test	70	HW	exact	70	CME WEATHER FUTURES	4,17,21	d21acb34cc1857d77a01ba9c499b2dbce43ad125dec0afd933e79467e288747a	False	False	False		XCME	FCAXSX	IPNT	2026,2027,2028,2029	H1F7,H1F8,H1F9,H1G7
H1X	7	ready_non_test	70	HW	exact	70	CME WEATHER FUTURES	4,17,21	d21acb34cc1857d77a01ba9c499b2dbce43ad125dec0afd933e79467e288747a	False	False	False		XCME	FCAXSX	IPNT	2027	H1XH7
H1Z	7	ready_non_test	70	HW	exact	70	CME WEATHER FUTURES	4,17,21	d21acb34cc1857d77a01ba9c499b2dbce43ad125dec0afd933e79467e288747a	False	False	False		XCME	FCAXSX	IPNT	2027	H1ZG7
H2	154	ready_non_test	70	HW	exact	70	CME WEATHER FUTURES	4,17,21	d21acb34cc1857d77a01ba9c499b2dbce43ad125dec0afd933e79467e288747a	False	False	False		XCME	FCAXSX	IPNT	2026,2027,2028,2029	H2F7,H2F8,H2F9,H2G7
H2L	476	ready_non_test	78	PW	exact	78	50 MW POWER- CMED	4,17,21	d21acb34cc1857d77a01ba9c499b2dbce43ad125dec0afd933e79467e288747a	False	False	False		XNYM	FCMXSX	MWH	2026,2027,2028,2029,2030,2031	H2LF0,H2LF1,H2LF7,H2LF8
H2O	70	ready_non_test	68	WI	exact	68	NASDAQ VELES CALIFORNIA WATER INDEX FUTURES	4,17,21	d21acb34cc1857d77a01ba9c499b2dbce43ad125dec0afd933e79467e288747a	False	False	False		XCME	FFIXSX	IPNT	2026,2027,2028	H2OH7,H2OH8,H2OK6,H2OM6
H2X	7	ready_non_test	70	HW	exact	70	CME WEATHER FUTURES	4,17,21	d21acb34cc1857d77a01ba9c499b2dbce43ad125dec0afd933e79467e288747a	False	False	False		XCME	FCAXSX	IPNT	2027	H2XH7
H2Z	7	ready_non_test	70	HW	exact	70	CME WEATHER FUTURES	4,17,21	d21acb34cc1857d77a01ba9c499b2dbce43ad125dec0afd933e79467e288747a	False	False	False		XCME	FCAXSX	IPNT	2027	H2ZG7
H3	154	ready_non_test	70	HW	exact	70	CME WEATHER FUTURES	4,17,21	d21acb34cc1857d77a01ba9c499b2dbce43ad125dec0afd933e79467e288747a	False	False	False		XCME	FCAXSX	IPNT	2026,2027,2028,2029	H3F7,H3F8,H3F9,H3G7
H3X	7	ready_non_test	70	HW	exact	70	CME WEATHER FUTURES	4,17,21	d21acb34cc1857d77a01ba9c499b2dbce43ad125dec0afd933e79467e288747a	False	False	False		XCME	FCAXSX	IPNT	2027	H3XH7
H3Z	7	ready_non_test	70	HW	exact	70	CME WEATHER FUTURES	4,17,21	d21acb34cc1857d77a01ba9c499b2dbce43ad125dec0afd933e79467e288747a	False	False	False		XCME	FCAXSX	IPNT	2027	H3ZG7
H4	154	ready_non_test	70	HW	exact	70	CME WEATHER FUTURES	4,17,21	d21acb34cc1857d77a01ba9c499b2dbce43ad125dec0afd933e79467e288747a	False	False	False		XCME	FCAXSX	IPNT	2026,2027,2028,2029	H4F7,H4F8,H4F9,H4G7
H4X	7	ready_non_test	70	HW	exact	70	CME WEATHER FUTURES	4,17,21	d21acb34cc1857d77a01ba9c499b2dbce43ad125dec0afd933e79467e288747a	False	False	False		XCME	FCAXSX	IPNT	2027	H4XH7
H4Z	7	ready_non_test	70	HW	exact	70	CME WEATHER FUTURES	4,17,21	d21acb34cc1857d77a01ba9c499b2dbce43ad125dec0afd933e79467e288747a	False	False	False		XCME	FCAXSX	IPNT	2027	H4ZG7
H5	154	ready_non_test	70	HW	exact	70	CME WEATHER FUTURES	4,17,21	d21acb34cc1857d77a01ba9c499b2dbce43ad125dec0afd933e79467e288747a	False	False	False		XCME	FCAXSX	IPNT	2026,2027,2028,2029	H5F7,H5F8,H5F9,H5G7
H5B	455	ready_non_test	80	CP	exact	80	CPC-REFINED 2	4,17,21	d21acb34cc1857d77a01ba9c499b2dbce43ad125dec0afd933e79467e288747a	False	False	False		XNYM	FCMXSX	BBL	2026	H5BJ601,H5BJ602,H5BJ603,H5BJ606
H5F	315	ready_non_test	80	CP	exact	80	CPC-REFINED 2	4,17,21	d21acb34cc1857d77a01ba9c499b2dbce43ad125dec0afd933e79467e288747a	False	False	False		XNYM	FCMXSX	BBL	2026,2027,2028,2029	H5FF7,H5FF8,H5FF9,H5FG7
H5G	315	ready_non_test	80	CP	exact	80	CPC-REFINED 2	4,17,21	d21acb34cc1857d77a01ba9c499b2dbce43ad125dec0afd933e79467e288747a	False	False	False		XNYM	FCMXSX	BBL	2026,2027,2028,2029	H5GF7,H5GF8,H5GF9,H5GG7
H5L	476	ready_non_test	78	PW	exact	78	50 MW POWER- CMED	4,17,21	d21acb34cc1857d77a01ba9c499b2dbce43ad125dec0afd933e79467e288747a	False	False	False		XNYM	FCMXSX	MWH	2026,2027,2028,2029,2030,2031	H5LF0,H5LF1,H5LF7,H5LF8
H5X	7	ready_non_test	70	HW	exact	70	CME WEATHER FUTURES	4,17,21	d21acb34cc1857d77a01ba9c499b2dbce43ad125dec0afd933e79467e288747a	False	False	False		XCME	FCAXSX	IPNT	2027	H5XH7
H5Z	7	ready_non_test	70	HW	exact	70	CME WEATHER FUTURES	4,17,21	d21acb34cc1857d77a01ba9c499b2dbce43ad125dec0afd933e79467e288747a	False	False	False		XCME	FCAXSX	IPNT	2027	H5ZG7
H6	154	ready_non_test	70	HW	exact	70	CME WEATHER FUTURES	4,17,21	d21acb34cc1857d77a01ba9c499b2dbce43ad125dec0afd933e79467e288747a	False	False	False		XCME	FCAXSX	IPNT	2026,2027,2028,2029	H6F7,H6F8,H6F9,H6G7
H6X	7	ready_non_test	70	HW	exact	70	CME WEATHER FUTURES	4,17,21	d21acb34cc1857d77a01ba9c499b2dbce43ad125dec0afd933e79467e288747a	False	False	False		XCME	FCAXSX	IPNT	2027	H6XH7
H6Z	7	ready_non_test	70	HW	exact	70	CME WEATHER FUTURES	4,17,21	d21acb34cc1857d77a01ba9c499b2dbce43ad125dec0afd933e79467e288747a	False	False	False		XCME	FCAXSX	IPNT	2027	H6ZG7
H7	154	ready_non_test	70	HW	exact	70	CME WEATHER FUTURES	4,17,21	d21acb34cc1857d77a01ba9c499b2dbce43ad125dec0afd933e79467e288747a	False	False	False		XCME	FCAXSX	IPNT	2026,2027,2028,2029	H7F7,H7F8,H7F9,H7G7
H7X	7	ready_non_test	70	HW	exact	70	CME WEATHER FUTURES	4,17,21	d21acb34cc1857d77a01ba9c499b2dbce43ad125dec0afd933e79467e288747a	False	False	False		XCME	FCAXSX	IPNT	2027	H7XH7
H7Y	259	synthetic_no_ready	80	09	exact	80	SYNTHETIC CRUDE	2,4	bf10f1b3e23ad8320182b8dc97354d72ac617d87796ea55c0d14e6f5f2ae0fcc	False	False	False		XNYM	FCMXSX	MMBTU	2026,2027,2028,2029	H7YF7,H7YF8,H7YF9,H7YG7
H7Z	7	ready_non_test	70	HW	exact	70	CME WEATHER FUTURES	4,17,21	d21acb34cc1857d77a01ba9c499b2dbce43ad125dec0afd933e79467e288747a	False	False	False		XCME	FCAXSX	IPNT	2027	H7ZG7
H8U	70	synthetic_no_ready	78	08	exact	78	SYNTHETIC NYMEX	2,4	bf10f1b3e23ad8320182b8dc97354d72ac617d87796ea55c0d14e6f5f2ae0fcc	False	False	False		XNYM	FCMXSX	MMBTU	2026,2027,2028,2029,2030,2031,2032,2033,2034,2035	H8UX27,H8UX28,H8UX29,H8UX30
HBX	304	ready_non_test	80	CC	exact	80	REFINED FUTURES 	4,17,21	d21acb34cc1857d77a01ba9c499b2dbce43ad125dec0afd933e79467e288747a	False	False	False		XNYM	FCMXSX	BBL	2026,2027,2028,2029	HBXF7,HBXF8,HBXF9,HBXG7
HCS	84	ready_non_test	80	CC	exact	80	REFINED FUTURES 	4,17,21	d21acb34cc1857d77a01ba9c499b2dbce43ad125dec0afd933e79467e288747a	False	False	False		XNYM	FCMXSX	BBL	2026,2027,2028,2029,2030,2031	HCSM0,HCSM1,HCSM6,HCSM7
HCY	311	synthetic_no_ready	80	09	exact	80	SYNTHETIC CRUDE	2,4	bf10f1b3e23ad8320182b8dc97354d72ac617d87796ea55c0d14e6f5f2ae0fcc	False	False	False		XNYM	FCMXSX	BBL	2026,2027,2028,2029,2030	HCYF0,HCYF7,HCYF8,HCYF9
HDG	315	ready_non_test	78	HD	exact	78	US MIDWEST DOMESTIC STEEL FUTURES	4,17,21	d21acb34cc1857d77a01ba9c499b2dbce43ad125dec0afd933e79467e288747a	False	False	False		XCEC	FXXXSX	TON	2026,2027,2028,2029	HDGF7,HDGF8,HDGF9,HDGG7
HECP1	7	synthetic_no_ready	70	05	exact	70	SYNTHETIC CBOT/CME AGS	2,4	bf10f1b3e23ad8320182b8dc97354d72ac617d87796ea55c0d14e6f5f2ae0fcc	True	True	False		XCME	FFCXSX	IPNT	2099	HECP1Z99
HECPA	7	synthetic_no_ready	70	05	exact	70	SYNTHETIC CBOT/CME AGS	2,4	bf10f1b3e23ad8320182b8dc97354d72ac617d87796ea55c0d14e6f5f2ae0fcc	True	True	False		XCME	FFCXSX	IPNT	2099	HECPAZ99
HET	35	ready_non_test	70	TH	exact	70	TAS LIVESTOCK (CATTLE/HOG)	2,4,17,21	22ca3c61ed540d6cee73f29e1305741ff46155df90a755997ff25a7958c239ef	False	False	False		XCME	FCAXSX	LBS	2026	HETM6,HETN6,HETQ6,HETV6
HG0	14	ready_non_test	78	HT	exact	78	COPPER TAS (HGT)	2,4,17,21	0d9819bdaffeb47f8681bf17b2a7d4c72cfad244f375dbb8cee535d978dd8992	False	False	False		XCEC	FXXXSX	IPNT	2026	HG0J6,HG0K6
HGB	455	ready_non_test	80	CP	exact	80	CPC-REFINED 2	4,17,21	d21acb34cc1857d77a01ba9c499b2dbce43ad125dec0afd933e79467e288747a	False	False	False		XNYM	FCMXSX	BBL	2026	HGBJ601,HGBJ602,HGBJ603,HGBJ606
HGCP1	7	synthetic_no_ready	78	0D	exact	78	SYNTHETIC EOC METALS	2,4	bf10f1b3e23ad8320182b8dc97354d72ac617d87796ea55c0d14e6f5f2ae0fcc	True	True	False		XCEC	FXXXSX	IPNT	2099	HGCP1Z99
HGCPA	7	synthetic_no_ready	78	0D	exact	78	SYNTHETIC EOC METALS	2,4	bf10f1b3e23ad8320182b8dc97354d72ac617d87796ea55c0d14e6f5f2ae0fcc	True	True	False		XCEC	FXXXSX	IPNT	2099	HGCPAZ99
HGF	14	ready_non_test	78	TR	exact	78	TAM COPPER (HGF)	4,17,21	e9c75914a39ed110a42140e16ad999f70514728947b3df2722a56e45050948cc	False	False	False		XCEC	FXXXSX	LBS	2026	HGFK6,HGFN6
HGS	329	ready_non_test	78	HG	exact	78	COPPER FUTURES	4,17,21	d21acb34cc1857d77a01ba9c499b2dbce43ad125dec0afd933e79467e288747a	False	False	False		XCEC	FXXXSX	LBS	2026,2027,2028,2029,2030,2031	HGSF7,HGSF8,HGSF9,HGSG7
HGT	42	ready_non_test	78	HT	exact	78	COPPER TAS (HGT)	2,4,17,21	0d9819bdaffeb47f8681bf17b2a7d4c72cfad244f375dbb8cee535d978dd8992	False	False	False		XCEC	FXXXSX	LBS	2026,2027	HGTH7,HGTK6,HGTK7,HGTN6
HH	1064	ready_non_test	78	NG	exact	78	NATURAL GAS FUTURES	4,17,21	d21acb34cc1857d77a01ba9c499b2dbce43ad125dec0afd933e79467e288747a	False	False	False		XNYM	FCMXSX	MMBTU	2026,2027,2028,2029,2030,2031,2032,2033,2034,2035,2036,2037,2038	HHF30,HHF31,HHF32,HHF33
HH6	259	synthetic_no_ready	78	08	exact	78	SYNTHETIC NYMEX	2,4	bf10f1b3e23ad8320182b8dc97354d72ac617d87796ea55c0d14e6f5f2ae0fcc	False	False	False		XNYM	FCMXSX	MMBTU	2026,2027,2028,2029	HH6F7,HH6F8,HH6F9,HH6G7
HH8	259	synthetic_no_ready	78	08	exact	78	SYNTHETIC NYMEX	2,4	bf10f1b3e23ad8320182b8dc97354d72ac617d87796ea55c0d14e6f5f2ae0fcc	False	False	False		XNYM	FCMXSX	MMBTU	2026,2027,2028,2029	HH8F7,HH8F8,HH8F9,HH8G7
HHT	28	ready_non_test	78	NA	exact	78	NATURAL GAS TAS (NGT/NNT)	2,4,17,21	d2605472f625d89ee4f2207d7bfe77d5dc7d7f103cd8355242d1005aefe999e8	False	False	False		XNYM	FCMXSX	MMBTU	2026	HHTK6,HHTM6,HHTN6,HHTQ6
HHW	184	ready_non_test	78	NG	exact	78	NATURAL GAS FUTURES	4,17,21	d21acb34cc1857d77a01ba9c499b2dbce43ad125dec0afd933e79467e288747a	False	False	False		XNYM	FCMXSX	MMBTU	2026	HHWJ624,HHWK601,HHWK608,HHWK615
HIA	315	ready_non_test	80	CC	exact	80	REFINED FUTURES 	4,17,21	d21acb34cc1857d77a01ba9c499b2dbce43ad125dec0afd933e79467e288747a	False	False	False		XNYM	FCMXSX	BBL	2026,2027,2028,2029	HIAF7,HIAF8,HIAF9,HIAG7
HIL	651	ready_non_test	80	CC	exact	80	REFINED FUTURES 	4,17,21	d21acb34cc1857d77a01ba9c499b2dbce43ad125dec0afd933e79467e288747a	False	False	False		XNYM	FCMXSX	BBL	2026,2027,2028,2029,2030,2031,2032,2033	HILF0,HILF1,HILF2,HILF3
HJC	231	ready_non_test	80	RF	exact	80	CPC-REFIND	4,17,21	d21acb34cc1857d77a01ba9c499b2dbce43ad125dec0afd933e79467e288747a	False	False	False		XNYM	FCMXSX	MTONS	2026,2027,2028	HJCF7,HJCF8,HJCG7,HJCG8
HLT	304	ready_non_test	80	CC	exact	80	REFINED FUTURES 	4,17,21	d21acb34cc1857d77a01ba9c499b2dbce43ad125dec0afd933e79467e288747a	False	False	False		XNYM	FCMXSX	BBL	2026,2027,2028,2029	HLTF7,HLTF8,HLTF9,HLTG7
HOA	476	ready_non_test	78	PA	exact	78	CPC-POWER 2	4,17,21	d21acb34cc1857d77a01ba9c499b2dbce43ad125dec0afd933e79467e288747a	False	False	False		XNYM	FCMXSX	MWH	2026,2027,2028,2029,2030,2031	HOAF0,HOAF1,HOAF7,HOAF8
HOB	315	ready_non_test	80	RF	exact	80	CPC-REFIND	4,17,21	d21acb34cc1857d77a01ba9c499b2dbce43ad125dec0afd933e79467e288747a	False	False	False		XNYM	FCMXSX	BBL	2026,2027,2028,2029	HOBF7,HOBF8,HOBF9,HOBG7
HOCP1	7	synthetic_no_ready	80	09	exact	80	SYNTHETIC CRUDE	2,4	bf10f1b3e23ad8320182b8dc97354d72ac617d87796ea55c0d14e6f5f2ae0fcc	True	True	False		XNYM	FCMXSX	IPNT	2099	HOCP1Z99
HOCPA	7	synthetic_no_ready	80	09	exact	80	SYNTHETIC CRUDE	2,4	bf10f1b3e23ad8320182b8dc97354d72ac617d87796ea55c0d14e6f5f2ae0fcc	True	True	False		XNYM	FCMXSX	IPNT	2099	HOCPAZ99
HOL	28	ready_non_test	80	TM	exact	80	TAM LONDON FUTURES	4,17,21	c4baa816b11d072c0c4a418a7d6cfa3917d9c5a78c1a9098e78d8f6bd48707f8	False	False	False		XNYM	FCMXSX	GAL	2026	HOLK6,HOLM6,HOLN6,HOLQ6
HOT	56	ready_non_test	80	CT	exact	80	CRUDE/HEAT/RBOB TAS (CLT,HOT,RBT)	2,4,17,21	11258089b46320cec85e39bf95e564ec4ce751d6c884f9c4304fe393499c1be0	False	False	False		XNYM	FCMXSX	GAL	2026	HOTK6,HOTM6,HOTN6,HOTQ6
HP	476	ready_non_test	78	HX	exact	78	PER DAY HENRY HUB SWAP FUTURES	4,17,21	d21acb34cc1857d77a01ba9c499b2dbce43ad125dec0afd933e79467e288747a	False	False	False		XNYM	FCMXSX	MMBTU	2026,2027,2028,2029,2030,2031	HPF0,HPF1,HPF7,HPF8
HPD	294	ready_non_test	78	JR	exact	78	CPC-REFINED 3	4,17,21	d21acb34cc1857d77a01ba9c499b2dbce43ad125dec0afd933e79467e288747a	False	False	False		XNYM	FCMXSX	LBS	2026	HPDJ601,HPDJ602,HPDJ603,HPDJ606
HPE	175	ready_non_test	78	ZZ	exact	78	CPC-POWER/PETROCHEM	4,17,21	d21acb34cc1857d77a01ba9c499b2dbce43ad125dec0afd933e79467e288747a	False	False	False		XNYM	FCMXSX	LBS	2026,2027,2028	HPEF7,HPEF8,HPEG7,HPEG8
HQ	154	ready_non_test	70	HW	exact	70	CME WEATHER FUTURES	4,17,21	d21acb34cc1857d77a01ba9c499b2dbce43ad125dec0afd933e79467e288747a	False	False	False		XCME	FCAXSX	IPNT	2026,2027,2028,2029	HQF7,HQF8,HQF9,HQG7
HQX	7	ready_non_test	70	HW	exact	70	CME WEATHER FUTURES	4,17,21	d21acb34cc1857d77a01ba9c499b2dbce43ad125dec0afd933e79467e288747a	False	False	False		XCME	FCAXSX	IPNT	2027	HQXH7
HQZ	7	ready_non_test	70	HW	exact	70	CME WEATHER FUTURES	4,17,21	d21acb34cc1857d77a01ba9c499b2dbce43ad125dec0afd933e79467e288747a	False	False	False		XCME	FCAXSX	IPNT	2027	HQZG7
HR	154	ready_non_test	70	HW	exact	70	CME WEATHER FUTURES	4,17,21	d21acb34cc1857d77a01ba9c499b2dbce43ad125dec0afd933e79467e288747a	False	False	False		XCME	FCAXSX	IPNT	2026,2027,2028,2029	HRF7,HRF8,HRF9,HRG7
HRC	315	ready_non_test	78	HR	exact	78	US MIDWEST HOT ROLLED STEEL FUTURES	4,17,21	d21acb34cc1857d77a01ba9c499b2dbce43ad125dec0afd933e79467e288747a	False	False	False		XCEC	FXXXSX	TON	2026,2027,2028,2029	HRCF7,HRCF8,HRCF9,HRCG7
HRP	315	ready_non_test	78	ST	exact	78	FERROUS SCRAP/ALUMINA FUTURES	4,17,21	d21acb34cc1857d77a01ba9c499b2dbce43ad125dec0afd933e79467e288747a	False	False	False		XCEC	FXXXSX	TON	2026,2027,2028,2029	HRPF7,HRPF8,HRPF9,HRPG7
HRS	56	ready_non_test	70	WH	exact	70	HARD RED SPRING WHEAT FUTURES 	2,4,17,18,21,26	46e0628dad5ffa0eacddee698235dd76571392d552ef99bf3f71cd284465fcb8	False	False	False		XCBT	FCAXSX	BU	2026,2027	HRSH7,HRSK6,HRSK7,HRSN6
HRX	7	ready_non_test	70	HW	exact	70	CME WEATHER FUTURES	4,17,21	d21acb34cc1857d77a01ba9c499b2dbce43ad125dec0afd933e79467e288747a	False	False	False		XCME	FCAXSX	IPNT	2027	HRXH7
HRZ	7	ready_non_test	70	HW	exact	70	CME WEATHER FUTURES	4,17,21	d21acb34cc1857d77a01ba9c499b2dbce43ad125dec0afd933e79467e288747a	False	False	False		XCME	FCAXSX	IPNT	2027	HRZG7
HS	154	ready_non_test	70	HW	exact	70	CME WEATHER FUTURES	4,17,21	d21acb34cc1857d77a01ba9c499b2dbce43ad125dec0afd933e79467e288747a	False	False	False		XCME	FCAXSX	IPNT	2026,2027,2028,2029	HSF7,HSF8,HSF9,HSG7
HSX	7	ready_non_test	70	HW	exact	70	CME WEATHER FUTURES	4,17,21	d21acb34cc1857d77a01ba9c499b2dbce43ad125dec0afd933e79467e288747a	False	False	False		XCME	FCAXSX	IPNT	2027	HSXH7
HSZ	7	ready_non_test	70	HW	exact	70	CME WEATHER FUTURES	4,17,21	d21acb34cc1857d77a01ba9c499b2dbce43ad125dec0afd933e79467e288747a	False	False	False		XCME	FCAXSX	IPNT	2027	HSZG7
HTA	304	ready_non_test	80	CC	exact	80	REFINED FUTURES 	4,17,21	d21acb34cc1857d77a01ba9c499b2dbce43ad125dec0afd933e79467e288747a	False	False	False		XNYM	FCMXSX	BBL	2026,2027,2028,2029	HTAF7,HTAF8,HTAF9,HTAG7
HTB	357	ready_non_test	80	CC	exact	80	REFINED FUTURES 	4,17,21	d21acb34cc1857d77a01ba9c499b2dbce43ad125dec0afd933e79467e288747a	False	False	False		XNYM	FCMXSX	BBL	2026	HTBH626,HTBH627,HTBH630,HTBH631
HTT	640	ready_non_test	80	CC	exact	80	REFINED FUTURES 	4,17,21	d21acb34cc1857d77a01ba9c499b2dbce43ad125dec0afd933e79467e288747a	False	False	False		XNYM	FCMXSX	BBL	2026,2027,2028,2029,2030,2031,2032,2033	HTTF0,HTTF1,HTTF2,HTTF3
HUF	42	ready_non_test	88	FH	exact	88	HUNGARIAN FORINT FUTURES	4,17,21	d21acb34cc1857d77a01ba9c499b2dbce43ad125dec0afd933e79467e288747a	False	False	False		XCME	FFCXSX	HUF	2026,2027	HUFH7,HUFM6,HUFM7,HUFU6
HVG	315	ready_non_test	80	CP	exact	80	CPC-REFINED 2	4,17,21	d21acb34cc1857d77a01ba9c499b2dbce43ad125dec0afd933e79467e288747a	False	False	False		XNYM	FCMXSX	MTONS	2026,2027,2028,2029	HVGF7,HVGF8,HVGF9,HVGG7
HVO	315	ready_non_test	80	CP	exact	80	CPC-REFINED 2	4,17,21	d21acb34cc1857d77a01ba9c499b2dbce43ad125dec0afd933e79467e288747a	False	False	False		XNYM	FCMXSX	MTONS	2026,2027,2028,2029	HVOF7,HVOF8,HVOF9,HVOG7
HW	154	ready_non_test	70	HW	exact	70	CME WEATHER FUTURES	4,17,21	d21acb34cc1857d77a01ba9c499b2dbce43ad125dec0afd933e79467e288747a	False	False	False		XCME	FCAXSX	IPNT	2026,2027,2028,2029	HWF7,HWF8,HWF9,HWG7
HWA	476	ready_non_test	78	PA	exact	78	CPC-POWER 2	4,17,21	d21acb34cc1857d77a01ba9c499b2dbce43ad125dec0afd933e79467e288747a	False	False	False		XNYM	FCMXSX	MWH	2026,2027,2028,2029,2030,2031	HWAF0,HWAF1,HWAF7,HWAF8
HWX	7	ready_non_test	70	HW	exact	70	CME WEATHER FUTURES	4,17,21	d21acb34cc1857d77a01ba9c499b2dbce43ad125dec0afd933e79467e288747a	False	False	False		XCME	FCAXSX	IPNT	2027	HWXH7
HWZ	7	ready_non_test	70	HW	exact	70	CME WEATHER FUTURES	4,17,21	d21acb34cc1857d77a01ba9c499b2dbce43ad125dec0afd933e79467e288747a	False	False	False		XCME	FCAXSX	IPNT	2027	HWZG7
HYB	21	ready_non_test	84	CE	exact	84	BLOOMBERG CREDIT FUTURES (CE)	4,17,21	d21acb34cc1857d77a01ba9c499b2dbce43ad125dec0afd933e79467e288747a	False	False	False		XCBT	FFDXSX	IPNT	2026	HYBM6,HYBU6,HYBZ6
HYBCP1	7	synthetic_no_ready	84	06	exact	84	SYNTHETIC TREASURY SWAPS	2,4	bf10f1b3e23ad8320182b8dc97354d72ac617d87796ea55c0d14e6f5f2ae0fcc	True	True	False		XCBT	FCAXSX	IPNT	2099	HYBCP1Z99
HYBCPA	7	synthetic_no_ready	84	06	exact	84	SYNTHETIC TREASURY SWAPS	2,4	bf10f1b3e23ad8320182b8dc97354d72ac617d87796ea55c0d14e6f5f2ae0fcc	True	True	False		XCBT	FCAXSX	IPNT	2099	HYBCPAZ99
HYBT	21	ready_non_test	84	CG	exact	84	BTIC BLOOMBERG CREDIT FUTURES	4,17,21	cdfb6991d0a44427cfcfb9cdf2a11b9d54a2cb0241bb6153eb8a8cf0baed32dd	False	False	False		XCBT	FFDXSX	IPNT	2026	HYBTM6,HYBTU6,HYBTZ6
IBS	133	ready_non_test	80	BB	exact	80	BRENT PENTULTIMATE FINANCIAL FUTURES	4,17,21	d21acb34cc1857d77a01ba9c499b2dbce43ad125dec0afd933e79467e288747a	False	False	False		XNYM	FCMXSX	BBL	2026,2027	IBSF7,IBSG7,IBSH7,IBSJ6
IBV	28	ready_non_test	68	IB	exact	68	USD IBOVESPA INDEX FUTURES (IB)	4,17,21	d21acb34cc1857d77a01ba9c499b2dbce43ad125dec0afd933e79467e288747a	False	False	False		XCME	FFIXSX	IPNT	2026	IBVM6,IBVQ6,IBVV6,IBVZ6
IDL	469	ready_non_test	78	PW	exact	78	50 MW POWER- CMED	4,17,21	d21acb34cc1857d77a01ba9c499b2dbce43ad125dec0afd933e79467e288747a	False	False	False		XNYM	FCMXSX	MWH	2026	IDLJ621,IDLJ622,IDLJ623,IDLJ624
IDR	56	ready_non_test	88	6I	exact	88	RUPIAH/US DOLLAR (IDR/USD) FUTURES	4,17,21	d21acb34cc1857d77a01ba9c499b2dbce43ad125dec0afd933e79467e288747a	False	False	False		XCME	FFCXSX	IDR	2026,2027	IDRH7,IDRK6,IDRM6,IDRN6
ILS	42	ready_non_test	88	XI	exact	88	ISRAELI SHEKEL FUTURES	4,17,21	d21acb34cc1857d77a01ba9c499b2dbce43ad125dec0afd933e79467e288747a	False	False	False		XCME	FFCXSX	ILS	2026,2027	ILSH7,ILSM6,ILSM7,ILSU6
IPC	35	ready_non_test	68	MD	exact	68	E-MINI S&P/BMV IPC FUTURES	4,17,21	d21acb34cc1857d77a01ba9c499b2dbce43ad125dec0afd933e79467e288747a	False	False	False		XCME	FFIXSX	IPNT	2026,2027	IPCH7,IPCM6,IPCM7,IPCU6
IPCT	35	ready_non_test	68	MM	exact	68	BTIC MINI S&P/BMV IPC INDEX FUTURES	4,17,21	cdfb6991d0a44427cfcfb9cdf2a11b9d54a2cb0241bb6153eb8a8cf0baed32dd	False	False	False		XCME	FFIXSX	IPNT	2026,2027	IPCTH7,IPCTM6,IPCTM7,IPCTU6
IPF	91	ready_non_test	70	VO	exact	70	SOUTH ASIA SOYBEAN OIL FUTURES	4,17,21	d21acb34cc1857d77a01ba9c499b2dbce43ad125dec0afd933e79467e288747a	False	False	False		XCBT	FCAXSX	MTONS	2026,2027	IPFF7,IPFG7,IPFH7,IPFJ6
IPO	35	ready_non_test	68	IX	exact	68	MINI IPOX FUTURES	4,17,21	d21acb34cc1857d77a01ba9c499b2dbce43ad125dec0afd933e79467e288747a	False	False	False		XCME	FFIXSX	IPNT	2026,2027	IPOH7,IPOM6,IPOM7,IPOU6
IPS	28	ready_non_test	70	VO	exact	70	SOUTH ASIA SOYBEAN OIL FUTURES	4,17,21	d21acb34cc1857d77a01ba9c499b2dbce43ad125dec0afd933e79467e288747a	False	False	False		XCBT	FCAXSX	MTONS	2026,2027	IPSH7,IPSM6,IPSU6,IPSZ6
IPT	35	ready_non_test	68	IT	exact	68	BTIC MINI IPOX	4,17,21	cdfb6991d0a44427cfcfb9cdf2a11b9d54a2cb0241bb6153eb8a8cf0baed32dd	False	False	False		XCME	FFIXSX	IPNT	2026,2027	IPTH7,IPTM6,IPTM7,IPTU6
IQB	21	ready_non_test	84	CE	exact	84	BLOOMBERG CREDIT FUTURES (CE)	4,17,21	d21acb34cc1857d77a01ba9c499b2dbce43ad125dec0afd933e79467e288747a	False	False	False		XCBT	FFDXSX	IPNT	2026	IQBM6,IQBU6,IQBZ6
IQBCP1	7	synthetic_no_ready	84	06	exact	84	SYNTHETIC TREASURY SWAPS	2,4	bf10f1b3e23ad8320182b8dc97354d72ac617d87796ea55c0d14e6f5f2ae0fcc	True	True	False		XCBT	FCAXSX	IPNT	2099	IQBCP1Z99
IQBCPA	7	synthetic_no_ready	84	06	exact	84	SYNTHETIC TREASURY SWAPS	2,4	bf10f1b3e23ad8320182b8dc97354d72ac617d87796ea55c0d14e6f5f2ae0fcc	True	True	False		XCBT	FCAXSX	IPNT	2099	IQBCPAZ99
IQBT	21	ready_non_test	84	CG	exact	84	BTIC BLOOMBERG CREDIT FUTURES	4,17,21	cdfb6991d0a44427cfcfb9cdf2a11b9d54a2cb0241bb6153eb8a8cf0baed32dd	False	False	False		XCBT	FFDXSX	IPNT	2026	IQBTM6,IQBTU6,IQBTZ6
IQL	21	ready_non_test	84	CE	exact	84	BLOOMBERG CREDIT FUTURES (CE)	4,17,21	d21acb34cc1857d77a01ba9c499b2dbce43ad125dec0afd933e79467e288747a	False	False	False		XCBT	FFDXSX	IPNT	2026	IQLM6,IQLU6,IQLZ6
IQLT	21	ready_non_test	84	CG	exact	84	BTIC BLOOMBERG CREDIT FUTURES	4,17,21	cdfb6991d0a44427cfcfb9cdf2a11b9d54a2cb0241bb6153eb8a8cf0baed32dd	False	False	False		XCBT	FFDXSX	IPNT	2026	IQLTM6,IQLTU6,IQLTZ6
IQS	21	ready_non_test	84	CE	exact	84	BLOOMBERG CREDIT FUTURES (CE)	4,17,21	d21acb34cc1857d77a01ba9c499b2dbce43ad125dec0afd933e79467e288747a	False	False	False		XCBT	FFDXSX	IPNT	2026	IQSM6,IQSU6,IQSZ6
IQST	21	ready_non_test	84	CG	exact	84	BTIC BLOOMBERG CREDIT FUTURES	4,17,21	cdfb6991d0a44427cfcfb9cdf2a11b9d54a2cb0241bb6153eb8a8cf0baed32dd	False	False	False		XCBT	FFDXSX	IPNT	2026	IQSTM6,IQSTU6,IQSTZ6
IQY	21	ready_non_test	84	CE	exact	84	BLOOMBERG CREDIT FUTURES (CE)	4,17,21	d21acb34cc1857d77a01ba9c499b2dbce43ad125dec0afd933e79467e288747a	False	False	False		XCBT	FFDXSX	IPNT	2026	IQYM6,IQYU6,IQYZ6
IQYT	21	ready_non_test	84	CG	exact	84	BTIC BLOOMBERG CREDIT FUTURES	4,17,21	cdfb6991d0a44427cfcfb9cdf2a11b9d54a2cb0241bb6153eb8a8cf0baed32dd	False	False	False		XCBT	FFDXSX	IPNT	2026	IQYTM6,IQYTU6,IQYTZ6
IST	35	ready_non_test	68	H5	exact	68	BTIC S&P INSURANCE SELECT INDEX FUTURE	4,17,21	cdfb6991d0a44427cfcfb9cdf2a11b9d54a2cb0241bb6153eb8a8cf0baed32dd	False	False	False		XCME	FFIXSX	IPNT	2026,2027	ISTH7,ISTM6,ISTM7,ISTU6
ITB	231	ready_non_test	78	PW	exact	78	50 MW POWER- CMED	4,17,21	d21acb34cc1857d77a01ba9c499b2dbce43ad125dec0afd933e79467e288747a	False	False	False		XNYM	FCMXSX	MWH	2026,2027,2028	ITBF7,ITBF8,ITBG7,ITBG8
ITP	231	ready_non_test	78	PW	exact	78	50 MW POWER- CMED	4,17,21	d21acb34cc1857d77a01ba9c499b2dbce43ad125dec0afd933e79467e288747a	False	False	False		XNYM	FCMXSX	MWH	2026,2027,2028	ITPF7,ITPF8,ITPG7,ITPG8
J7	14	ready_non_test	88	6J	exact	88	JAPANESE YEN FUTURES/E-MICRO (M6J)	4,17,21	d21acb34cc1857d77a01ba9c499b2dbce43ad125dec0afd933e79467e288747a	False	False	False		XCME	FFCXSX	JPY	2026	J7M6,J7U6
JA	259	ready_non_test	80	PT	exact	80	CPC FUEL OIL (1)	4,17,21	d21acb34cc1857d77a01ba9c499b2dbce43ad125dec0afd933e79467e288747a	False	False	False		XNYM	FCMXSX	MTONS	2026,2027,2028,2029	JAF7,JAF8,JAF9,JAG7
JBK	175	ready_non_test	78	PW	exact	78	50 MW POWER- CMED	4,17,21	d21acb34cc1857d77a01ba9c499b2dbce43ad125dec0afd933e79467e288747a	False	False	False		XNYM	FCMXSX	MWH	2026,2027,2028	JBKF7,JBKF8,JBKG7,JBKG8
JBT	175	ready_non_test	78	PW	exact	78	50 MW POWER- CMED	4,17,21	d21acb34cc1857d77a01ba9c499b2dbce43ad125dec0afd933e79467e288747a	False	False	False		XNYM	FCMXSX	MWH	2026,2027,2028	JBTF7,JBTF8,JBTG7,JBTG8
JCB	490	ready_non_test	80	CC	exact	80	REFINED FUTURES 	4,17,21	d21acb34cc1857d77a01ba9c499b2dbce43ad125dec0afd933e79467e288747a	False	False	False		XNYM	FCMXSX	BBL	2026,2027,2028,2029,2030,2031	JCBF0,JCBF1,JCBF7,JCBF8
JCC	497	ready_non_test	80	CC	exact	80	REFINED FUTURES 	4,17,21	d21acb34cc1857d77a01ba9c499b2dbce43ad125dec0afd933e79467e288747a	False	False	False		XNYM	FCMXSX	BBL	2026,2027,2028,2029,2030,2031	JCCF0,JCCF1,JCCF7,JCCF8
JCY	497	ready_non_test	78	GU	exact	78	LNG EAST ASIA NAT GAS	4,17,21	d21acb34cc1857d77a01ba9c499b2dbce43ad125dec0afd933e79467e288747a	False	False	False		XNYM	FCMXSX	KL	2026,2027,2028,2029,2030,2031	JCYF0,JCYF1,JCYF7,JCYF8
JE	259	ready_non_test	80	CP	exact	80	CPC-REFINED 2	4,17,21	d21acb34cc1857d77a01ba9c499b2dbce43ad125dec0afd933e79467e288747a	False	False	False		XNYM	FCMXSX	GAL	2026,2027,2028,2029	JEF7,JEF8,JEF9,JEG7
JET	315	ready_non_test	80	RF	exact	80	CPC-REFIND	4,17,21	d21acb34cc1857d77a01ba9c499b2dbce43ad125dec0afd933e79467e288747a	False	False	False		XNYM	FCMXSX	GAL	2026,2027,2028,2029	JETF7,JETF8,JETF9,JETG7
JFB	588	ready_non_test	80	CP	exact	80	CPC-REFINED 2	4,17,21	d21acb34cc1857d77a01ba9c499b2dbce43ad125dec0afd933e79467e288747a	False	False	False		XNYM	FCMXSX	BBL	2026	JFBJ601,JFBJ602,JFBJ607,JFBJ608
JFC	175	ready_non_test	80	CP	exact	80	CPC-REFINED 2	4,17,21	d21acb34cc1857d77a01ba9c499b2dbce43ad125dec0afd933e79467e288747a	False	False	False		XNYM	FCMXSX	BBL	2026,2027,2028	JFCF7,JFCF8,JFCG7,JFCG8
JKB	217	ready_non_test	78	GU	exact	78	LNG EAST ASIA NAT GAS	4,17,21	d21acb34cc1857d77a01ba9c499b2dbce43ad125dec0afd933e79467e288747a	False	False	False		XNYM	FCMXSX	MMBTU	2026,2027,2028	JKBF7,JKBF8,JKBG7,JKBG8
JKD	147	ready_non_test	78	GU	exact	78	LNG EAST ASIA NAT GAS	4,17,21	d21acb34cc1857d77a01ba9c499b2dbce43ad125dec0afd933e79467e288747a	False	False	False		XNYM	FCMXSX	MMBTU	2026	JKDM601,JKDM602,JKDM603,JKDM604
JKF	217	ready_non_test	78	GU	exact	78	LNG EAST ASIA NAT GAS	4,17,21	d21acb34cc1857d77a01ba9c499b2dbce43ad125dec0afd933e79467e288747a	False	False	False		XNYM	FCMXSX	MMBTU	2026,2027,2028	JKFF7,JKFF8,JKFG7,JKFG8
JKM	469	ready_non_test	78	GU	exact	78	LNG EAST ASIA NAT GAS	4,17,21	d21acb34cc1857d77a01ba9c499b2dbce43ad125dec0afd933e79467e288747a	False	False	False		XNYM	FCMXSX	MMBTU	2026,2027,2028,2029,2030,2031	JKMF0,JKMF1,JKMF7,JKMF8
JKY	469	ready_non_test	78	GU	exact	78	LNG EAST ASIA NAT GAS	4,17,21	d21acb34cc1857d77a01ba9c499b2dbce43ad125dec0afd933e79467e288747a	False	False	False		XNYM	FCMXSX	MMBTU	2026,2027,2028,2029,2030,2031	JKYF0,JKYF1,JKYF7,JKYF8
JLC	490	ready_non_test	80	CC	exact	80	REFINED FUTURES 	4,17,21	d21acb34cc1857d77a01ba9c499b2dbce43ad125dec0afd933e79467e288747a	False	False	False		XNYM	FCMXSX	MTONS	2026,2027,2028,2029,2030,2031	JLCF0,JLCF1,JLCF7,JLCF8
JNC	147	ready_non_test	80	PT	exact	80	CPC FUEL OIL (1)	4,17,21	d21acb34cc1857d77a01ba9c499b2dbce43ad125dec0afd933e79467e288747a	False	False	False		XNYM	FCMXSX	BBL	2026,2027	JNCF7,JNCG7,JNCH7,JNCJ6
JNL	330	ready_non_test	78	PW	exact	78	50 MW POWER- CMED	4,17,21	d21acb34cc1857d77a01ba9c499b2dbce43ad125dec0afd933e79467e288747a	False	False	False		XNYM	FCMXSX	MWH	2026	JNLJ621,JNLJ622,JNLJ623,JNLJ624
JPK	175	ready_non_test	78	PW	exact	78	50 MW POWER- CMED	4,17,21	d21acb34cc1857d77a01ba9c499b2dbce43ad125dec0afd933e79467e288747a	False	False	False		XNYM	FCMXSX	MWH	2026,2027,2028	JPKF7,JPKF8,JPKG7,JPKG8
JPT	175	ready_non_test	78	PW	exact	78	50 MW POWER- CMED	4,17,21	d21acb34cc1857d77a01ba9c499b2dbce43ad125dec0afd933e79467e288747a	False	False	False		XNYM	FCMXSX	MWH	2026,2027,2028	JPTF7,JPTF8,JPTG7,JPTG8
JQ	175	synthetic_no_ready	70	05	exact	70	SYNTHETIC CBOT/CME AGS	2,4	bf10f1b3e23ad8320182b8dc97354d72ac617d87796ea55c0d14e6f5f2ae0fcc	False	False	False		XCME	FCAXSX	LBS	2026,2027,2028	JQF7,JQF8,JQG7,JQG8
JSB	595	ready_non_test	80	CP	exact	80	CPC-REFINED 2	4,17,21	d21acb34cc1857d77a01ba9c499b2dbce43ad125dec0afd933e79467e288747a	False	False	False		XNYM	FCMXSX	GAL	2026	JSBJ601,JSBJ602,JSBJ603,JSBJ606
JTB	287	ready_non_test	80	RF	exact	80	CPC-REFIND	4,17,21	d21acb34cc1857d77a01ba9c499b2dbce43ad125dec0afd933e79467e288747a	False	False	False		XNYM	FCMXSX	GAL	2026	JTBJ601,JTBJ602,JTBJ606,JTBJ607
K0	154	ready_non_test	70	HW	exact	70	CME WEATHER FUTURES	4,17,21	d21acb34cc1857d77a01ba9c499b2dbce43ad125dec0afd933e79467e288747a	False	False	False		XCME	FCAXSX	IPNT	2026,2027,2028,2029	K0J6,K0J7,K0J8,K0J9
K0K	7	ready_non_test	70	HW	exact	70	CME WEATHER FUTURES	4,17,21	d21acb34cc1857d77a01ba9c499b2dbce43ad125dec0afd933e79467e288747a	False	False	False		XCME	FCAXSX	IPNT	2026	K0KU6
K0N	7	ready_non_test	70	HW	exact	70	CME WEATHER FUTURES	4,17,21	d21acb34cc1857d77a01ba9c499b2dbce43ad125dec0afd933e79467e288747a	False	False	False		XCME	FCAXSX	IPNT	2026	K0NQ6
K1	154	ready_non_test	70	HW	exact	70	CME WEATHER FUTURES	4,17,21	d21acb34cc1857d77a01ba9c499b2dbce43ad125dec0afd933e79467e288747a	False	False	False		XCME	FCAXSX	IPNT	2026,2027,2028,2029	K1J6,K1J7,K1J8,K1J9
K1K	7	ready_non_test	70	HW	exact	70	CME WEATHER FUTURES	4,17,21	d21acb34cc1857d77a01ba9c499b2dbce43ad125dec0afd933e79467e288747a	False	False	False		XCME	FCAXSX	IPNT	2026	K1KU6
K1N	7	ready_non_test	70	HW	exact	70	CME WEATHER FUTURES	4,17,21	d21acb34cc1857d77a01ba9c499b2dbce43ad125dec0afd933e79467e288747a	False	False	False		XCME	FCAXSX	IPNT	2026	K1NQ6
K2	154	ready_non_test	70	HW	exact	70	CME WEATHER FUTURES	4,17,21	d21acb34cc1857d77a01ba9c499b2dbce43ad125dec0afd933e79467e288747a	False	False	False		XCME	FCAXSX	IPNT	2026,2027,2028,2029	K2J6,K2J7,K2J8,K2J9
K2K	7	ready_non_test	70	HW	exact	70	CME WEATHER FUTURES	4,17,21	d21acb34cc1857d77a01ba9c499b2dbce43ad125dec0afd933e79467e288747a	False	False	False		XCME	FCAXSX	IPNT	2026	K2KU6
K2L	476	ready_non_test	78	PW	exact	78	50 MW POWER- CMED	4,17,21	d21acb34cc1857d77a01ba9c499b2dbce43ad125dec0afd933e79467e288747a	False	False	False		XNYM	FCMXSX	MWH	2026,2027,2028,2029,2030,2031	K2LF0,K2LF1,K2LF7,K2LF8
K2N	7	ready_non_test	70	HW	exact	70	CME WEATHER FUTURES	4,17,21	d21acb34cc1857d77a01ba9c499b2dbce43ad125dec0afd933e79467e288747a	False	False	False		XCME	FCAXSX	IPNT	2026	K2NQ6
K3	154	ready_non_test	70	HW	exact	70	CME WEATHER FUTURES	4,17,21	d21acb34cc1857d77a01ba9c499b2dbce43ad125dec0afd933e79467e288747a	False	False	False		XCME	FCAXSX	IPNT	2026,2027,2028,2029	K3J6,K3J7,K3J8,K3J9
K3K	7	ready_non_test	70	HW	exact	70	CME WEATHER FUTURES	4,17,21	d21acb34cc1857d77a01ba9c499b2dbce43ad125dec0afd933e79467e288747a	False	False	False		XCME	FCAXSX	IPNT	2026	K3KU6
K3L	476	ready_non_test	78	PW	exact	78	50 MW POWER- CMED	4,17,21	d21acb34cc1857d77a01ba9c499b2dbce43ad125dec0afd933e79467e288747a	False	False	False		XNYM	FCMXSX	MWH	2026,2027,2028,2029,2030,2031	K3LF0,K3LF1,K3LF7,K3LF8
K3N	7	ready_non_test	70	HW	exact	70	CME WEATHER FUTURES	4,17,21	d21acb34cc1857d77a01ba9c499b2dbce43ad125dec0afd933e79467e288747a	False	False	False		XCME	FCAXSX	IPNT	2026	K3NQ6
K4	154	ready_non_test	70	HW	exact	70	CME WEATHER FUTURES	4,17,21	d21acb34cc1857d77a01ba9c499b2dbce43ad125dec0afd933e79467e288747a	False	False	False		XCME	FCAXSX	IPNT	2026,2027,2028,2029	K4J6,K4J7,K4J8,K4J9
K4K	7	ready_non_test	70	HW	exact	70	CME WEATHER FUTURES	4,17,21	d21acb34cc1857d77a01ba9c499b2dbce43ad125dec0afd933e79467e288747a	False	False	False		XCME	FCAXSX	IPNT	2026	K4KU6
K4L	476	ready_non_test	78	PW	exact	78	50 MW POWER- CMED	4,17,21	d21acb34cc1857d77a01ba9c499b2dbce43ad125dec0afd933e79467e288747a	False	False	False		XNYM	FCMXSX	MWH	2026,2027,2028,2029,2030,2031	K4LF0,K4LF1,K4LF7,K4LF8
K4N	7	ready_non_test	70	HW	exact	70	CME WEATHER FUTURES	4,17,21	d21acb34cc1857d77a01ba9c499b2dbce43ad125dec0afd933e79467e288747a	False	False	False		XCME	FCAXSX	IPNT	2026	K4NQ6
K5	154	ready_non_test	70	HW	exact	70	CME WEATHER FUTURES	4,17,21	d21acb34cc1857d77a01ba9c499b2dbce43ad125dec0afd933e79467e288747a	False	False	False		XCME	FCAXSX	IPNT	2026,2027,2028,2029	K5J6,K5J7,K5J8,K5J9
K5K	7	ready_non_test	70	HW	exact	70	CME WEATHER FUTURES	4,17,21	d21acb34cc1857d77a01ba9c499b2dbce43ad125dec0afd933e79467e288747a	False	False	False		XCME	FCAXSX	IPNT	2026	K5KU6
K5N	7	ready_non_test	70	HW	exact	70	CME WEATHER FUTURES	4,17,21	d21acb34cc1857d77a01ba9c499b2dbce43ad125dec0afd933e79467e288747a	False	False	False		XCME	FCAXSX	IPNT	2026	K5NQ6
K6	154	ready_non_test	70	HW	exact	70	CME WEATHER FUTURES	4,17,21	d21acb34cc1857d77a01ba9c499b2dbce43ad125dec0afd933e79467e288747a	False	False	False		XCME	FCAXSX	IPNT	2026,2027,2028,2029	K6J6,K6J7,K6J8,K6J9
K6K	7	ready_non_test	70	HW	exact	70	CME WEATHER FUTURES	4,17,21	d21acb34cc1857d77a01ba9c499b2dbce43ad125dec0afd933e79467e288747a	False	False	False		XCME	FCAXSX	IPNT	2026	K6KU6
K6N	7	ready_non_test	70	HW	exact	70	CME WEATHER FUTURES	4,17,21	d21acb34cc1857d77a01ba9c499b2dbce43ad125dec0afd933e79467e288747a	False	False	False		XCME	FCAXSX	IPNT	2026	K6NQ6
K6S	7	synthetic_no_ready	70	05	exact	70	SYNTHETIC CBOT/CME AGS	2,4	bf10f1b3e23ad8320182b8dc97354d72ac617d87796ea55c0d14e6f5f2ae0fcc	False	False	False		XCBT	FCAXSX	BU	2026	K6SZ6
K7	154	ready_non_test	70	HW	exact	70	CME WEATHER FUTURES	4,17,21	d21acb34cc1857d77a01ba9c499b2dbce43ad125dec0afd933e79467e288747a	False	False	False		XCME	FCAXSX	IPNT	2026,2027,2028,2029	K7J6,K7J7,K7J8,K7J9
K7K	7	ready_non_test	70	HW	exact	70	CME WEATHER FUTURES	4,17,21	d21acb34cc1857d77a01ba9c499b2dbce43ad125dec0afd933e79467e288747a	False	False	False		XCME	FCAXSX	IPNT	2026	K7KU6
K7N	7	ready_non_test	70	HW	exact	70	CME WEATHER FUTURES	4,17,21	d21acb34cc1857d77a01ba9c499b2dbce43ad125dec0afd933e79467e288747a	False	False	False		XCME	FCAXSX	IPNT	2026	K7NQ6
KC7	38	synthetic_no_ready	70	05	exact	70	SYNTHETIC CBOT/CME AGS	2,4	bf10f1b3e23ad8320182b8dc97354d72ac617d87796ea55c0d14e6f5f2ae0fcc	False	False	False		XCBT	FCAXSX	BU	2026,2027	KC7H7,KC7K6,KC7K7,KC7N6
KCD10	14	synthetic_no_ready	68	0B	exact	68	SYNTHETIC EQUITY	2,4	bf10f1b3e23ad8320182b8dc97354d72ac617d87796ea55c0d14e6f5f2ae0fcc	False	False	False		XCBT	FFIXSX	IPNT	2026	KCD10M6,KCD10U6
KCD11	14	synthetic_no_ready	68	0B	exact	68	SYNTHETIC EQUITY	2,4	bf10f1b3e23ad8320182b8dc97354d72ac617d87796ea55c0d14e6f5f2ae0fcc	False	False	False		XCBT	FFIXSX	IPNT	2026	KCD11M6,KCD11U6
KCD13	14	synthetic_no_ready	68	0B	exact	68	SYNTHETIC EQUITY	2,4	bf10f1b3e23ad8320182b8dc97354d72ac617d87796ea55c0d14e6f5f2ae0fcc	False	False	False		XCBT	FFIXSX	IPNT	2026	KCD13M6,KCD13U6
KCD15	14	synthetic_no_ready	68	0B	exact	68	SYNTHETIC EQUITY	2,4	bf10f1b3e23ad8320182b8dc97354d72ac617d87796ea55c0d14e6f5f2ae0fcc	False	False	False		XCBT	FFIXSX	IPNT	2026	KCD15M6,KCD15U6
KCN10	35	synthetic_no_ready	68	0B	exact	68	SYNTHETIC EQUITY	2,4	bf10f1b3e23ad8320182b8dc97354d72ac617d87796ea55c0d14e6f5f2ae0fcc	False	False	False		XCME	FFIXSX	IPNT	2026,2027	KCN10H7,KCN10M6,KCN10M7,KCN10U6
KCN11	35	synthetic_no_ready	68	0B	exact	68	SYNTHETIC EQUITY	2,4	bf10f1b3e23ad8320182b8dc97354d72ac617d87796ea55c0d14e6f5f2ae0fcc	False	False	False		XCME	FFIXSX	IPNT	2026,2027	KCN11H7,KCN11M6,KCN11M7,KCN11U6
KCN13	35	synthetic_no_ready	68	0B	exact	68	SYNTHETIC EQUITY	2,4	bf10f1b3e23ad8320182b8dc97354d72ac617d87796ea55c0d14e6f5f2ae0fcc	False	False	False		XCME	FFIXSX	IPNT	2026,2027	KCN13H7,KCN13M6,KCN13M7,KCN13U6
KCN15	35	synthetic_no_ready	68	0B	exact	68	SYNTHETIC EQUITY	2,4	bf10f1b3e23ad8320182b8dc97354d72ac617d87796ea55c0d14e6f5f2ae0fcc	False	False	False		XCME	FFIXSX	IPNT	2026,2027	KCN15H7,KCN15M6,KCN15M7,KCN15U6
KCR10	14	synthetic_no_ready	68	0B	exact	68	SYNTHETIC EQUITY	2,4	bf10f1b3e23ad8320182b8dc97354d72ac617d87796ea55c0d14e6f5f2ae0fcc	False	False	False		XCME	FFIXSX	IPNT	2026	KCR10M6,KCR10U6
KCR11	14	synthetic_no_ready	68	0B	exact	68	SYNTHETIC EQUITY	2,4	bf10f1b3e23ad8320182b8dc97354d72ac617d87796ea55c0d14e6f5f2ae0fcc	False	False	False		XCME	FFIXSX	IPNT	2026	KCR11M6,KCR11U6
KCR13	14	synthetic_no_ready	68	0B	exact	68	SYNTHETIC EQUITY	2,4	bf10f1b3e23ad8320182b8dc97354d72ac617d87796ea55c0d14e6f5f2ae0fcc	False	False	False		XCME	FFIXSX	IPNT	2026	KCR13M6,KCR13U6
KCR15	14	synthetic_no_ready	68	0B	exact	68	SYNTHETIC EQUITY	2,4	bf10f1b3e23ad8320182b8dc97354d72ac617d87796ea55c0d14e6f5f2ae0fcc	False	False	False		XCME	FFIXSX	IPNT	2026	KCR15M6,KCR15U6
KECP1	7	synthetic_no_ready	70	05	exact	70	SYNTHETIC CBOT/CME AGS	2,4	bf10f1b3e23ad8320182b8dc97354d72ac617d87796ea55c0d14e6f5f2ae0fcc	True	True	False		XCBT	FCAXSX	IPNT	2099	KECP1Z99
KECPA	7	synthetic_no_ready	70	05	exact	70	SYNTHETIC CBOT/CME AGS	2,4	bf10f1b3e23ad8320182b8dc97354d72ac617d87796ea55c0d14e6f5f2ae0fcc	True	True	False		XCBT	FCAXSX	IPNT	2099	KECPAZ99
KET	35	ready_non_test	70	TW	exact	70	TAS WHEAT (SRW/HRW)	2,4,17,21	6592464f0a5c9f4c0c225dc775eba2a7d761fd8e9468de13ad328db269cfe853	False	False	False		XCBT	FCAXSX	BU	2026,2027	KETH7,KETK6,KETN6,KETU6
KNS	7	synthetic_no_ready	70	05	exact	70	SYNTHETIC CBOT/CME AGS	2,4	bf10f1b3e23ad8320182b8dc97354d72ac617d87796ea55c0d14e6f5f2ae0fcc	False	False	False		XCBT	FCAXSX	BU	2026	KNSN6
KP	154	ready_non_test	70	HW	exact	70	CME WEATHER FUTURES	4,17,21	d21acb34cc1857d77a01ba9c499b2dbce43ad125dec0afd933e79467e288747a	False	False	False		XCME	FCAXSX	IPNT	2026,2027,2028,2029	KPJ6,KPJ7,KPJ8,KPJ9
KPK	7	ready_non_test	70	HW	exact	70	CME WEATHER FUTURES	4,17,21	d21acb34cc1857d77a01ba9c499b2dbce43ad125dec0afd933e79467e288747a	False	False	False		XCME	FCAXSX	IPNT	2026	KPKU6
KPN	7	ready_non_test	70	HW	exact	70	CME WEATHER FUTURES	4,17,21	d21acb34cc1857d77a01ba9c499b2dbce43ad125dec0afd933e79467e288747a	False	False	False		XCME	FCAXSX	IPNT	2026	KPNQ6
KQ	154	ready_non_test	70	HW	exact	70	CME WEATHER FUTURES	4,17,21	d21acb34cc1857d77a01ba9c499b2dbce43ad125dec0afd933e79467e288747a	False	False	False		XCME	FCAXSX	IPNT	2026,2027,2028,2029	KQJ6,KQJ7,KQJ8,KQJ9
KQK	7	ready_non_test	70	HW	exact	70	CME WEATHER FUTURES	4,17,21	d21acb34cc1857d77a01ba9c499b2dbce43ad125dec0afd933e79467e288747a	False	False	False		XCME	FCAXSX	IPNT	2026	KQKU6
KQN	7	ready_non_test	70	HW	exact	70	CME WEATHER FUTURES	4,17,21	d21acb34cc1857d77a01ba9c499b2dbce43ad125dec0afd933e79467e288747a	False	False	False		XCME	FCAXSX	IPNT	2026	KQNQ6
KR	154	ready_non_test	70	HW	exact	70	CME WEATHER FUTURES	4,17,21	d21acb34cc1857d77a01ba9c499b2dbce43ad125dec0afd933e79467e288747a	False	False	False		XCME	FCAXSX	IPNT	2026,2027,2028,2029	KRJ6,KRJ7,KRJ8,KRJ9
KRK	7	ready_non_test	70	HW	exact	70	CME WEATHER FUTURES	4,17,21	d21acb34cc1857d77a01ba9c499b2dbce43ad125dec0afd933e79467e288747a	False	False	False		XCME	FCAXSX	IPNT	2026	KRKU6
KRN	7	ready_non_test	70	HW	exact	70	CME WEATHER FUTURES	4,17,21	d21acb34cc1857d77a01ba9c499b2dbce43ad125dec0afd933e79467e288747a	False	False	False		XCME	FCAXSX	IPNT	2026	KRNQ6
KRW	108	ready_non_test	88	6K	exact	88	KOREAN WON FUTURES	4,17,21	d21acb34cc1857d77a01ba9c499b2dbce43ad125dec0afd933e79467e288747a	False	False	False		XCME	FFCXSX	KRW	2026,2027	KRWF7,KRWG7,KRWH7,KRWJ6
KS	154	ready_non_test	70	HW	exact	70	CME WEATHER FUTURES	4,17,21	d21acb34cc1857d77a01ba9c499b2dbce43ad125dec0afd933e79467e288747a	False	False	False		XCME	FCAXSX	IPNT	2026,2027,2028,2029	KSJ6,KSJ7,KSJ8,KSJ9
KSK	7	ready_non_test	70	HW	exact	70	CME WEATHER FUTURES	4,17,21	d21acb34cc1857d77a01ba9c499b2dbce43ad125dec0afd933e79467e288747a	False	False	False		XCME	FCAXSX	IPNT	2026	KSKU6
KSN	7	ready_non_test	70	HW	exact	70	CME WEATHER FUTURES	4,17,21	d21acb34cc1857d77a01ba9c499b2dbce43ad125dec0afd933e79467e288747a	False	False	False		XCME	FCAXSX	IPNT	2026	KSNQ6
KT	66	ready_non_test	78	KT	exact	78	COFFEE FUTURES	4,17,21	d21acb34cc1857d77a01ba9c499b2dbce43ad125dec0afd933e79467e288747a	False	False	False		XNYM	FCAXSX	LBS	2026,2027,2028	KTH7,KTH8,KTK6,KTK7
KW	154	ready_non_test	70	HW	exact	70	CME WEATHER FUTURES	4,17,21	d21acb34cc1857d77a01ba9c499b2dbce43ad125dec0afd933e79467e288747a	False	False	False		XCME	FCAXSX	IPNT	2026,2027,2028,2029	KWJ6,KWJ7,KWJ8,KWJ9
KW1	77	synthetic_no_ready	70	05	exact	70	SYNTHETIC CBOT/CME AGS	2,4	bf10f1b3e23ad8320182b8dc97354d72ac617d87796ea55c0d14e6f5f2ae0fcc	False	False	False		XCBT	FCAXSX	BU	2026,2027,2028	KW1H7,KW1H8,KW1K7,KW1K8
KWD	35	ready_non_test	70	KE	exact	70	KCBT WHEAT FUTURES	2,4,17,18,21,26	46e0628dad5ffa0eacddee698235dd76571392d552ef99bf3f71cd284465fcb8	False	False	False		XCBT	FCAXSX	MTONS	2026,2027	KWDH7,KWDK7,KWDU6,KWDU7
KWK	7	ready_non_test	70	HW	exact	70	CME WEATHER FUTURES	4,17,21	d21acb34cc1857d77a01ba9c499b2dbce43ad125dec0afd933e79467e288747a	False	False	False		XCME	FCAXSX	IPNT	2026	KWKU6
KWN	7	ready_non_test	70	HW	exact	70	CME WEATHER FUTURES	4,17,21	d21acb34cc1857d77a01ba9c499b2dbce43ad125dec0afd933e79467e288747a	False	False	False		XCME	FCAXSX	IPNT	2026	KWNQ6
KYC10	17	synthetic_no_ready	80	09	exact	80	SYNTHETIC CRUDE	2,4	bf10f1b3e23ad8320182b8dc97354d72ac617d87796ea55c0d14e6f5f2ae0fcc	False	False	False		XNYM	FCMXSX	BBL	2026	KYC10K6,KYC10M6,KYC10N6
KYC11	17	synthetic_no_ready	80	09	exact	80	SYNTHETIC CRUDE	2,4	bf10f1b3e23ad8320182b8dc97354d72ac617d87796ea55c0d14e6f5f2ae0fcc	False	False	False		XNYM	FCMXSX	BBL	2026	KYC11K6,KYC11M6,KYC11N6
KYC13	17	synthetic_no_ready	80	09	exact	80	SYNTHETIC CRUDE	2,4	bf10f1b3e23ad8320182b8dc97354d72ac617d87796ea55c0d14e6f5f2ae0fcc	False	False	False		XNYM	FCMXSX	BBL	2026	KYC13K6,KYC13M6,KYC13N6
KYC15	17	synthetic_no_ready	80	09	exact	80	SYNTHETIC CRUDE	2,4	bf10f1b3e23ad8320182b8dc97354d72ac617d87796ea55c0d14e6f5f2ae0fcc	False	False	False		XNYM	FCMXSX	BBL	2026	KYC15K6,KYC15M6,KYC15N6
KYC16	17	synthetic_no_ready	80	09	exact	80	SYNTHETIC CRUDE	2,4	bf10f1b3e23ad8320182b8dc97354d72ac617d87796ea55c0d14e6f5f2ae0fcc	False	False	False		XNYM	FCMXSX	BBL	2026	KYC16K6,KYC16M6,KYC16N6
KYG10	21	synthetic_no_ready	78	0D	exact	78	SYNTHETIC EOC METALS	2,4	bf10f1b3e23ad8320182b8dc97354d72ac617d87796ea55c0d14e6f5f2ae0fcc	False	False	False		XCEC	FXXXSX	TRYOZ	2026	KYG10J6,KYG10M6,KYG10Q6
KYG11	21	synthetic_no_ready	78	0D	exact	78	SYNTHETIC EOC METALS	2,4	bf10f1b3e23ad8320182b8dc97354d72ac617d87796ea55c0d14e6f5f2ae0fcc	False	False	False		XCEC	FXXXSX	TRYOZ	2026	KYG11J6,KYG11M6,KYG11Q6
KYG13	21	synthetic_no_ready	78	0D	exact	78	SYNTHETIC EOC METALS	2,4	bf10f1b3e23ad8320182b8dc97354d72ac617d87796ea55c0d14e6f5f2ae0fcc	False	False	False		XCEC	FXXXSX	TRYOZ	2026	KYG13J6,KYG13M6,KYG13Q6
KYG15	21	synthetic_no_ready	78	0D	exact	78	SYNTHETIC EOC METALS	2,4	bf10f1b3e23ad8320182b8dc97354d72ac617d87796ea55c0d14e6f5f2ae0fcc	False	False	False		XCEC	FXXXSX	TRYOZ	2026	KYG15J6,KYG15M6,KYG15Q6
KYG16	21	synthetic_no_ready	78	0D	exact	78	SYNTHETIC EOC METALS	2,4	bf10f1b3e23ad8320182b8dc97354d72ac617d87796ea55c0d14e6f5f2ae0fcc	False	False	False		XCEC	FXXXSX	TRYOZ	2026	KYG16J6,KYG16M6,KYG16Q6
KYH10	21	synthetic_no_ready	78	08	exact	78	SYNTHETIC NYMEX	2,4	bf10f1b3e23ad8320182b8dc97354d72ac617d87796ea55c0d14e6f5f2ae0fcc	False	False	False		XNYM	FCMXSX	MMBTU	2026	KYH10K6,KYH10M6,KYH10N6
KYH11	21	synthetic_no_ready	78	08	exact	78	SYNTHETIC NYMEX	2,4	bf10f1b3e23ad8320182b8dc97354d72ac617d87796ea55c0d14e6f5f2ae0fcc	False	False	False		XNYM	FCMXSX	MMBTU	2026	KYH11K6,KYH11M6,KYH11N6
KYH13	21	synthetic_no_ready	78	08	exact	78	SYNTHETIC NYMEX	2,4	bf10f1b3e23ad8320182b8dc97354d72ac617d87796ea55c0d14e6f5f2ae0fcc	False	False	False		XNYM	FCMXSX	MMBTU	2026	KYH13K6,KYH13M6,KYH13N6
KYH15	21	synthetic_no_ready	78	08	exact	78	SYNTHETIC NYMEX	2,4	bf10f1b3e23ad8320182b8dc97354d72ac617d87796ea55c0d14e6f5f2ae0fcc	False	False	False		XNYM	FCMXSX	MMBTU	2026	KYH15K6,KYH15M6,KYH15N6
KYH16	21	synthetic_no_ready	78	08	exact	78	SYNTHETIC NYMEX	2,4	bf10f1b3e23ad8320182b8dc97354d72ac617d87796ea55c0d14e6f5f2ae0fcc	False	False	False		XNYM	FCMXSX	MMBTU	2026	KYH16K6,KYH16M6,KYH16N6
KYP10	35	synthetic_no_ready	64	0C	exact	64	SYNTHETIC EOC VES	2,4	bf10f1b3e23ad8320182b8dc97354d72ac617d87796ea55c0d14e6f5f2ae0fcc	False	False	False		XCME	FFIXSX	IPNT	2026,2027	KYP10H7,KYP10M6,KYP10M7,KYP10U6
KYP11	35	synthetic_no_ready	64	0C	exact	64	SYNTHETIC EOC VES	2,4	bf10f1b3e23ad8320182b8dc97354d72ac617d87796ea55c0d14e6f5f2ae0fcc	False	False	False		XCME	FFIXSX	IPNT	2026,2027	KYP11H7,KYP11M6,KYP11M7,KYP11U6
KYP13	35	synthetic_no_ready	64	0C	exact	64	SYNTHETIC EOC VES	2,4	bf10f1b3e23ad8320182b8dc97354d72ac617d87796ea55c0d14e6f5f2ae0fcc	False	False	False		XCME	FFIXSX	IPNT	2026,2027	KYP13H7,KYP13M6,KYP13M7,KYP13U6
KYP15	35	synthetic_no_ready	64	0C	exact	64	SYNTHETIC EOC VES	2,4	bf10f1b3e23ad8320182b8dc97354d72ac617d87796ea55c0d14e6f5f2ae0fcc	False	False	False		XCME	FFIXSX	IPNT	2026,2027	KYP15H7,KYP15M6,KYP15M7,KYP15U6
KZS	7	synthetic_no_ready	70	05	exact	70	SYNTHETIC CBOT/CME AGS	2,4	bf10f1b3e23ad8320182b8dc97354d72ac617d87796ea55c0d14e6f5f2ae0fcc	False	False	False		XCBT	FCAXSX	BU	2026	KZSZ6
LAF	476	ready_non_test	78	PA	exact	78	CPC-POWER 2	4,17,21	d21acb34cc1857d77a01ba9c499b2dbce43ad125dec0afd933e79467e288747a	False	False	False		XNYM	FCMXSX	MWH	2026	LAFJ620,LAFJ621,LAFJ622,LAFJ623
LAP	403	ready_non_test	78	PA	exact	78	CPC-POWER 2	4,17,21	d21acb34cc1857d77a01ba9c499b2dbce43ad125dec0afd933e79467e288747a	False	False	False		XNYM	FCMXSX	MWH	2026	LAPJ620,LAPJ621,LAPJ622,LAPJ623
LAV	63	ready_non_test	70	HI	exact	70	REAL ESTATE FUTURES (HI)	4,17,21	44772dac78c8996d61f13a1e1a1f407b108e2cd891310bfb868c0cff5f35bed9	False	False	False		XCME	FCAXSX	IPNT	2026,2027,2028,2029,2030,2031	LAVG0,LAVG1,LAVG7,LAVG8
LAX	63	ready_non_test	70	HI	exact	70	REAL ESTATE FUTURES (HI)	4,17,21	44772dac78c8996d61f13a1e1a1f407b108e2cd891310bfb868c0cff5f35bed9	False	False	False		XCME	FCAXSX	IPNT	2026,2027,2028,2029,2030,2031	LAXG0,LAXG1,LAXG7,LAXG8
LBR	49	ready_non_test	70	LU	exact	70	LUMBER FUTURES	4,17,21	a46184322c8d1bddd1a66e9f3adc582c1fd1ab4f41959fc8defb1a0cafbbcca3	False	False	False		XCME	FCAXSX	BDFT	2026,2027	LBRF7,LBRH7,LBRK6,LBRK7
LBU	91	ready_non_test	80	CP	exact	80	CPC-REFINED 2	4,17,21	d21acb34cc1857d77a01ba9c499b2dbce43ad125dec0afd933e79467e288747a	False	False	False		XNYM	FCMXSX	LBS	2026,2027	LBUF7,LBUG7,LBUH7,LBUJ6
LCS	161	ready_non_test	78	VX	exact	78	NYMEX ENVIRONMENTAL FUTURES	4,17,21	d21acb34cc1857d77a01ba9c499b2dbce43ad125dec0afd933e79467e288747a	False	False	False		XNYM	FCXXSX	ENVCRD	2026,2027,2028,2029	LCSF7,LCSG7,LCSH7,LCSJ6
LECP1	7	synthetic_no_ready	70	05	exact	70	SYNTHETIC CBOT/CME AGS	2,4	bf10f1b3e23ad8320182b8dc97354d72ac617d87796ea55c0d14e6f5f2ae0fcc	True	True	False		XCME	FFCXSX	IPNT	2099	LECP1Z99
LECPA	7	synthetic_no_ready	70	05	exact	70	SYNTHETIC CBOT/CME AGS	2,4	bf10f1b3e23ad8320182b8dc97354d72ac617d87796ea55c0d14e6f5f2ae0fcc	True	True	False		XCME	FFCXSX	IPNT	2099	LECPAZ99
LED	91	ready_non_test	78	LD	exact	78	LEAD FUTURES	4,17,21	d21acb34cc1857d77a01ba9c499b2dbce43ad125dec0afd933e79467e288747a	False	False	False		XCEC	FXXXSX	MTONS	2026,2027	LEDF7,LEDG7,LEDH7,LEDJ6
LEL	294	ready_non_test	78	JR	exact	78	CPC-REFINED 3	4,17,21	d21acb34cc1857d77a01ba9c499b2dbce43ad125dec0afd933e79467e288747a	False	False	False		XNYM	FCMXSX	LBS	2026	LELJ601,LELJ602,LELJ603,LELJ606
LET	35	ready_non_test	70	TH	exact	70	TAS LIVESTOCK (CATTLE/HOG)	2,4,17,21	22ca3c61ed540d6cee73f29e1305741ff46155df90a755997ff25a7958c239ef	False	False	False		XCME	FCAXSX	LBS	2026,2027	LETG7,LETM6,LETQ6,LETV6
LHS	227	synthetic_no_ready	80	09	exact	80	SYNTHETIC CRUDE	2,4	bf10f1b3e23ad8320182b8dc97354d72ac617d87796ea55c0d14e6f5f2ae0fcc	False	False	False		XNYM	FCMXSX	BBL	2026,2027,2028,2029	LHSF7,LHSF8,LHSF9,LHSG7
LHV	210	ready_non_test	78	ZZ	exact	78	CPC-POWER/PETROCHEM	4,17,21	d21acb34cc1857d77a01ba9c499b2dbce43ad125dec0afd933e79467e288747a	False	False	False		XNYM	FCMXSX	KW-M	2026,2027,2028	LHVF7,LHVF8,LHVG7,LHVG8
LL	259	ready_non_test	80	CP	exact	80	CPC-REFINED 2	4,17,21	d21acb34cc1857d77a01ba9c499b2dbce43ad125dec0afd933e79467e288747a	False	False	False		XNYM	FCMXSX	GAL	2026,2027,2028,2029	LLF7,LLF8,LLF9,LLG7
LNB	80	ready_non_test	74	L6	exact	74	BTIC LINK FUTURES NY SETTLE	4,17,18,21	b5ee68de53f90e83228077b7e8799e4fb9c85a2725c7b28c697b92267b066227	False	False	False		XCME	FFIXSX	IPNT	2026,2027	LNBH7,LNBJ6,LNBK6,LNBM6
LNG	728	ready_non_test	78	LN	exact	78	US LNG EXPORT FUTURES	4,17,21	d21acb34cc1857d77a01ba9c499b2dbce43ad125dec0afd933e79467e288747a	False	False	False		XNYM	FCMXSX	MMBTU	2026,2027,2028	LNG1F7,LNG1F8,LNG1G7,LNG1G8
LNK	80	ready_non_test	74	LK	exact	74	LINK FUTURES	4,17,18,21	663f83ffd1aa628cfdbfc2e47d7611b9ef0bb37b4771a2e31354e32b0c9f1c64	False	False	False		XCME	FFIXSX	IPNT	2026,2027	LNKH7,LNKJ6,LNKK6,LNKM6
LP	154	ready_non_test	70	HW	exact	70	CME WEATHER FUTURES	4,17,21	d21acb34cc1857d77a01ba9c499b2dbce43ad125dec0afd933e79467e288747a	False	False	False		XCME	FCAXSX	IPNT	2026,2027,2028,2029	LPF7,LPF8,LPF9,LPG7
LPE	175	ready_non_test	78	JR	exact	78	CPC-REFINED 3	4,17,21	d21acb34cc1857d77a01ba9c499b2dbce43ad125dec0afd933e79467e288747a	False	False	False		XNYM	FCMXSX	LBS	2026,2027,2028	LPEF7,LPEF8,LPEG7,LPEG8
LPX	7	ready_non_test	70	HW	exact	70	CME WEATHER FUTURES	4,17,21	d21acb34cc1857d77a01ba9c499b2dbce43ad125dec0afd933e79467e288747a	False	False	False		XCME	FCAXSX	IPNT	2027	LPXH7
LPZ	7	ready_non_test	70	HW	exact	70	CME WEATHER FUTURES	4,17,21	d21acb34cc1857d77a01ba9c499b2dbce43ad125dec0afd933e79467e288747a	False	False	False		XCME	FCAXSX	IPNT	2027	LPZG7
LSW	469	ready_non_test	80	CC	exact	80	REFINED FUTURES 	4,17,21	d21acb34cc1857d77a01ba9c499b2dbce43ad125dec0afd933e79467e288747a	False	False	False		XNYM	FCMXSX	BBL	2026,2027,2028,2029,2030,2031	LSWF0,LSWF1,LSWF7,LSWF8
LT	315	ready_non_test	80	PT	exact	80	CPC FUEL OIL (1)	4,17,21	d21acb34cc1857d77a01ba9c499b2dbce43ad125dec0afd933e79467e288747a	False	False	False		XNYM	FCMXSX	GAL	2026,2027,2028,2029	LTF7,LTF8,LTF9,LTG7
LTC	231	ready_non_test	78	LI	exact	78	LITHIUM FUTURES	4,17,21	d21acb34cc1857d77a01ba9c499b2dbce43ad125dec0afd933e79467e288747a	False	False	False		XCEC	FXXXSX	KG	2026,2027,2028	LTCF7,LTCF8,LTCG7,LTCG8
LTH	231	ready_non_test	78	LI	exact	78	LITHIUM FUTURES	4,17,21	d21acb34cc1857d77a01ba9c499b2dbce43ad125dec0afd933e79467e288747a	False	False	False		XCEC	FXXXSX	KG	2026,2027,2028	LTHF7,LTHF8,LTHG7,LTHG8
LYB	80	ready_non_test	74	L6	exact	74	BTIC LINK FUTURES NY SETTLE	4,17,18,21	b5ee68de53f90e83228077b7e8799e4fb9c85a2725c7b28c697b92267b066227	False	False	False		XCME	FFIXSX	IPNT	2026,2027	LYBH7,LYBJ6,LYBK6,LYBM6
M1B	259	ready_non_test	80	RF	exact	80	CPC-REFIND	4,17,21	d21acb34cc1857d77a01ba9c499b2dbce43ad125dec0afd933e79467e288747a	False	False	False		XNYM	FCMXSX	MTONS	2026,2027,2028,2029	M1BF7,M1BF8,M1BF9,M1BG7
M35	259	ready_non_test	80	RF	exact	80	CPC-REFIND	4,17,21	d21acb34cc1857d77a01ba9c499b2dbce43ad125dec0afd933e79467e288747a	False	False	False		XNYM	FCMXSX	MTONS	2026,2027,2028,2029	M35F7,M35F8,M35F9,M35G7
MAA	91	ready_non_test	78	ZZ	exact	78	CPC-POWER/PETROCHEM	4,17,21	d21acb34cc1857d77a01ba9c499b2dbce43ad125dec0afd933e79467e288747a	False	False	False		XNYM	FCMXSX	MTONS	2026,2027	MAAF7,MAAG7,MAAH7,MAAJ7
MAB	315	ready_non_test	80	CC	exact	80	REFINED FUTURES 	4,17,21	d21acb34cc1857d77a01ba9c499b2dbce43ad125dec0afd933e79467e288747a	False	False	False		XNYM	FCMXSX	BBL	2026,2027,2028,2029	MABF7,MABF8,MABF9,MABG7
MAC	315	ready_non_test	80	RF	exact	80	CPC-REFIND	4,17,21	d21acb34cc1857d77a01ba9c499b2dbce43ad125dec0afd933e79467e288747a	False	False	False		XNYM	FCMXSX	MTONS	2026,2027,2028,2029	MACF7,MACF8,MACF9,MACG7
MAE	259	ready_non_test	78	JR	exact	78	CPC-REFINED 3	4,17,21	d21acb34cc1857d77a01ba9c499b2dbce43ad125dec0afd933e79467e288747a	False	False	False		XNYM	FCMXSX	MTONS	2026,2027,2028,2029	MAEF7,MAEF8,MAEF9,MAEG7
MAF	483	ready_non_test	80	RF	exact	80	CPC-REFIND	4,17,21	d21acb34cc1857d77a01ba9c499b2dbce43ad125dec0afd933e79467e288747a	False	False	False		XNYM	FCMXSX	MTONS	2026,2027,2028,2029,2030,2031	MAFF0,MAFF1,MAFF7,MAFF8
MAS	259	ready_non_test	78	JR	exact	78	CPC-REFINED 3	4,17,21	d21acb34cc1857d77a01ba9c499b2dbce43ad125dec0afd933e79467e288747a	False	False	False		XNYM	FCMXSX	MTONS	2026,2027,2028,2029	MASF7,MASF8,MASF9,MASG7
MBA	140	ready_non_test	78	ZZ	exact	78	CPC-POWER/PETROCHEM	4,17,21	d21acb34cc1857d77a01ba9c499b2dbce43ad125dec0afd933e79467e288747a	False	False	False		XNYM	FCMXSX	MTONS	2026,2027	MBAF7,MBAG7,MBAH7,MBAJ7
MBB	287	ready_non_test	78	JR	exact	78	CPC-REFINED 3	4,17,21	d21acb34cc1857d77a01ba9c499b2dbce43ad125dec0afd933e79467e288747a	False	False	False		XNYM	FCMXSX	LBS	2026	MBBJ601,MBBJ602,MBBJ606,MBBJ607
MBC	567	ready_non_test	80	CC	exact	80	REFINED FUTURES 	4,17,21	d21acb34cc1857d77a01ba9c499b2dbce43ad125dec0afd933e79467e288747a	False	False	False		XNYM	FCMXSX	BBL	2026,2027,2028,2029,2030,2031,2032	MBCF0,MBCF1,MBCF2,MBCF7
MBE	231	ready_non_test	78	ZZ	exact	78	CPC-POWER/PETROCHEM	4,17,21	d21acb34cc1857d77a01ba9c499b2dbce43ad125dec0afd933e79467e288747a	False	False	False		XNYM	FCMXSX	LBS	2026,2027,2028	MBEF7,MBEF8,MBEG7,MBEG8
MBL	315	ready_non_test	78	ZZ	exact	78	CPC-POWER/PETROCHEM	4,17,21	d21acb34cc1857d77a01ba9c499b2dbce43ad125dec0afd933e79467e288747a	False	False	False		XNYM	FCMXSX	GAL	2026,2027,2028,2029	MBLF7,MBLF8,MBLF9,MBLG7
MBM	304	ready_non_test	80	CC	exact	80	REFINED FUTURES 	4,17,21	d21acb34cc1857d77a01ba9c499b2dbce43ad125dec0afd933e79467e288747a	False	False	False		XNYM	FCMXSX	BBL	2026,2027,2028,2029	MBMF7,MBMF8,MBMF9,MBMG7
MBO	588	ready_non_test	80	PT	exact	80	CPC FUEL OIL (1)	4,17,21	d21acb34cc1857d77a01ba9c499b2dbce43ad125dec0afd933e79467e288747a	False	False	False		XNYM	FCMXSX	MTONS	2026	MBOJ601,MBOJ602,MBOJ607,MBOJ608
MBR	231	ready_non_test	78	ZZ	exact	78	CPC-POWER/PETROCHEM	4,17,21	d21acb34cc1857d77a01ba9c499b2dbce43ad125dec0afd933e79467e288747a	False	False	False		XNYM	FCMXSX	LBS	2026,2027,2028	MBRF7,MBRF8,MBRG7,MBRG8
MBS	595	ready_non_test	80	PT	exact	80	CPC FUEL OIL (1)	4,17,21	d21acb34cc1857d77a01ba9c499b2dbce43ad125dec0afd933e79467e288747a	False	False	False		XNYM	FCMXSX	BBL	2026	MBSJ601,MBSJ602,MBSJ603,MBSJ606
MCA	80	ready_non_test	74	CN	exact	74	ADA FUTURES	4,17,18,21	663f83ffd1aa628cfdbfc2e47d7611b9ef0bb37b4771a2e31354e32b0c9f1c64	False	False	False		XCME	FFIXSX	IPNT	2026,2027	MCAH7,MCAJ6,MCAK6,MCAM6
MCB	588	ready_non_test	80	PT	exact	80	CPC FUEL OIL (1)	4,17,21	d21acb34cc1857d77a01ba9c499b2dbce43ad125dec0afd933e79467e288747a	False	False	False		XNYM	FCMXSX	MTONS	2026	MCBJ601,MCBJ602,MCBJ607,MCBJ608
MCD	14	ready_non_test	88	6C	exact	88	CANADIAN DOLLAR FUTURES/E-MICRO (M6C)	4,17,21	d21acb34cc1857d77a01ba9c499b2dbce43ad125dec0afd933e79467e288747a	False	False	False		XCME	FFCXSX	CAD	2026	MCDM6,MCDU6
MCE	588	ready_non_test	80	PT	exact	80	CPC FUEL OIL (1)	4,17,21	d21acb34cc1857d77a01ba9c499b2dbce43ad125dec0afd933e79467e288747a	False	False	False		XNYM	FCMXSX	BBL	2026	MCEJ601,MCEJ602,MCEJ607,MCEJ608
MCF	315	ready_non_test	80	PT	exact	80	CPC FUEL OIL (1)	4,17,21	d21acb34cc1857d77a01ba9c499b2dbce43ad125dec0afd933e79467e288747a	False	False	False		XNYM	FCMXSX	MTONS	2026,2027,2028,2029	MCFF7,MCFF8,MCFF9,MCFG7
MCN	588	ready_non_test	80	PT	exact	80	CPC FUEL OIL (1)	4,17,21	d21acb34cc1857d77a01ba9c499b2dbce43ad125dec0afd933e79467e288747a	False	False	False		XNYM	FCMXSX	MTONS	2026	MCNJ601,MCNJ602,MCNJ607,MCNJ608
MCS	315	ready_non_test	80	PT	exact	80	CPC FUEL OIL (1)	4,17,21	d21acb34cc1857d77a01ba9c499b2dbce43ad125dec0afd933e79467e288747a	False	False	False		XNYM	FCMXSX	MTONS	2026,2027,2028,2029	MCSF7,MCSF8,MCSF9,MCSG7
MCT	87	ready_non_test	80	CT	exact	80	CRUDE/HEAT/RBOB TAS (CLT,HOT,RBT)	2,4,17,21	11258089b46320cec85e39bf95e564ec4ce751d6c884f9c4304fe393499c1be0	False	False	False		XNYM	FCMXSX	BBL	2026,2027	MCTF7,MCTG7,MCTH7,MCTJ7
MDB	315	ready_non_test	80	CC	exact	80	REFINED FUTURES 	4,17,21	d21acb34cc1857d77a01ba9c499b2dbce43ad125dec0afd933e79467e288747a	False	False	False		XNYM	FCMXSX	BBL	2026,2027,2028,2029	MDBF7,MDBF8,MDBF9,MDBG7
MDZ	427	synthetic_no_ready	78	08	exact	78	SYNTHETIC NYMEX	2,4	bf10f1b3e23ad8320182b8dc97354d72ac617d87796ea55c0d14e6f5f2ae0fcc	False	False	False		XNYM	FCMXSX	MMBTU	2026,2027,2028,2029,2030,2031	MDZF0,MDZF1,MDZF7,MDZF8
ME	315	ready_non_test	80	PT	exact	80	CPC FUEL OIL (1)	4,17,21	d21acb34cc1857d77a01ba9c499b2dbce43ad125dec0afd933e79467e288747a	False	False	False		XNYM	FCMXSX	GAL	2026,2027,2028,2029	MEF7,MEF8,MEF9,MEG7
MEB	588	ready_non_test	80	PT	exact	80	CPC FUEL OIL (1)	4,17,21	d21acb34cc1857d77a01ba9c499b2dbce43ad125dec0afd933e79467e288747a	False	False	False		XNYM	FCMXSX	MTONS	2026	MEBJ601,MEBJ602,MEBJ607,MEBJ608
MEE	588	ready_non_test	80	RF	exact	80	CPC-REFIND	4,17,21	d21acb34cc1857d77a01ba9c499b2dbce43ad125dec0afd933e79467e288747a	False	False	False		XNYM	FCMXSX	MTONS	2026	MEEJ601,MEEJ602,MEEJ607,MEEJ608
MEF	483	ready_non_test	80	RF	exact	80	CPC-REFIND	4,17,21	d21acb34cc1857d77a01ba9c499b2dbce43ad125dec0afd933e79467e288747a	False	False	False		XNYM	FCMXSX	MTONS	2026,2027,2028,2029,2030,2031	MEFF0,MEFF1,MEFF7,MEFF8
MEO	315	ready_non_test	80	RF	exact	80	CPC-REFIND	4,17,21	d21acb34cc1857d77a01ba9c499b2dbce43ad125dec0afd933e79467e288747a	False	False	False		XNYM	FCMXSX	MTONS	2026,2027,2028,2029	MEOF7,MEOF8,MEOF9,MEOG7
MEW	483	ready_non_test	80	PT	exact	80	CPC FUEL OIL (1)	4,17,21	d21acb34cc1857d77a01ba9c499b2dbce43ad125dec0afd933e79467e288747a	False	False	False		XNYM	FCMXSX	MTONS	2026,2027,2028,2029,2030,2031	MEWF0,MEWF1,MEWF7,MEWF8
MFB	371	ready_non_test	80	PT	exact	80	CPC FUEL OIL (1)	4,17,21	d21acb34cc1857d77a01ba9c499b2dbce43ad125dec0afd933e79467e288747a	False	False	False		XNYM	FCMXSX	BBL	2026,2027,2028,2029,2030	MFBF0,MFBF7,MFBF8,MFBF9
MFC	91	ready_non_test	70	UF	exact	70	CBOT UREA FOB FUTURES	4,17,21	d21acb34cc1857d77a01ba9c499b2dbce43ad125dec0afd933e79467e288747a	False	False	False		XCBT	FCAXSX	MTONS	2026,2027	MFCF7,MFCG7,MFCH7,MFCJ6
MFD	259	ready_non_test	80	CP	exact	80	CPC-REFINED 2	4,17,21	d21acb34cc1857d77a01ba9c499b2dbce43ad125dec0afd933e79467e288747a	False	False	False		XNYM	FCMXSX	MTONS	2026,2027,2028,2029	MFDF7,MFDF8,MFDF9,MFDG7
MFP	231	ready_non_test	80	RF	exact	80	CPC-REFIND	4,17,21	d21acb34cc1857d77a01ba9c499b2dbce43ad125dec0afd933e79467e288747a	False	False	False		XNYM	FCMXSX	MTONS	2026,2027,2028	MFPF7,MFPF8,MFPG7,MFPG8
MFR	315	ready_non_test	80	RF	exact	80	CPC-REFIND	4,17,21	d21acb34cc1857d77a01ba9c499b2dbce43ad125dec0afd933e79467e288747a	False	False	False		XNYM	FCMXSX	MTONS	2026,2027,2028,2029	MFRF7,MFRF8,MFRF9,MFRG7
MFV	91	ready_non_test	70	UA	exact	70	10 TON UREA US GULF FUTURES	4,17,21	bdc90cebb2a7cfa2f58e4a5929800b29f4980bbaab28e0b087051fe9911a6401	False	False	False		XCBT	FCAXSX	TON	2026,2027	MFVF7,MFVG7,MFVH7,MFVJ6
MGB	231	ready_non_test	80	CP	exact	80	CPC-REFINED 2	4,17,21	d21acb34cc1857d77a01ba9c499b2dbce43ad125dec0afd933e79467e288747a	False	False	False		XNYM	FCMXSX	MTONS	2026,2027,2028	MGBF7,MGBF8,MGBG7,MGBG8
MGE	43	ready_non_test	84	MR	exact	84	30-YR CONFORMING FIXED MORTGAGE RATE INDEX FUTURES	4,17,21	d21acb34cc1857d77a01ba9c499b2dbce43ad125dec0afd933e79467e288747a	False	False	False		XCBT	FFDXSX	USD	2026	MGEK6,MGEM6,MGEN6,MGEQ6
MGF	231	ready_non_test	80	CP	exact	80	CPC-REFINED 2	4,17,21	d21acb34cc1857d77a01ba9c499b2dbce43ad125dec0afd933e79467e288747a	False	False	False		XNYM	FCMXSX	MTONS	2026,2027,2028	MGFF7,MGFF8,MGFG7,MGFG8
MGH	259	ready_non_test	80	RF	exact	80	CPC-REFIND	4,17,21	d21acb34cc1857d77a01ba9c499b2dbce43ad125dec0afd933e79467e288747a	False	False	False		XNYM	FCMXSX	BBL	2026,2027,2028,2029	MGHF7,MGHF8,MGHF9,MGHG7
MGN	231	ready_non_test	80	CP	exact	80	CPC-REFINED 2	4,17,21	d21acb34cc1857d77a01ba9c499b2dbce43ad125dec0afd933e79467e288747a	False	False	False		XNYM	FCMXSX	MTONS	2026,2027,2028	MGNF7,MGNF8,MGNG7,MGNG8
MGS	595	ready_non_test	80	PT	exact	80	CPC FUEL OIL (1)	4,17,21	d21acb34cc1857d77a01ba9c499b2dbce43ad125dec0afd933e79467e288747a	False	False	False		XNYM	FCMXSX	MTONS	2026	MGSJ601,MGSJ602,MGSJ603,MGSJ606
MGT	35	ready_non_test	78	TG	exact	78	GOLD TAS (GCT)	2,4,17,21	41c40dc1587e857c98b9e0b068c3ae4d6c991dab3c43f0c23b4ce392af313e6a	False	False	False		XCEC	FXXXSX	TRYOZ	2026,2027	MGTG7,MGTM6,MGTQ6,MGTV6
MH	259	ready_non_test	80	CP	exact	80	CPC-REFINED 2	4,17,21	d21acb34cc1857d77a01ba9c499b2dbce43ad125dec0afd933e79467e288747a	False	False	False		XNYM	FCMXSX	GAL	2026,2027,2028,2029	MHF7,MHF8,MHF9,MHG7
MHE	84	ready_non_test	80	PT	exact	80	CPC FUEL OIL (1)	4,17,21	d21acb34cc1857d77a01ba9c499b2dbce43ad125dec0afd933e79467e288747a	False	False	False		XNYM	FCMXSX	MTONS	2026,2027	MHEF7,MHEG7,MHEH7,MHEJ6
MHO	91	ready_non_test	80	CL	exact	80	CRUDE/HEAT/RBOB/NY ULSD	4,17,21	d21acb34cc1857d77a01ba9c499b2dbce43ad125dec0afd933e79467e288747a	False	False	False		XNYM	FCMXSX	GAL	2026,2027	MHOF7,MHOG7,MHOH7,MHOJ7
MHT	42	ready_non_test	78	HT	exact	78	COPPER TAS (HGT)	2,4,17,21	0d9819bdaffeb47f8681bf17b2a7d4c72cfad244f375dbb8cee535d978dd8992	False	False	False		XCEC	FXXXSX	LBS	2026,2027	MHTH7,MHTK6,MHTK7,MHTN6
MIA	63	ready_non_test	70	HI	exact	70	REAL ESTATE FUTURES (HI)	4,17,21	44772dac78c8996d61f13a1e1a1f407b108e2cd891310bfb868c0cff5f35bed9	False	False	False		XCME	FCAXSX	IPNT	2026,2027,2028,2029,2030,2031	MIAG0,MIAG1,MIAG7,MIAG8
MIB	80	ready_non_test	74	BX	exact	74	BTIC BITCOIN FUTURES	4,17,18,21	76d40ec0092782f161fe4e033a835c82afa0f7226b017419e8b793564cc8b804	False	False	False		XCME	FFIXSX	IPNT	2026,2027	MIBH7,MIBJ6,MIBK6,MIBM6
MIP	242	ready_non_test	78	PW	exact	78	50 MW POWER- CMED	4,17,21	d21acb34cc1857d77a01ba9c499b2dbce43ad125dec0afd933e79467e288747a	False	False	False		XNYM	FCMXSX	MWH	2026	MIPJ621,MIPJ622,MIPJ623,MIPJ624
MIR	91	ready_non_test	88	6P	exact	88	RUPEE FUTURES/E-MICRO (MIR)	4,17,21	d21acb34cc1857d77a01ba9c499b2dbce43ad125dec0afd933e79467e288747a	False	False	False		XCME	FFCXSX	INR	2026,2027	MIRF7,MIRG7,MIRH7,MIRJ6
MJB	231	ready_non_test	80	CP	exact	80	CPC-REFINED 2	4,17,21	d21acb34cc1857d77a01ba9c499b2dbce43ad125dec0afd933e79467e288747a	False	False	False		XNYM	FCMXSX	MTONS	2026,2027,2028	MJBF7,MJBF8,MJBG7,MJBG8
MJC	231	ready_non_test	80	RF	exact	80	CPC-REFIND	4,17,21	d21acb34cc1857d77a01ba9c499b2dbce43ad125dec0afd933e79467e288747a	False	False	False		XNYM	FCMXSX	MTONS	2026,2027,2028	MJCF7,MJCF8,MJCG7,MJCG8
MJN	259	ready_non_test	80	RF	exact	80	CPC-REFIND	4,17,21	d21acb34cc1857d77a01ba9c499b2dbce43ad125dec0afd933e79467e288747a	False	False	False		XNYM	FCMXSX	MTONS	2026,2027,2028,2029	MJNF7,MJNF8,MJNF9,MJNG7
MJP	231	ready_non_test	78	ST	exact	78	FERROUS SCRAP/ALUMINA FUTURES	4,17,21	d21acb34cc1857d77a01ba9c499b2dbce43ad125dec0afd933e79467e288747a	False	False	False		XCEC	FXXXSX	MTONS	2026,2027,2028	MJPF7,MJPF8,MJPG7,MJPG8
MJY	14	ready_non_test	88	6J	exact	88	JAPANESE YEN FUTURES/E-MICRO (M6J)	4,17,21	d21acb34cc1857d77a01ba9c499b2dbce43ad125dec0afd933e79467e288747a	False	False	False		XCME	FFCXSX	JPY	2026	MJYM6,MJYU6
MKC	84	ready_non_test	70	MH	exact	70	KCBT MINI WHEAT FUTURES	2,4,17,18,21,26	46e0628dad5ffa0eacddee698235dd76571392d552ef99bf3f71cd284465fcb8	False	False	False		XCBT	FCAXSX	BU	2026,2027,2028	MKCH7,MKCH8,MKCK6,MKCK7
MLN	80	ready_non_test	74	LK	exact	74	LINK FUTURES	4,17,18,21	663f83ffd1aa628cfdbfc2e47d7611b9ef0bb37b4771a2e31354e32b0c9f1c64	False	False	False		XCME	FFIXSX	IPNT	2026,2027	MLNH7,MLNJ6,MLNK6,MLNM6
MM	371	ready_non_test	80	PT	exact	80	CPC FUEL OIL (1)	4,17,21	d21acb34cc1857d77a01ba9c499b2dbce43ad125dec0afd933e79467e288747a	False	False	False		XNYM	FCMXSX	BBL	2026,2027,2028,2029,2030	MMF0,MMF7,MMF8,MMF9
MMC	35	ready_non_test	68	ME	exact	68	MINI S&P MIDCAP FUTURES	4,17,21	d21acb34cc1857d77a01ba9c499b2dbce43ad125dec0afd933e79467e288747a	False	False	False		XCME	FFIXSX	IPNT	2026,2027	MMCH7,MMCM6,MMCM7,MMCU6
MMF	259	ready_non_test	80	CP	exact	80	CPC-REFINED 2	4,17,21	d21acb34cc1857d77a01ba9c499b2dbce43ad125dec0afd933e79467e288747a	False	False	False		XNYM	FCMXSX	MTONS	2026,2027,2028,2029	MMFF7,MMFF8,MMFF9,MMFG7
MMO	349	ready_non_test	78	PW	exact	78	50 MW POWER- CMED	4,17,21	d21acb34cc1857d77a01ba9c499b2dbce43ad125dec0afd933e79467e288747a	False	False	False		XNYM	FCMXSX	MWH	2026	MMOJ621,MMOJ622,MMOJ623,MMOJ624
MMP	242	ready_non_test	78	PW	exact	78	50 MW POWER- CMED	4,17,21	d21acb34cc1857d77a01ba9c499b2dbce43ad125dec0afd933e79467e288747a	False	False	False		XNYM	FCMXSX	MWH	2026	MMPJ621,MMPJ622,MMPJ623,MMPJ624
MMR	356	ready_non_test	78	PW	exact	78	50 MW POWER- CMED	4,17,21	d21acb34cc1857d77a01ba9c499b2dbce43ad125dec0afd933e79467e288747a	False	False	False		XNYM	FCMXSX	MWH	2026	MMRJ620,MMRJ621,MMRJ622,MMRJ623
MNB	399	ready_non_test	78	ZZ	exact	78	CPC-POWER/PETROCHEM	4,17,21	d21acb34cc1857d77a01ba9c499b2dbce43ad125dec0afd933e79467e288747a	False	False	False		XNYM	FCMXSX	GAL	2026,2027,2028,2029,2030	MNBF0,MNBF7,MNBF8,MNBF9
MNC	259	ready_non_test	80	RF	exact	80	CPC-REFIND	4,17,21	d21acb34cc1857d77a01ba9c499b2dbce43ad125dec0afd933e79467e288747a	False	False	False		XNYM	FCMXSX	MTONS	2026,2027,2028,2029	MNCF7,MNCF8,MNCF9,MNCG7
MNI	14	ready_non_test	68	N1	exact	68	NIKKEI 225 FUTURES (JPY)	4,17,21	d21acb34cc1857d77a01ba9c499b2dbce43ad125dec0afd933e79467e288747a	False	False	False		XCME	FFIXSX	JPY	2026	MNIM6,MNIU6
MNK	14	ready_non_test	68	NK	exact	68	NIKKEI 225 FUTURES (USD)	4,17,21	d21acb34cc1857d77a01ba9c499b2dbce43ad125dec0afd933e79467e288747a	False	False	False		XCME	FFIXSX	IPNT	2026	MNKM6,MNKU6
MNS	147	ready_non_test	80	RF	exact	80	CPC-REFIND	4,17,21	d21acb34cc1857d77a01ba9c499b2dbce43ad125dec0afd933e79467e288747a	False	False	False		XNYM	FCMXSX	MTONS	2026,2027	MNSF7,MNSG7,MNSH7,MNSJ6
MNT	256	ready_non_test	78	PW	exact	78	50 MW POWER- CMED	4,17,21	d21acb34cc1857d77a01ba9c499b2dbce43ad125dec0afd933e79467e288747a	False	False	False		XNYM	FCMXSX	MWH	2026	MNTJ617,MNTJ620,MNTJ621,MNTJ622
MO	472	ready_non_test	80	CC	exact	80	REFINED FUTURES 	4,17,21	d21acb34cc1857d77a01ba9c499b2dbce43ad125dec0afd933e79467e288747a	False	False	False		XNYM	FCMXSX	BBL	2026,2027,2028,2029,2030,2031	MOF0,MOF1,MOF7,MOF8
MOI	349	ready_non_test	78	PW	exact	78	50 MW POWER- CMED	4,17,21	d21acb34cc1857d77a01ba9c499b2dbce43ad125dec0afd933e79467e288747a	False	False	False		XNYM	FCMXSX	MWH	2026	MOIJ621,MOIJ622,MOIJ623,MOIJ624
MOX	231	ready_non_test	78	MU	exact	78	MOLYBDENUM OXIDE	4,17,21	d21acb34cc1857d77a01ba9c499b2dbce43ad125dec0afd933e79467e288747a	False	False	False		XCEC	FXXXSX	LBS	2026,2027,2028	MOXF7,MOXF8,MOXG7,MOXG8
MPE	91	ready_non_test	80	PT	exact	80	CPC FUEL OIL (1)	4,17,21	d21acb34cc1857d77a01ba9c499b2dbce43ad125dec0afd933e79467e288747a	False	False	False		XNYM	FCMXSX	BBL	2026,2027	MPEF7,MPEG7,MPEH7,MPEJ6
MPS	315	ready_non_test	78	ZZ	exact	78	CPC-POWER/PETROCHEM	4,17,21	d21acb34cc1857d77a01ba9c499b2dbce43ad125dec0afd933e79467e288747a	False	False	False		XNYM	FCMXSX	MTONS	2026,2027,2028,2029	MPSF7,MPSF8,MPSF9,MPSG7
MPX	315	ready_non_test	80	PT	exact	80	CPC FUEL OIL (1)	4,17,21	d21acb34cc1857d77a01ba9c499b2dbce43ad125dec0afd933e79467e288747a	False	False	False		XNYM	FCMXSX	GAL	2026,2027,2028,2029	MPXF7,MPXF8,MPXF9,MPXG7
MQ	231	ready_non_test	80	RF	exact	80	CPC-REFIND	4,17,21	d21acb34cc1857d77a01ba9c499b2dbce43ad125dec0afd933e79467e288747a	False	False	False		XNYM	FCMXSX	GAL	2026,2027,2028	MQF7,MQF8,MQG7,MQG8
MQA	567	ready_non_test	80	RF	exact	80	CPC-REFIND	4,17,21	d21acb34cc1857d77a01ba9c499b2dbce43ad125dec0afd933e79467e288747a	False	False	False		XNYM	FCMXSX	MTONS	2026,2027,2028,2029,2030,2031,2032	MQAF0,MQAF1,MQAF2,MQAF7
MRB	91	ready_non_test	80	CL	exact	80	CRUDE/HEAT/RBOB/NY ULSD	4,17,21	d21acb34cc1857d77a01ba9c499b2dbce43ad125dec0afd933e79467e288747a	False	False	False		XNYM	FCMXSX	GAL	2026,2027	MRBF7,MRBG7,MRBH7,MRBJ7
MRI	356	ready_non_test	78	PW	exact	78	50 MW POWER- CMED	4,17,21	d21acb34cc1857d77a01ba9c499b2dbce43ad125dec0afd933e79467e288747a	False	False	False		XNYM	FCMXSX	MWH	2026	MRIJ620,MRIJ621,MRIJ622,MRIJ623
MRT	356	ready_non_test	78	PW	exact	78	50 MW POWER- CMED	4,17,21	d21acb34cc1857d77a01ba9c499b2dbce43ad125dec0afd933e79467e288747a	False	False	False		XNYM	FCMXSX	MWH	2026	MRTJ620,MRTJ621,MRTJ622,MRTJ623
MSB	315	ready_non_test	80	RF	exact	80	CPC-REFIND	4,17,21	d21acb34cc1857d77a01ba9c499b2dbce43ad125dec0afd933e79467e288747a	False	False	False		XNYM	FCMXSX	MTONS	2026,2027,2028,2029	MSBF7,MSBF8,MSBF9,MSBG7
MSC	35	ready_non_test	68	SC	exact	68	MINI S&P SMALLCAP FUTURES	4,17,21	d21acb34cc1857d77a01ba9c499b2dbce43ad125dec0afd933e79467e288747a	False	False	False		XCME	FFIXSX	IPNT	2026,2027	MSCH7,MSCM6,MSCM7,MSCU6
MSD	588	ready_non_test	80	CP	exact	80	CPC-REFINED 2	4,17,21	d21acb34cc1857d77a01ba9c499b2dbce43ad125dec0afd933e79467e288747a	False	False	False		XNYM	FCMXSX	MTONS	2026	MSDJ601,MSDJ602,MSDJ606,MSDJ607
MSF	14	ready_non_test	88	6S	exact	88	SWISS FRANC FUTURES/E-MICRO (M6S)	4,17,21	d21acb34cc1857d77a01ba9c499b2dbce43ad125dec0afd933e79467e288747a	False	False	False		XCME	FFCXSX	CHF	2026	MSFM6,MSFU6
MSG	175	ready_non_test	80	CP	exact	80	CPC-REFINED 2	4,17,21	d21acb34cc1857d77a01ba9c499b2dbce43ad125dec0afd933e79467e288747a	False	False	False		XNYM	FCMXSX	BBL	2026,2027,2028	MSGF7,MSGF8,MSGG7,MSGG8
MSL	80	ready_non_test	74	LA	exact	74	SOLANA FUTURES	4,17,18,21	663f83ffd1aa628cfdbfc2e47d7611b9ef0bb37b4771a2e31354e32b0c9f1c64	False	False	False		XCME	FFIXSX	IPNT	2026,2027	MSLH7,MSLJ6,MSLK6,MSLM6
MST	42	ready_non_test	78	MT	exact	78	SILVER TAS (SIT)	2,4,17,21	6aea4cd5775d9b565a5763324be30f6e7ddd4a7c98965a7e801b07f460200956	False	False	False		XCEC	FXXXSX	TRYOZ	2026,2027	MSTH7,MSTK6,MSTK7,MSTN6
MT2	143	ready_non_test	78	JR	exact	78	CPC-REFINED 3	4,17,21	d21acb34cc1857d77a01ba9c499b2dbce43ad125dec0afd933e79467e288747a	False	False	False		XNYM	FCMXSX	MTONS	2026,2027	MT2F7,MT2G7,MT2H7,MT2J6
MTB	588	ready_non_test	80	CP	exact	80	CPC-REFINED 2	4,17,21	d21acb34cc1857d77a01ba9c499b2dbce43ad125dec0afd933e79467e288747a	False	False	False		XNYM	FCMXSX	MTONS	2026	MTBJ601,MTBJ602,MTBJ606,MTBJ607
MTH	143	ready_non_test	78	JR	exact	78	CPC-REFINED 3	4,17,21	d21acb34cc1857d77a01ba9c499b2dbce43ad125dec0afd933e79467e288747a	False	False	False		XNYM	FCMXSX	GAL	2026,2027	MTHF7,MTHG7,MTHH7,MTHJ6
MTI	256	ready_non_test	78	PW	exact	78	50 MW POWER- CMED	4,17,21	d21acb34cc1857d77a01ba9c499b2dbce43ad125dec0afd933e79467e288747a	False	False	False		XNYM	FCMXSX	MWH	2026	MTIJ617,MTIJ620,MTIJ621,MTIJ622
MTN	14	ready_non_test	84	Z4	exact	84	MICRO ULTRA 10-YEAR NOTES	4,17,21	d21acb34cc1857d77a01ba9c499b2dbce43ad125dec0afd933e79467e288747a	False	False	False		XCBT	FFDXSX	USD	2026	MTNM6,MTNU6
MTS	483	ready_non_test	80	RF	exact	80	CPC-REFIND	4,17,21	d21acb34cc1857d77a01ba9c499b2dbce43ad125dec0afd933e79467e288747a	False	False	False		XNYM	FCMXSX	MTONS	2026,2027,2028,2029,2030,2031	MTSF0,MTSF1,MTSF7,MTSF8
MUD	231	ready_non_test	80	CP	exact	80	CPC-REFINED 2	4,17,21	d21acb34cc1857d77a01ba9c499b2dbce43ad125dec0afd933e79467e288747a	False	False	False		XNYM	FCMXSX	MTONS	2026,2027,2028	MUDF7,MUDF8,MUDG7,MUDG8
MWN	14	ready_non_test	84	Z5	exact	84	MICRO ULTRA BONDS 	4,17,21	d21acb34cc1857d77a01ba9c499b2dbce43ad125dec0afd933e79467e288747a	False	False	False		XCBT	FFDXSX	USD	2026	MWNM6,MWNU6
MXB	315	ready_non_test	80	PT	exact	80	CPC FUEL OIL (1)	4,17,21	d21acb34cc1857d77a01ba9c499b2dbce43ad125dec0afd933e79467e288747a	False	False	False		XNYM	FCMXSX	MTONS	2026,2027,2028,2029	MXBF7,MXBF8,MXBF9,MXBG7
MXL	80	ready_non_test	74	EM	exact	74	LUMENS FUTURES	4,17,18,21	663f83ffd1aa628cfdbfc2e47d7611b9ef0bb37b4771a2e31354e32b0c9f1c64	False	False	False		XCME	FFIXSX	IPNT	2026,2027	MXLH7,MXLJ6,MXLK6,MXLM6
MXP	80	ready_non_test	74	XD	exact	74	XRP FUTURES	4,17,18,21	663f83ffd1aa628cfdbfc2e47d7611b9ef0bb37b4771a2e31354e32b0c9f1c64	False	False	False		XCME	FFIXSX	IPNT	2026,2027	MXPH7,MXPJ6,MXPK6,MXPM6
MXR	588	ready_non_test	80	PT	exact	80	CPC FUEL OIL (1)	4,17,21	d21acb34cc1857d77a01ba9c499b2dbce43ad125dec0afd933e79467e288747a	False	False	False		XNYM	FCMXSX	MTONS	2026	MXRJ601,MXRJ602,MXRJ607,MXRJ608
MYB	80	ready_non_test	74	BI	exact	74	BTIC BITCOIN FUTURES NY SETTLE	4,17,18,21	b5ee68de53f90e83228077b7e8799e4fb9c85a2725c7b28c697b92267b066227	False	False	False		XCME	FFIXSX	IPNT	2026,2027	MYBH7,MYBJ6,MYBK6,MYBM6
MZC	59	ready_non_test	70	ZC	exact	70	CORN FUTURES	2,4,17,18,21,26	46e0628dad5ffa0eacddee698235dd76571392d552ef99bf3f71cd284465fcb8	False	False	False		XCBT	FCAXSX	BU	2026,2027	MZCH7,MZCK6,MZCK7,MZCN6
MZL	101	ready_non_test	70	ZS	exact	70	SOYBEAN FUTURES	2,4,17,18,21,26	46e0628dad5ffa0eacddee698235dd76571392d552ef99bf3f71cd284465fcb8	False	False	False		XCBT	FCAXSX	LBS	2026,2027,2028	MZLF7,MZLF8,MZLH7,MZLK6
MZM	101	ready_non_test	70	ZS	exact	70	SOYBEAN FUTURES	2,4,17,18,21,26	46e0628dad5ffa0eacddee698235dd76571392d552ef99bf3f71cd284465fcb8	False	False	False		XCBT	FCAXSX	TON	2026,2027,2028	MZMF7,MZMF8,MZMH7,MZMK6
MZS	87	ready_non_test	70	ZS	exact	70	SOYBEAN FUTURES	2,4,17,18,21,26	46e0628dad5ffa0eacddee698235dd76571392d552ef99bf3f71cd284465fcb8	False	False	False		XCBT	FCAXSX	BU	2026,2027,2028	MZSF7,MZSF8,MZSH7,MZSK6
MZW	59	ready_non_test	70	ZW	exact	70	WHEAT FUTURES	2,4,17,18,21,26	46e0628dad5ffa0eacddee698235dd76571392d552ef99bf3f71cd284465fcb8	False	False	False		XCBT	FCAXSX	BU	2026,2027	MZWH7,MZWK6,MZWK7,MZWN6
N1B	259	ready_non_test	80	PT	exact	80	CPC FUEL OIL (1)	4,17,21	d21acb34cc1857d77a01ba9c499b2dbce43ad125dec0afd933e79467e288747a	False	False	False		XNYM	FCMXSX	BBL	2026,2027,2028,2029	N1BF7,N1BF8,N1BF9,N1BG7
N1S	14	ready_non_test	84	SN	exact	84	10-YEAR DELIVERABLE INTEREST RATE SWAP	4,17,21	d21acb34cc1857d77a01ba9c499b2dbce43ad125dec0afd933e79467e288747a	False	False	False		XCBT	FFDXSX	USD	2026	N1SM6,N1SU6
N3P	242	ready_non_test	78	PW	exact	78	50 MW POWER- CMED	4,17,21	d21acb34cc1857d77a01ba9c499b2dbce43ad125dec0afd933e79467e288747a	False	False	False		XNYM	FCMXSX	MWH	2026	N3PJ621,N3PJ622,N3PJ623,N3PJ624
NA2	231	ready_non_test	78	JR	exact	78	CPC-REFINED 3	4,17,21	d21acb34cc1857d77a01ba9c499b2dbce43ad125dec0afd933e79467e288747a	False	False	False		XNYM	FCMXSX	MTONS	2026,2027,2028	NA2F7,NA2F8,NA2G7,NA2G8
NA3	231	ready_non_test	78	JR	exact	78	CPC-REFINED 3	4,17,21	d21acb34cc1857d77a01ba9c499b2dbce43ad125dec0afd933e79467e288747a	False	False	False		XNYM	FCMXSX	MTONS	2026,2027,2028	NA3F7,NA3F8,NA3G7,NA3G8
NBB	588	ready_non_test	80	RF	exact	80	CPC-REFIND	4,17,21	d21acb34cc1857d77a01ba9c499b2dbce43ad125dec0afd933e79467e288747a	False	False	False		XNYM	FCMXSX	MTONS	2026	NBBJ601,NBBJ602,NBBJ607,NBBJ608
NBD	349	ready_non_test	78	FD	exact	78	NAT GAS FIXED,SWING,INDEX- CMED	4,17,21	d21acb34cc1857d77a01ba9c499b2dbce43ad125dec0afd933e79467e288747a	False	False	False		XNYM	FCMXSX	THM	2026	NBDJ621,NBDJ622,NBDJ623,NBDJ624
NBO	315	ready_non_test	80	PT	exact	80	CPC FUEL OIL (1)	4,17,21	d21acb34cc1857d77a01ba9c499b2dbce43ad125dec0afd933e79467e288747a	False	False	False		XNYM	FCMXSX	MTONS	2026,2027,2028,2029	NBOF7,NBOF8,NBOF9,NBOG7
NBP	308	ready_non_test	78	HX	exact	78	PER DAY HENRY HUB SWAP FUTURES	4,17,21	d21acb34cc1857d77a01ba9c499b2dbce43ad125dec0afd933e79467e288747a	False	False	False		XNYM	FCMXSX	MMBTU	2026,2027,2028,2029	NBPF7,NBPF8,NBPF9,NBPG7
NCD	349	ready_non_test	78	PW	exact	78	50 MW POWER- CMED	4,17,21	d21acb34cc1857d77a01ba9c499b2dbce43ad125dec0afd933e79467e288747a	False	False	False		XNYM	FCMXSX	MWH	2026	NCDJ621,NCDJ622,NCDJ623,NCDJ624
NCO	469	ready_non_test	78	PW	exact	78	50 MW POWER- CMED	4,17,21	d21acb34cc1857d77a01ba9c499b2dbce43ad125dec0afd933e79467e288747a	False	False	False		XNYM	FCMXSX	MWH	2026	NCOJ621,NCOJ622,NCOJ623,NCOJ624
NCP	330	ready_non_test	80	CP	exact	80	CPC-REFINED 2	4,17,21	d21acb34cc1857d77a01ba9c499b2dbce43ad125dec0afd933e79467e288747a	False	False	False		XNYM	FCMXSX	MTONS	2026	NCPJ620,NCPJ621,NCPJ622,NCPJ623
NDA	42	ready_non_test	68	DN	exact	68	NASDAQ DIVIDEND INDEX	4,17,21	d21acb34cc1857d77a01ba9c499b2dbce43ad125dec0afd933e79467e288747a	False	False	False		XCME	FFIXSX	IPNT	2026,2027,2028,2029,2030,2031	NDAZ0,NDAZ1,NDAZ6,NDAZ7
NEO	469	ready_non_test	78	PW	exact	78	50 MW POWER- CMED	4,17,21	d21acb34cc1857d77a01ba9c499b2dbce43ad125dec0afd933e79467e288747a	False	False	False		XNYM	FCMXSX	MWH	2026	NEOJ621,NEOJ622,NEOJ623,NEOJ624
NEP	242	ready_non_test	78	PW	exact	78	50 MW POWER- CMED	4,17,21	d21acb34cc1857d77a01ba9c499b2dbce43ad125dec0afd933e79467e288747a	False	False	False		XNYM	FCMXSX	MWH	2026	NEPJ621,NEPJ622,NEPJ623,NEPJ624
NFC	273	ready_non_test	80	CP	exact	80	CPC-REFINED 2	4,17,21	d21acb34cc1857d77a01ba9c499b2dbce43ad125dec0afd933e79467e288747a	False	False	False		XNYM	FCMXSX	BBL	2026	NFCJ601,NFCJ602,NFCJ607,NFCJ608
NFD	242	ready_non_test	78	PW	exact	78	50 MW POWER- CMED	4,17,21	d21acb34cc1857d77a01ba9c499b2dbce43ad125dec0afd933e79467e288747a	False	False	False		XNYM	FCMXSX	MWH	2026	NFDJ621,NFDJ622,NFDJ623,NFDJ624
NFG	294	ready_non_test	80	CP	exact	80	CPC-REFINED 2	4,17,21	d21acb34cc1857d77a01ba9c499b2dbce43ad125dec0afd933e79467e288747a	False	False	False		XNYM	FCMXSX	BBL	2026	NFGJ601,NFGJ602,NFGJ603,NFGJ606
NFO	349	ready_non_test	78	PW	exact	78	50 MW POWER- CMED	4,17,21	d21acb34cc1857d77a01ba9c499b2dbce43ad125dec0afd933e79467e288747a	False	False	False		XNYM	FCMXSX	MWH	2026	NFOJ621,NFOJ622,NFOJ623,NFOJ624
NGCP1	7	synthetic_no_ready	78	08	exact	78	SYNTHETIC NYMEX	2,4	bf10f1b3e23ad8320182b8dc97354d72ac617d87796ea55c0d14e6f5f2ae0fcc	True	True	False		XNYM	FCMXSX	IPNT	2099	NGCP1Z99
NGCPA	7	synthetic_no_ready	78	08	exact	78	SYNTHETIC NYMEX	2,4	bf10f1b3e23ad8320182b8dc97354d72ac617d87796ea55c0d14e6f5f2ae0fcc	True	True	False		XNYM	FCMXSX	IPNT	2099	NGCPAZ99
NGO	483	ready_non_test	78	VX	exact	78	NYMEX ENVIRONMENTAL FUTURES	4,17,21	d21acb34cc1857d77a01ba9c499b2dbce43ad125dec0afd933e79467e288747a	False	False	False		XNYM	FCMXSX	ENVOFST	2026,2027,2028,2029,2030,2031	NGOF0,NGOF1,NGOF7,NGOF8
NGT	91	ready_non_test	78	NA	exact	78	NATURAL GAS TAS (NGT/NNT)	2,4,17,21	d2605472f625d89ee4f2207d7bfe77d5dc7d7f103cd8355242d1005aefe999e8	False	False	False		XNYM	FCMXSX	MMBTU	2026,2027	NGTF7,NGTG7,NGTH7,NGTJ7
NHH	308	ready_non_test	78	ZZ	exact	78	CPC-POWER/PETROCHEM	4,17,21	d21acb34cc1857d77a01ba9c499b2dbce43ad125dec0afd933e79467e288747a	False	False	False		XNYM	FCMXSX	KW-M	2026,2027,2028,2029	NHHF7,NHHF8,NHHF9,NHHG7
NHO	469	ready_non_test	78	PW	exact	78	50 MW POWER- CMED	4,17,21	d21acb34cc1857d77a01ba9c499b2dbce43ad125dec0afd933e79467e288747a	False	False	False		XNYM	FCMXSX	MWH	2026	NHOJ621,NHOJ622,NHOJ623,NHOJ624
NHP	242	ready_non_test	78	PW	exact	78	50 MW POWER- CMED	4,17,21	d21acb34cc1857d77a01ba9c499b2dbce43ad125dec0afd933e79467e288747a	False	False	False		XNYM	FCMXSX	MWH	2026	NHPJ621,NHPJ622,NHPJ623,NHPJ624
NIE	259	ready_non_test	80	EE	exact	80	CPC-Ethanol	4,17,21	d21acb34cc1857d77a01ba9c499b2dbce43ad125dec0afd933e79467e288747a	False	False	False		XNYM	FCMXSX	GAL	2026,2027,2028,2029	NIEF7,NIEF8,NIEF9,NIEG7
NIT	132	ready_non_test	68	N6	exact	68	BTIC NIKKEI YEN	2,4,17,18,21	32e4612297a3ad0c0ee179c3c6cccc127fd7fc9909ab6fc1eb59ca1439695b7e	False	False	False		XCME	FFIXSX	IPNT	2026,2027,2028,2029,2030,2031	NITH7,NITH8,NITH9,NITK6
NIY	132	ready_non_test	68	N1	exact	68	NIKKEI 225 FUTURES (JPY)	4,17,21	d21acb34cc1857d77a01ba9c499b2dbce43ad125dec0afd933e79467e288747a	False	False	False		XCME	FFIXSX	JPY	2026,2027,2028,2029,2030,2031	NIYH7,NIYH8,NIYH9,NIYK6
NJY	42	ready_non_test	88	NJ	exact	88	NZD/JPY CROSS RATE FUTURES	4,17,21	d21acb34cc1857d77a01ba9c499b2dbce43ad125dec0afd933e79467e288747a	False	False	False		XCME	FFCXSX	NZD	2026,2027	NJYH7,NJYM6,NJYM7,NJYU6
NKT	105	ready_non_test	68	ND	exact	68	BTIC NIKKEI USD	2,4,17,18,21	32e4612297a3ad0c0ee179c3c6cccc127fd7fc9909ab6fc1eb59ca1439695b7e	False	False	False		XCME	FFIXSX	IPNT	2026,2027,2028,2029,2030,2031	NKTH7,NKTH8,NKTH9,NKTM6
NLS	315	ready_non_test	80	PT	exact	80	CPC FUEL OIL (1)	4,17,21	d21acb34cc1857d77a01ba9c499b2dbce43ad125dec0afd933e79467e288747a	False	False	False		XNYM	FCMXSX	BBL	2026,2027,2028,2029	NLSF7,NLSF8,NLSF9,NLSG7
NMO	469	ready_non_test	78	PW	exact	78	50 MW POWER- CMED	4,17,21	d21acb34cc1857d77a01ba9c499b2dbce43ad125dec0afd933e79467e288747a	False	False	False		XNYM	FCMXSX	MWH	2026	NMOJ621,NMOJ622,NMOJ623,NMOJ624
NMP	242	ready_non_test	78	PW	exact	78	50 MW POWER- CMED	4,17,21	d21acb34cc1857d77a01ba9c499b2dbce43ad125dec0afd933e79467e288747a	False	False	False		XNYM	FCMXSX	MWH	2026	NMPJ621,NMPJ622,NMPJ623,NMPJ624
NN	1064	ready_non_test	78	NG	exact	78	NATURAL GAS FUTURES	4,17,21	d21acb34cc1857d77a01ba9c499b2dbce43ad125dec0afd933e79467e288747a	False	False	False		XNYM	FCMXSX	MMBTU	2026,2027,2028,2029,2030,2031,2032,2033,2034,2035,2036,2037,2038	NNF29,NNF30,NNF31,NNF32
NNE	833	ready_non_test	78	NG	exact	78	NATURAL GAS FUTURES	4,17,21	d21acb34cc1857d77a01ba9c499b2dbce43ad125dec0afd933e79467e288747a	False	False	False		XNYM	FCMXSX	MMBTU	2026,2027,2028,2029,2030,2031,2032,2033,2034,2035,2036	NNEF27,NNEF28,NNEF29,NNEF30
NNP	242	ready_non_test	78	PW	exact	78	50 MW POWER- CMED	4,17,21	d21acb34cc1857d77a01ba9c499b2dbce43ad125dec0afd933e79467e288747a	False	False	False		XNYM	FCMXSX	MWH	2026	NNPJ621,NNPJ622,NNPJ623,NNPJ624
NNT	28	ready_non_test	78	NA	exact	78	NATURAL GAS TAS (NGT/NNT)	2,4,17,21	d2605472f625d89ee4f2207d7bfe77d5dc7d7f103cd8355242d1005aefe999e8	False	False	False		XNYM	FCMXSX	MMBTU	2026	NNTK6,NNTM6,NNTN6,NNTQ6
NOD	349	ready_non_test	78	PW	exact	78	50 MW POWER- CMED	4,17,21	d21acb34cc1857d77a01ba9c499b2dbce43ad125dec0afd933e79467e288747a	False	False	False		XNYM	FCMXSX	MWH	2026	NODJ621,NODJ622,NODJ623,NODJ624
NOK	42	ready_non_test	88	NO	exact	88	NORWEGIAN KRONE FUTURES	4,17,21	d21acb34cc1857d77a01ba9c499b2dbce43ad125dec0afd933e79467e288747a	False	False	False		XCME	FFCXSX	NOK	2026,2027	NOKH7,NOKM6,NOKM7,NOKU6
NOK1V2	7	synthetic_no_ready	88	01	exact	88	SYNTHETIC GBP/AUD/JPY SPOT FX	2,4	bf10f1b3e23ad8320182b8dc97354d72ac617d87796ea55c0d14e6f5f2ae0fcc	True	False	True		XCME	FFCXSX	IPNT	2099	NOK1V2Z99
NOK1V3	7	synthetic_no_ready	88	01	exact	88	SYNTHETIC GBP/AUD/JPY SPOT FX	2,4	bf10f1b3e23ad8320182b8dc97354d72ac617d87796ea55c0d14e6f5f2ae0fcc	True	False	True		XCME	FFCXSX	IPNT	2099	NOK1V3Z99
NOK1V4	7	synthetic_no_ready	88	01	exact	88	SYNTHETIC GBP/AUD/JPY SPOT FX	2,4	bf10f1b3e23ad8320182b8dc97354d72ac617d87796ea55c0d14e6f5f2ae0fcc	True	False	True		XCME	FFCXSX	IPNT	2099	NOK1V4Z99
NOK2V3	7	synthetic_no_ready	88	01	exact	88	SYNTHETIC GBP/AUD/JPY SPOT FX	2,4	bf10f1b3e23ad8320182b8dc97354d72ac617d87796ea55c0d14e6f5f2ae0fcc	True	False	True		XCME	FFCXSX	IPNT	2099	NOK2V3Z99
NOK2V4	7	synthetic_no_ready	88	01	exact	88	SYNTHETIC GBP/AUD/JPY SPOT FX	2,4	bf10f1b3e23ad8320182b8dc97354d72ac617d87796ea55c0d14e6f5f2ae0fcc	True	False	True		XCME	FFCXSX	IPNT	2099	NOK2V4Z99
NOO	399	ready_non_test	80	RF	exact	80	CPC-REFIND	4,17,21	d21acb34cc1857d77a01ba9c499b2dbce43ad125dec0afd933e79467e288747a	False	False	False		XNYM	FCMXSX	MTONS	2026,2027,2028,2029,2030	NOOF0,NOOF7,NOOF8,NOOF9
NOT	315	ready_non_test	78	VX	exact	78	NYMEX ENVIRONMENTAL FUTURES	4,17,21	d21acb34cc1857d77a01ba9c499b2dbce43ad125dec0afd933e79467e288747a	False	False	False		XNYM	FCMXSX	ENVOFST	2026,2027,2028,2029	NOTF7,NOTF8,NOTF9,NOTG7
NPG	1064	ready_non_test	78	HX	exact	78	PER DAY HENRY HUB SWAP FUTURES	4,17,21	d21acb34cc1857d77a01ba9c499b2dbce43ad125dec0afd933e79467e288747a	False	False	False		XNYM	FCMXSX	MMBTU	2026,2027,2028,2029,2030,2031,2032,2033,2034,2035,2036,2037,2038	NPGF27,NPGF28,NPGF29,NPGF30
NQQ	84	ready_non_test	68	NT	exact	68	MINI NASDAQ TRADE AT CASH OPEN 	2,4,17,18,21	16021d6aa85e0527477bbbb280e440cbe7ae8025a6709008f58bc9dd3171491a	False	False	False		XCME	FFIXSX	IPNT	2026,2027,2028,2029,2030	NQQH7,NQQM6,NQQM7,NQQM8
NQT	84	ready_non_test	68	NB	exact	68	BTIC MINI NASDAQ	4,17,21	cdfb6991d0a44427cfcfb9cdf2a11b9d54a2cb0241bb6153eb8a8cf0baed32dd	False	False	False		XCME	FFIXSX	IPNT	2026,2027,2028,2029,2030	NQTH7,NQTM6,NQTM7,NQTM8
NQX	84	ready_non_test	68	N9	exact	68	TMAC MINI NASDAQ	2,4,17,21	cedb5ddcaf82f74668c228a5e06643a505bd9e549005111608cc51b455dc8e61	False	False	False		XCME	FFIXSX	IPNT	2026,2027,2028,2029,2030	NQXH7,NQXM6,NQXM7,NQXM8
NRO	469	ready_non_test	78	PW	exact	78	50 MW POWER- CMED	4,17,21	d21acb34cc1857d77a01ba9c499b2dbce43ad125dec0afd933e79467e288747a	False	False	False		XNYM	FCMXSX	MWH	2026	NROJ621,NROJ622,NROJ623,NROJ624
NRP	242	ready_non_test	78	PW	exact	78	50 MW POWER- CMED	4,17,21	d21acb34cc1857d77a01ba9c499b2dbce43ad125dec0afd933e79467e288747a	False	False	False		XNYM	FCMXSX	MWH	2026	NRPJ621,NRPJ622,NRPJ623,NRPJ624
NRR	308	ready_non_test	78	ZZ	exact	78	CPC-POWER/PETROCHEM	4,17,21	d21acb34cc1857d77a01ba9c499b2dbce43ad125dec0afd933e79467e288747a	False	False	False		XNYM	FCMXSX	KW-M	2026,2027,2028,2029	NRRF7,NRRF8,NRRF9,NRRG7
NSK	42	ready_non_test	88	NR	exact	88	NOK/SEK CROSS RATE FUTURES	4,17,21	d21acb34cc1857d77a01ba9c499b2dbce43ad125dec0afd933e79467e288747a	False	False	False		XCME	FFCXSX	NOK	2026,2027	NSKH7,NSKM6,NSKM7,NSKU6
NSO	469	ready_non_test	78	PW	exact	78	50 MW POWER- CMED	4,17,21	d21acb34cc1857d77a01ba9c499b2dbce43ad125dec0afd933e79467e288747a	False	False	False		XNYM	FCMXSX	MWH	2026	NSOJ621,NSOJ622,NSOJ623,NSOJ624
NSP	242	ready_non_test	78	PW	exact	78	50 MW POWER- CMED	4,17,21	d21acb34cc1857d77a01ba9c499b2dbce43ad125dec0afd933e79467e288747a	False	False	False		XNYM	FCMXSX	MWH	2026	NSPJ621,NSPJ622,NSPJ623,NSPJ624
NSS	21	synthetic_no_ready	78	08	exact	78	SYNTHETIC NYMEX	2,4	bf10f1b3e23ad8320182b8dc97354d72ac617d87796ea55c0d14e6f5f2ae0fcc	False	False	False		XNYM	FCMXSX	MWH	2027,2028,2029	NSSF7,NSSF8,NSSF9
NTP	242	ready_non_test	78	PW	exact	78	50 MW POWER- CMED	4,17,21	d21acb34cc1857d77a01ba9c499b2dbce43ad125dec0afd933e79467e288747a	False	False	False		XNYM	FCMXSX	MWH	2026	NTPJ621,NTPJ622,NTPJ623,NTPJ624
NWD	147	ready_non_test	78	GU	exact	78	LNG EAST ASIA NAT GAS	4,17,21	d21acb34cc1857d77a01ba9c499b2dbce43ad125dec0afd933e79467e288747a	False	False	False		XNYM	FCMXSX	MMBTU	2026	NWDM601,NWDM602,NWDM603,NWDM604
NWM	469	ready_non_test	78	GU	exact	78	LNG EAST ASIA NAT GAS	4,17,21	d21acb34cc1857d77a01ba9c499b2dbce43ad125dec0afd933e79467e288747a	False	False	False		XNYM	FCMXSX	MMBTU	2026,2027,2028,2029,2030,2031	NWMF0,NWMF1,NWMF7,NWMF8
NWO	469	ready_non_test	78	PW	exact	78	50 MW POWER- CMED	4,17,21	d21acb34cc1857d77a01ba9c499b2dbce43ad125dec0afd933e79467e288747a	False	False	False		XNYM	FCMXSX	MWH	2026	NWOJ621,NWOJ622,NWOJ623,NWOJ624
NWP	242	ready_non_test	78	PW	exact	78	50 MW POWER- CMED	4,17,21	d21acb34cc1857d77a01ba9c499b2dbce43ad125dec0afd933e79467e288747a	False	False	False		XNYM	FCMXSX	MWH	2026	NWPJ621,NWPJ622,NWPJ623,NWPJ624
NYAD	161	synthetic_no_ready	88	01	exact	88	SYNTHETIC GBP/AUD/JPY SPOT FX	2,4	bf10f1b3e23ad8320182b8dc97354d72ac617d87796ea55c0d14e6f5f2ae0fcc	False	False	False		XCME	FFCXSX	AUD	2026,2027,2028,2029,2030,2031	NYADH0,NYADH1,NYADH7,NYADH8
NYBP	161	synthetic_no_ready	88	01	exact	88	SYNTHETIC GBP/AUD/JPY SPOT FX	2,4	bf10f1b3e23ad8320182b8dc97354d72ac617d87796ea55c0d14e6f5f2ae0fcc	False	False	False		XCME	FFCXSX	GBP	2026,2027,2028,2029,2030,2031	NYBPH0,NYBPH1,NYBPH7,NYBPH8
NYBR	427	synthetic_no_ready	88	01	exact	88	SYNTHETIC GBP/AUD/JPY SPOT FX	2,4	bf10f1b3e23ad8320182b8dc97354d72ac617d87796ea55c0d14e6f5f2ae0fcc	False	False	False		XCME	FFCXSX	BRL	2026,2027,2028,2029,2030,2031	NYBRF0,NYBRF1,NYBRF7,NYBRF8
NYC1	161	synthetic_no_ready	88	01	exact	88	SYNTHETIC GBP/AUD/JPY SPOT FX	2,4	bf10f1b3e23ad8320182b8dc97354d72ac617d87796ea55c0d14e6f5f2ae0fcc	False	False	False		XCME	FFCXSX	CAD	2026,2027,2028,2029,2030,2031	NYC1H0,NYC1H1,NYC1H7,NYC1H8
NYCN	42	synthetic_no_ready	88	01	exact	88	SYNTHETIC GBP/AUD/JPY SPOT FX	2,4	bf10f1b3e23ad8320182b8dc97354d72ac617d87796ea55c0d14e6f5f2ae0fcc	False	False	False		XCME	FFCXSX	USD	2026,2027	NYCNH7,NYCNM6,NYCNM7,NYCNU6
NYE1	140	synthetic_no_ready	88	01	exact	88	SYNTHETIC GBP/AUD/JPY SPOT FX	2,4	bf10f1b3e23ad8320182b8dc97354d72ac617d87796ea55c0d14e6f5f2ae0fcc	False	False	False		XCME	FFCXSX	CHF	2026,2027,2028,2029,2030,2031	NYE1H0,NYE1H1,NYE1H7,NYE1H8
NYEC	161	synthetic_no_ready	88	01	exact	88	SYNTHETIC GBP/AUD/JPY SPOT FX	2,4	bf10f1b3e23ad8320182b8dc97354d72ac617d87796ea55c0d14e6f5f2ae0fcc	False	False	False		XCME	FFCXSX	EUR	2026,2027,2028,2029,2030,2031	NYECH0,NYECH1,NYECH7,NYECH8
NYF	259	ready_non_test	80	RF	exact	80	CPC-REFIND	4,17,21	d21acb34cc1857d77a01ba9c499b2dbce43ad125dec0afd933e79467e288747a	False	False	False		XNYM	FCMXSX	BBL	2026,2027,2028,2029	NYFF7,NYFF8,NYFF9,NYFG7
NYJ1	161	synthetic_no_ready	88	01	exact	88	SYNTHETIC GBP/AUD/JPY SPOT FX	2,4	bf10f1b3e23ad8320182b8dc97354d72ac617d87796ea55c0d14e6f5f2ae0fcc	False	False	False		XCME	FFCXSX	JPY	2026,2027,2028,2029,2030,2031	NYJ1H0,NYJ1H1,NYJ1H7,NYJ1H8
NYM	63	ready_non_test	70	HI	exact	70	REAL ESTATE FUTURES (HI)	4,17,21	44772dac78c8996d61f13a1e1a1f407b108e2cd891310bfb868c0cff5f35bed9	False	False	False		XCME	FCAXSX	IPNT	2026,2027,2028,2029,2030,2031	NYMG0,NYMG1,NYMG7,NYMG8
NYMP	105	synthetic_no_ready	88	01	exact	88	SYNTHETIC GBP/AUD/JPY SPOT FX	2,4	bf10f1b3e23ad8320182b8dc97354d72ac617d87796ea55c0d14e6f5f2ae0fcc	False	False	False		XCME	FFCXSX	MXN	2026,2027	NYMPF7,NYMPG7,NYMPH7,NYMPJ7
NYNE	42	synthetic_no_ready	88	01	exact	88	SYNTHETIC GBP/AUD/JPY SPOT FX	2,4	bf10f1b3e23ad8320182b8dc97354d72ac617d87796ea55c0d14e6f5f2ae0fcc	False	False	False		XCME	FFCXSX	NZD	2026,2027	NYNEH7,NYNEM6,NYNEM7,NYNEU6
NYP	308	ready_non_test	78	HX	exact	78	PER DAY HENRY HUB SWAP FUTURES	4,17,21	d21acb34cc1857d77a01ba9c499b2dbce43ad125dec0afd933e79467e288747a	False	False	False		XNYM	FCMXSX	MMBTU	2026,2027,2028,2029	NYPF7,NYPF8,NYPF9,NYPG7
NYRA	119	synthetic_no_ready	88	01	exact	88	SYNTHETIC GBP/AUD/JPY SPOT FX	2,4	bf10f1b3e23ad8320182b8dc97354d72ac617d87796ea55c0d14e6f5f2ae0fcc	False	False	False		XCME	FFCXSX	ZAR	2026,2027,2028	NYRAF7,NYRAG7,NYRAH7,NYRAH8
NYRF	42	synthetic_no_ready	88	01	exact	88	SYNTHETIC GBP/AUD/JPY SPOT FX	2,4	bf10f1b3e23ad8320182b8dc97354d72ac617d87796ea55c0d14e6f5f2ae0fcc	False	False	False		XCME	FFCXSX	EUR	2026,2027	NYRFH7,NYRFM6,NYRFM7,NYRFU6
NYRP	63	synthetic_no_ready	88	01	exact	88	SYNTHETIC GBP/AUD/JPY SPOT FX	2,4	bf10f1b3e23ad8320182b8dc97354d72ac617d87796ea55c0d14e6f5f2ae0fcc	False	False	False		XCME	FFCXSX	EUR	2026,2027	NYRPH7,NYRPK6,NYRPM6,NYRPM7
NYRY	42	synthetic_no_ready	88	01	exact	88	SYNTHETIC GBP/AUD/JPY SPOT FX	2,4	bf10f1b3e23ad8320182b8dc97354d72ac617d87796ea55c0d14e6f5f2ae0fcc	False	False	False		XCME	FFCXSX	EUR	2026,2027	NYRYH7,NYRYM6,NYRYM7,NYRYU6
NYSE	42	synthetic_no_ready	88	01	exact	88	SYNTHETIC GBP/AUD/JPY SPOT FX	2,4	bf10f1b3e23ad8320182b8dc97354d72ac617d87796ea55c0d14e6f5f2ae0fcc	False	False	False		XCME	FFCXSX	SEK	2026,2027	NYSEH7,NYSEM6,NYSEM7,NYSEU6
NYSI	119	synthetic_no_ready	88	01	exact	88	SYNTHETIC GBP/AUD/JPY SPOT FX	2,4	bf10f1b3e23ad8320182b8dc97354d72ac617d87796ea55c0d14e6f5f2ae0fcc	False	False	False		XCME	FFCXSX	INR	2026,2027,2028	NYSIF7,NYSIG7,NYSIH7,NYSIH8
NYUN	42	synthetic_no_ready	88	01	exact	88	SYNTHETIC GBP/AUD/JPY SPOT FX	2,4	bf10f1b3e23ad8320182b8dc97354d72ac617d87796ea55c0d14e6f5f2ae0fcc	False	False	False		XCME	FFCXSX	NOK	2026,2027	NYUNH7,NYUNM6,NYUNM7,NYUNU6
NZC	42	ready_non_test	88	NL	exact	88	NZD/CAD CROSS RATE FUTURES	4,17,21	d21acb34cc1857d77a01ba9c499b2dbce43ad125dec0afd933e79467e288747a	False	False	False		XCME	FFCXSX	NZD	2026,2027	NZCH7,NZCM6,NZCM7,NZCU6
OAD	476	ready_non_test	78	PA	exact	78	CPC-POWER 2	4,17,21	d21acb34cc1857d77a01ba9c499b2dbce43ad125dec0afd933e79467e288747a	False	False	False		XNYM	FCMXSX	MWH	2026	OADJ620,OADJ621,OADJ622,OADJ623
OFF	392	ready_non_test	78	ZZ	exact	78	CPC-POWER/PETROCHEM	4,17,21	d21acb34cc1857d77a01ba9c499b2dbce43ad125dec0afd933e79467e288747a	False	False	False		XNYM	FCMXSX	MWH	2026,2027,2028,2029,2030	OFFF0,OFFF7,OFFF8,OFFF9
OLB	80	ready_non_test	74	LL	exact	74	BTIC SOLANA FUTURES	4,17,18,21	76d40ec0092782f161fe4e033a835c82afa0f7226b017419e8b793564cc8b804	False	False	False		XCME	FFIXSX	IPNT	2026,2027	OLBH7,OLBJ6,OLBK6,OLBM6
OMM	392	ready_non_test	78	ZZ	exact	78	CPC-POWER/PETROCHEM	4,17,21	d21acb34cc1857d77a01ba9c499b2dbce43ad125dec0afd933e79467e288747a	False	False	False		XNYM	FCMXSX	MWH	2026,2027,2028,2029,2030	OMMF0,OMMF7,OMMF8,OMMF9
OMN	315	ready_non_test	80	PT	exact	80	CPC FUEL OIL (1)	4,17,21	d21acb34cc1857d77a01ba9c499b2dbce43ad125dec0afd933e79467e288747a	False	False	False		XNYM	FCMXSX	MTONS	2026,2027,2028,2029	OMNF7,OMNF8,OMNF9,OMNG7
ONB	80	ready_non_test	74	LS	exact	74	BTIC SOLANA FUTURES NY SETTLE	4,17,18,21	b5ee68de53f90e83228077b7e8799e4fb9c85a2725c7b28c697b92267b066227	False	False	False		XCME	FFIXSX	IPNT	2026,2027	ONBH7,ONBJ6,ONBK6,ONBM6
OOD	476	ready_non_test	78	ZZ	exact	78	CPC-POWER/PETROCHEM	4,17,21	d21acb34cc1857d77a01ba9c499b2dbce43ad125dec0afd933e79467e288747a	False	False	False		XNYM	FCMXSX	MWH	2026	OODJ620,OODJ621,OODJ622,OODJ623
OPF	168	ready_non_test	70	UC	exact	70	CME MALAYSIAN CRUDE PALM OIL FUTURES	4,17,21	d21acb34cc1857d77a01ba9c499b2dbce43ad125dec0afd933e79467e288747a	False	False	False		XCME	FCAXSX	MTONS	2026,2027,2028	OPFF7,OPFF8,OPFG7,OPFG8
OPO	337	ready_non_test	78	ZZ	exact	78	CPC-POWER/PETROCHEM	4,17,21	d21acb34cc1857d77a01ba9c499b2dbce43ad125dec0afd933e79467e288747a	False	False	False		XNYM	FCMXSX	MWH	2026	OPOJ620,OPOJ621,OPOJ622,OPOJ623
OSF	108	ready_non_test	70	ZL	exact	70	SOYBEAN OILSHARE FUTURES	2,4,17,18,21,26	46e0628dad5ffa0eacddee698235dd76571392d552ef99bf3f71cd284465fcb8	False	False	False		XCBT	FCAXSX	IPNT	2026,2027,2028	OSFF7,OSFF8,OSFH7,OSFH8
PAC	91	ready_non_test	78	MA	exact	78	FERROUS SCRAP/ALUMINA/EURO HRC FUTURES	4,17,21	d21acb34cc1857d77a01ba9c499b2dbce43ad125dec0afd933e79467e288747a	False	False	False		XCEC	FXXXSX	MTONS	2026,2027	PACF7,PACG7,PACH7,PACJ6
PAD	42	ready_non_test	88	NP	exact	88	GBP/AUD CROSS RATE FUTURES	4,17,21	d21acb34cc1857d77a01ba9c499b2dbce43ad125dec0afd933e79467e288747a	False	False	False		XCME	FFCXSX	GBP	2026,2027	PADH7,PADM6,PADM7,PADU6
PAM	56	ready_non_test	78	PD	exact	78	PALLADIUM FUTURES	4,17,21	d21acb34cc1857d77a01ba9c499b2dbce43ad125dec0afd933e79467e288747a	False	False	False		XNYM	FXXXSX	TRYOZ	2026,2027	PAMH7,PAMJ6,PAMK6,PAMM6
PAT	14	ready_non_test	78	PX	exact	78	PALLADIUM TAS (PAT)	2,4,17,21	6b4d54716da1cda108fb968cbe5bcfd39b739cdca65759374c7460e7bdc95e30	False	False	False		XNYM	FXXXSX	TRYOZ	2026	PATM6,PATU6
PAU	84	ready_non_test	78	MA	exact	78	FERROUS SCRAP/ALUMINA/EURO HRC FUTURES	4,17,21	d21acb34cc1857d77a01ba9c499b2dbce43ad125dec0afd933e79467e288747a	False	False	False		XCEC	FXXXSX	DT	2026,2027	PAUF7,PAUG7,PAUH7,PAUJ6
PBT	304	ready_non_test	80	CC	exact	80	REFINED FUTURES 	4,17,21	d21acb34cc1857d77a01ba9c499b2dbce43ad125dec0afd933e79467e288747a	False	False	False		XNYM	FCMXSX	BBL	2026,2027,2028,2029	PBTF7,PBTF8,PBTF9,PBTG7
PCD	42	ready_non_test	88	NH	exact	88	GBP/CAD CROSS RATE FUTURES	4,17,21	d21acb34cc1857d77a01ba9c499b2dbce43ad125dec0afd933e79467e288747a	False	False	False		XCME	FFCXSX	GBP	2026,2027	PCDH7,PCDM6,PCDM7,PCDU6
PDL	330	ready_non_test	78	PW	exact	78	50 MW POWER- CMED	4,17,21	d21acb34cc1857d77a01ba9c499b2dbce43ad125dec0afd933e79467e288747a	False	False	False		XNYM	FCMXSX	MWH	2026	PDLJ621,PDLJ622,PDLJ623,PDLJ624
PEX	476	ready_non_test	78	PA	exact	78	CPC-POWER 2	4,17,21	d21acb34cc1857d77a01ba9c499b2dbce43ad125dec0afd933e79467e288747a	False	False	False		XNYM	FCMXSX	MWH	2026,2027,2028,2029,2030,2031	PEXF0,PEXF1,PEXF7,PEXF8
PFP	476	ready_non_test	78	PA	exact	78	CPC-POWER 2	4,17,21	d21acb34cc1857d77a01ba9c499b2dbce43ad125dec0afd933e79467e288747a	False	False	False		XNYM	FCMXSX	MWH	2026	PFPJ620,PFPJ621,PFPJ622,PFPJ623
PGG	231	ready_non_test	78	ZZ	exact	78	CPC-POWER/PETROCHEM	4,17,21	d21acb34cc1857d77a01ba9c499b2dbce43ad125dec0afd933e79467e288747a	False	False	False		XNYM	FCMXSX	LBS	2026,2027,2028	PGGF7,PGGF8,PGGG7,PGGG8
PHF	476	ready_non_test	78	PA	exact	78	CPC-POWER 2	4,17,21	d21acb34cc1857d77a01ba9c499b2dbce43ad125dec0afd933e79467e288747a	False	False	False		XNYM	FCMXSX	MWH	2026,2027,2028,2029,2030,2031	PHFF0,PHFF1,PHFF7,PHFF8
PJY	42	ready_non_test	88	F5	exact	88	GBP/JPY CROSS RATE FUTURES	4,17,21	d21acb34cc1857d77a01ba9c499b2dbce43ad125dec0afd933e79467e288747a	False	False	False		XCME	FFCXSX	GBP	2026,2027	PJYH7,PJYM6,PJYM7,PJYU6
PLCP1	7	synthetic_no_ready	78	0D	exact	78	SYNTHETIC EOC METALS	2,4	bf10f1b3e23ad8320182b8dc97354d72ac617d87796ea55c0d14e6f5f2ae0fcc	True	True	False		XCEC	FXXXSX	IPNT	2099	PLCP1Z99
PLCPA	7	synthetic_no_ready	78	0D	exact	78	SYNTHETIC EOC METALS	2,4	bf10f1b3e23ad8320182b8dc97354d72ac617d87796ea55c0d14e6f5f2ae0fcc	True	True	False		XCEC	FXXXSX	IPNT	2099	PLCPAZ99
PLM	49	ready_non_test	78	PL	exact	78	PLATINUM FUTURES	4,17,21	d21acb34cc1857d77a01ba9c499b2dbce43ad125dec0afd933e79467e288747a	False	False	False		XNYM	FXXXSX	TRYOZ	2026,2027	PLMF7,PLMJ6,PLMJ7,PLMK6
PLN	42	ready_non_test	88	PN	exact	88	POLISH ZLOTY FUTURES	4,17,21	d21acb34cc1857d77a01ba9c499b2dbce43ad125dec0afd933e79467e288747a	False	False	False		XCME	FFCXSX	PLN	2026,2027	PLNH7,PLNM6,PLNM7,PLNU6
PLT	14	ready_non_test	78	PE	exact	78	PLATINUM TAS (PLT)	2,4,17,21	275170587ca9323e971bf017c1b197799aafd0deb3dd6405dd1f6f625991b97b	False	False	False		XNYM	FXXXSX	TRYOZ	2026	PLTN6,PLTV6
PMF	350	ready_non_test	78	JR	exact	78	CPC-REFINED 3	4,17,21	d21acb34cc1857d77a01ba9c499b2dbce43ad125dec0afd933e79467e288747a	False	False	False		XNYM	FCMXSX	MTONS	2026,2027,2028,2029,2030	PMFF0,PMFF7,PMFF8,PMFF9
PNF	350	ready_non_test	78	JR	exact	78	CPC-REFINED 3	4,17,21	d21acb34cc1857d77a01ba9c499b2dbce43ad125dec0afd933e79467e288747a	False	False	False		XNYM	FCMXSX	MTONS	2026,2027,2028,2029,2030	PNFF0,PNFF7,PNFF8,PNFF9
PNK	42	ready_non_test	88	NS	exact	88	GBP/NOKCROSS RATE FUTURES	4,17,21	d21acb34cc1857d77a01ba9c499b2dbce43ad125dec0afd933e79467e288747a	False	False	False		XCME	FFCXSX	GBP	2026,2027	PNKH7,PNKM6,PNKM7,PNKU6
POB	315	ready_non_test	80	CP	exact	80	CPC-REFINED 2	4,17,21	d21acb34cc1857d77a01ba9c499b2dbce43ad125dec0afd933e79467e288747a	False	False	False		XNYM	FCMXSX	MTONS	2026,2027,2028,2029	POBF7,POBF8,POBF9,POBG7
POG	91	ready_non_test	70	UC	exact	70	CME MALAYSIAN CRUDE PALM OIL FUTURES	4,17,21	d21acb34cc1857d77a01ba9c499b2dbce43ad125dec0afd933e79467e288747a	False	False	False		XCME	FCAXSX	MTONS	2026,2027	POGF7,POGG7,POGH7,POGJ6
PPP	231	ready_non_test	78	JR	exact	78	CPC-REFINED 3	4,17,21	d21acb34cc1857d77a01ba9c499b2dbce43ad125dec0afd933e79467e288747a	False	False	False		XNYM	FCMXSX	LBS	2026,2027,2028	PPPF7,PPPF8,PPPG7,PPPG8
PPW	294	ready_non_test	78	JR	exact	78	CPC-REFINED 3	4,17,21	d21acb34cc1857d77a01ba9c499b2dbce43ad125dec0afd933e79467e288747a	False	False	False		XNYM	FCMXSX	LBS	2026	PPWJ601,PPWJ602,PPWJ603,PPWJ606
PR4	133	ready_non_test	80	RI	exact	80	RIN BIOFUEL FUTURES	4,17,21	d21acb34cc1857d77a01ba9c499b2dbce43ad125dec0afd933e79467e288747a	False	False	False		XNYM	FCMXSX	RIN	2026,2027	PR4F7,PR4G7,PR4H7,PR4J6
PR6	133	ready_non_test	80	RI	exact	80	RIN BIOFUEL FUTURES	4,17,21	d21acb34cc1857d77a01ba9c499b2dbce43ad125dec0afd933e79467e288747a	False	False	False		XNYM	FCMXSX	RIN	2026,2027	PR6F7,PR6G7,PR6H7,PR6J6
PRK	84	ready_non_test	70	PF	exact	70	PORK CUTOUT FUTURES	4,17,18,21,26	43235e8ac71f0184514fcf4b44ec89cb2e5e2e7627fbfb3bc3af4390d11e17cc	False	False	False		XCME	FCAXSX	LBS	2026,2027	PRKG7,PRKJ7,PRKK6,PRKK7
PSF	42	ready_non_test	88	F6	exact	88	GBP/CHF CROSS RATE FUTURES	4,17,21	d21acb34cc1857d77a01ba9c499b2dbce43ad125dec0afd933e79467e288747a	False	False	False		XCME	FFCXSX	GBP	2026,2027	PSFH7,PSFM6,PSFM7,PSFU6
PSK	42	ready_non_test	88	NV	exact	88	GBP/SEK CROSS RATE FUTURES	4,17,21	d21acb34cc1857d77a01ba9c499b2dbce43ad125dec0afd933e79467e288747a	False	False	False		XCME	FFCXSX	GBP	2026,2027	PSKH7,PSKM6,PSKM7,PSKU6
PTL	337	ready_non_test	78	PW	exact	78	50 MW POWER- CMED	4,17,21	d21acb34cc1857d77a01ba9c499b2dbce43ad125dec0afd933e79467e288747a	False	False	False		XNYM	FCMXSX	MWH	2026	PTLJ620,PTLJ621,PTLJ622,PTLJ623
Q02	21	synthetic_no_ready	70	05	exact	70	SYNTHETIC CBOT/CME AGS	2,4	bf10f1b3e23ad8320182b8dc97354d72ac617d87796ea55c0d14e6f5f2ae0fcc	False	False	False		XCME	FCAXSX	LBS	2026	Q02M6,Q02Q6,Q02V6
Q04	14	synthetic_no_ready	70	05	exact	70	SYNTHETIC CBOT/CME AGS	2,4	bf10f1b3e23ad8320182b8dc97354d72ac617d87796ea55c0d14e6f5f2ae0fcc	False	False	False		XCME	FCAXSX	LBS	2026	Q04M6,Q04Q6
Q06	7	synthetic_no_ready	70	05	exact	70	SYNTHETIC CBOT/CME AGS	2,4	bf10f1b3e23ad8320182b8dc97354d72ac617d87796ea55c0d14e6f5f2ae0fcc	False	False	False		XCME	FCAXSX	LBS	2026	Q06M6
QBTC	7	ready_non_test	74	D5	exact	74	SPOT QUOTED BITCOIN FUTURES 	4,17,21	d21acb34cc1857d77a01ba9c499b2dbce43ad125dec0afd933e79467e288747a	False	False	False		XCME	FFIXSX	IPNT	2026	QBTCM6
QC	273	ready_non_test	78	HG	exact	78	COPPER FUTURES	4,17,21	d21acb34cc1857d77a01ba9c499b2dbce43ad125dec0afd933e79467e288747a	False	False	False		XCEC	FXXXSX	LBS	2026,2027,2028,2029,2030,2031	QCF7,QCF8,QCG7,QCG8
QC2	7	synthetic_no_ready	70	05	exact	70	SYNTHETIC CBOT/CME AGS	2,4	bf10f1b3e23ad8320182b8dc97354d72ac617d87796ea55c0d14e6f5f2ae0fcc	False	False	False		XCBT	FCAXSX	BU	2026	QC2Z6
QC3	38	synthetic_no_ready	70	05	exact	70	SYNTHETIC CBOT/CME AGS	2,4	bf10f1b3e23ad8320182b8dc97354d72ac617d87796ea55c0d14e6f5f2ae0fcc	False	False	False		XCBT	FCAXSX	BU	2026,2027	QC3H7,QC3K6,QC3K7,QC3N6
QC4	7	synthetic_no_ready	70	05	exact	70	SYNTHETIC CBOT/CME AGS	2,4	bf10f1b3e23ad8320182b8dc97354d72ac617d87796ea55c0d14e6f5f2ae0fcc	False	False	False		XCBT	FCAXSX	BU	2026	QC4Q6
QC6	7	synthetic_no_ready	70	05	exact	70	SYNTHETIC CBOT/CME AGS	2,4	bf10f1b3e23ad8320182b8dc97354d72ac617d87796ea55c0d14e6f5f2ae0fcc	False	False	False		XCBT	FCAXSX	BU	2026	QC6N6
QC7	7	synthetic_no_ready	70	05	exact	70	SYNTHETIC CBOT/CME AGS	2,4	bf10f1b3e23ad8320182b8dc97354d72ac617d87796ea55c0d14e6f5f2ae0fcc	False	False	False		XCBT	FCAXSX	BU	2027	QC7H7
QC8	7	synthetic_no_ready	70	05	exact	70	SYNTHETIC CBOT/CME AGS	2,4	bf10f1b3e23ad8320182b8dc97354d72ac617d87796ea55c0d14e6f5f2ae0fcc	False	False	False		XCBT	FCAXSX	BU	2026	QC8Z6
QCC	7	synthetic_no_ready	70	05	exact	70	SYNTHETIC CBOT/CME AGS	2,4	bf10f1b3e23ad8320182b8dc97354d72ac617d87796ea55c0d14e6f5f2ae0fcc	False	False	False		XCBT	FCAXSX	BU	2027	QCCH7
QCN	14	ready_non_test	68	QN	exact	68	NASDAQ COMPOSITE INDEX FUTURES	4,17,21	d21acb34cc1857d77a01ba9c499b2dbce43ad125dec0afd933e79467e288747a	False	False	False		XCME	FFIXSX	IPNT	2026	QCNM6,QCNU6
QCS	161	ready_non_test	80	CC	exact	80	REFINED FUTURES 	4,17,21	d21acb34cc1857d77a01ba9c499b2dbce43ad125dec0afd933e79467e288747a	False	False	False		XNYM	FCMXSX	BBL	2026,2027,2028,2029,2030,2031	QCSH0,QCSH1,QCSH7,QCSH8
QCW	59	synthetic_no_ready	70	05	exact	70	SYNTHETIC CBOT/CME AGS	2,4	bf10f1b3e23ad8320182b8dc97354d72ac617d87796ea55c0d14e6f5f2ae0fcc	False	False	False		XCBT	FCAXSX	BU	2026,2027	QCWH7,QCWK6,QCWK7,QCWN6
QDF	7	synthetic_no_ready	68	0B	exact	68	SYNTHETIC EQUITY	2,4	bf10f1b3e23ad8320182b8dc97354d72ac617d87796ea55c0d14e6f5f2ae0fcc	False	False	False		XCBT	FFIXSX	IPNT	2026	QDFM6
QDM	7	synthetic_no_ready	68	0B	exact	68	SYNTHETIC EQUITY	2,4	bf10f1b3e23ad8320182b8dc97354d72ac617d87796ea55c0d14e6f5f2ae0fcc	False	False	False		XCBT	FFIXSX	IPNT	2026	QDMM6
QDOW	7	ready_non_test	68	D4	exact	68	SPOT QUOTED DOW JONES IND AVG FUTURES	4,17,21	d21acb34cc1857d77a01ba9c499b2dbce43ad125dec0afd933e79467e288747a	False	False	False		XCBT	FFIXSX	IPNT	2026	QDOWM6
QEF	7	synthetic_no_ready	74	02	exact	74	SYNTHETIC EOC ECB	2,4	bf10f1b3e23ad8320182b8dc97354d72ac617d87796ea55c0d14e6f5f2ae0fcc	False	False	False		XCME	FFIXSX	IPNT	2026	QEFM26
QEM	7	synthetic_no_ready	74	02	exact	74	SYNTHETIC EOC ECB	2,4	bf10f1b3e23ad8320182b8dc97354d72ac617d87796ea55c0d14e6f5f2ae0fcc	False	False	False		XCME	FFIXSX	IPNT	2026	QEMM6
QETH	7	ready_non_test	74	D6	exact	74	SPOT QUOTED ETHER FUTURES	4,17,21	d21acb34cc1857d77a01ba9c499b2dbce43ad125dec0afd933e79467e288747a	False	False	False		XCME	FFIXSX	IPNT	2026	QETHM6
QH	91	ready_non_test	80	CL	exact	80	CRUDE/HEAT/RBOB/NY ULSD	4,17,21	d21acb34cc1857d77a01ba9c499b2dbce43ad125dec0afd933e79467e288747a	False	False	False		XNYM	FCMXSX	GAL	2026,2027	QHF7,QHG7,QHH7,QHJ7
QI	84	ready_non_test	78	SI	exact	78	SILVER FUTURES	4,17,21	d21acb34cc1857d77a01ba9c499b2dbce43ad125dec0afd933e79467e288747a	False	False	False		XCEC	FXXXSX	TRYOZ	2026,2027,2028	QIF7,QIF8,QIH7,QIH8
QKC	14	synthetic_no_ready	70	05	exact	70	SYNTHETIC CBOT/CME AGS	2,4	bf10f1b3e23ad8320182b8dc97354d72ac617d87796ea55c0d14e6f5f2ae0fcc	False	False	False		XCBT	FCAXSX	BU	2026	QKCN6,QKCZ6
QM2	59	synthetic_no_ready	70	05	exact	70	SYNTHETIC CBOT/CME AGS	2,4	bf10f1b3e23ad8320182b8dc97354d72ac617d87796ea55c0d14e6f5f2ae0fcc	False	False	False		XCBT	FCAXSX	TON	2026,2027	QM2F7,QM2H7,QM2K6,QM2K7
QM3	7	synthetic_no_ready	70	05	exact	70	SYNTHETIC CBOT/CME AGS	2,4	bf10f1b3e23ad8320182b8dc97354d72ac617d87796ea55c0d14e6f5f2ae0fcc	False	False	False		XCBT	FCAXSX	TON	2026	QM3Z6
QM4	7	synthetic_no_ready	70	05	exact	70	SYNTHETIC CBOT/CME AGS	2,4	bf10f1b3e23ad8320182b8dc97354d72ac617d87796ea55c0d14e6f5f2ae0fcc	False	False	False		XCBT	FCAXSX	TON	2026	QM4Q6
QM5	7	synthetic_no_ready	70	05	exact	70	SYNTHETIC CBOT/CME AGS	2,4	bf10f1b3e23ad8320182b8dc97354d72ac617d87796ea55c0d14e6f5f2ae0fcc	False	False	False		XCBT	FCAXSX	TON	2026	QM5U6
QM6	7	synthetic_no_ready	70	05	exact	70	SYNTHETIC CBOT/CME AGS	2,4	bf10f1b3e23ad8320182b8dc97354d72ac617d87796ea55c0d14e6f5f2ae0fcc	False	False	False		XCBT	FCAXSX	TON	2026	QM6N6
QNDX	7	ready_non_test	68	D2	exact	68	SPOT QUOTED NASDAQ 100 FUTURES	4,17,21	d21acb34cc1857d77a01ba9c499b2dbce43ad125dec0afd933e79467e288747a	False	False	False		XCME	FFIXSX	IPNT	2026	QNDXM6
QNF	7	synthetic_no_ready	68	0B	exact	68	SYNTHETIC EQUITY	2,4	bf10f1b3e23ad8320182b8dc97354d72ac617d87796ea55c0d14e6f5f2ae0fcc	False	False	False		XCME	FFIXSX	IPNT	2026	QNFM26
QNM	7	synthetic_no_ready	68	0B	exact	68	SYNTHETIC EQUITY	2,4	bf10f1b3e23ad8320182b8dc97354d72ac617d87796ea55c0d14e6f5f2ae0fcc	False	False	False		XCME	FFIXSX	IPNT	2026	QNMM6
QO	77	ready_non_test	78	GC	exact	78	GOLD FUTURES	4,17,21	d21acb34cc1857d77a01ba9c499b2dbce43ad125dec0afd933e79467e288747a	False	False	False		XCEC	FXXXSX	TRYOZ	2026,2027,2028	QOG7,QOG8,QOJ7,QOM6
QO2	59	synthetic_no_ready	70	05	exact	70	SYNTHETIC CBOT/CME AGS	2,4	bf10f1b3e23ad8320182b8dc97354d72ac617d87796ea55c0d14e6f5f2ae0fcc	False	False	False		XCBT	FCAXSX	LBS	2026,2027	QO2F7,QO2H7,QO2K6,QO2K7
QO3	7	synthetic_no_ready	70	05	exact	70	SYNTHETIC CBOT/CME AGS	2,4	bf10f1b3e23ad8320182b8dc97354d72ac617d87796ea55c0d14e6f5f2ae0fcc	False	False	False		XCBT	FCAXSX	LBS	2026	QO3Z6
QO4	7	synthetic_no_ready	70	05	exact	70	SYNTHETIC CBOT/CME AGS	2,4	bf10f1b3e23ad8320182b8dc97354d72ac617d87796ea55c0d14e6f5f2ae0fcc	False	False	False		XCBT	FCAXSX	LBS	2026	QO4Q6
QO5	7	synthetic_no_ready	70	05	exact	70	SYNTHETIC CBOT/CME AGS	2,4	bf10f1b3e23ad8320182b8dc97354d72ac617d87796ea55c0d14e6f5f2ae0fcc	False	False	False		XCBT	FCAXSX	LBS	2026	QO5U6
QO6	7	synthetic_no_ready	70	05	exact	70	SYNTHETIC CBOT/CME AGS	2,4	bf10f1b3e23ad8320182b8dc97354d72ac617d87796ea55c0d14e6f5f2ae0fcc	False	False	False		XCBT	FCAXSX	LBS	2026	QO6N6
QOF	7	synthetic_no_ready	74	02	exact	74	SYNTHETIC EOC ECB	2,4	bf10f1b3e23ad8320182b8dc97354d72ac617d87796ea55c0d14e6f5f2ae0fcc	False	False	False		XCME	FFIXSX	IPNT	2026	QOFM26
QOM	7	synthetic_no_ready	74	02	exact	74	SYNTHETIC EOC ECB	2,4	bf10f1b3e23ad8320182b8dc97354d72ac617d87796ea55c0d14e6f5f2ae0fcc	False	False	False		XCME	FFIXSX	IPNT	2026	QOMM6
QOT	35	ready_non_test	78	TG	exact	78	GOLD TAS (GCT)	2,4,17,21	41c40dc1587e857c98b9e0b068c3ae4d6c991dab3c43f0c23b4ce392af313e6a	False	False	False		XCEC	FXXXSX	TRYOZ	2026,2027	QOTG7,QOTM6,QOTQ6,QOTV6
QRF	7	synthetic_no_ready	68	0B	exact	68	SYNTHETIC EQUITY	2,4	bf10f1b3e23ad8320182b8dc97354d72ac617d87796ea55c0d14e6f5f2ae0fcc	False	False	False		XCME	FFIXSX	IPNT	2026	QRFM26
QRM	7	synthetic_no_ready	68	0B	exact	68	SYNTHETIC EQUITY	2,4	bf10f1b3e23ad8320182b8dc97354d72ac617d87796ea55c0d14e6f5f2ae0fcc	False	False	False		XCME	FFIXSX	IPNT	2026	QRMM6
QRTY	7	ready_non_test	68	D3	exact	68	SPOT QUOTED RUSSELL 2000 FUTURES	4,17,21	d21acb34cc1857d77a01ba9c499b2dbce43ad125dec0afd933e79467e288747a	False	False	False		XCME	FFIXSX	IPNT	2026	QRTYM6
QS0	7	synthetic_no_ready	70	05	exact	70	SYNTHETIC CBOT/CME AGS	2,4	bf10f1b3e23ad8320182b8dc97354d72ac617d87796ea55c0d14e6f5f2ae0fcc	False	False	False		XCBT	FCAXSX	BU	2027	QS0H7
QS1	7	synthetic_no_ready	70	05	exact	70	SYNTHETIC CBOT/CME AGS	2,4	bf10f1b3e23ad8320182b8dc97354d72ac617d87796ea55c0d14e6f5f2ae0fcc	False	False	False		XCBT	FCAXSX	BU	2026	QS1N6
QS2	7	synthetic_no_ready	70	05	exact	70	SYNTHETIC CBOT/CME AGS	2,4	bf10f1b3e23ad8320182b8dc97354d72ac617d87796ea55c0d14e6f5f2ae0fcc	False	False	False		XCBT	FCAXSX	BU	2026	QS2X6
QS3	7	synthetic_no_ready	70	05	exact	70	SYNTHETIC CBOT/CME AGS	2,4	bf10f1b3e23ad8320182b8dc97354d72ac617d87796ea55c0d14e6f5f2ae0fcc	False	False	False		XCBT	FCAXSX	BU	2026	QS3X6
QS5	7	synthetic_no_ready	70	05	exact	70	SYNTHETIC CBOT/CME AGS	2,4	bf10f1b3e23ad8320182b8dc97354d72ac617d87796ea55c0d14e6f5f2ae0fcc	False	False	False		XCBT	FCAXSX	BU	2027	QS5F7
QS9	7	synthetic_no_ready	70	05	exact	70	SYNTHETIC CBOT/CME AGS	2,4	bf10f1b3e23ad8320182b8dc97354d72ac617d87796ea55c0d14e6f5f2ae0fcc	False	False	False		XCBT	FCAXSX	BU	2026	QS9X6
QSF	7	synthetic_no_ready	68	0B	exact	68	SYNTHETIC EQUITY	2,4	bf10f1b3e23ad8320182b8dc97354d72ac617d87796ea55c0d14e6f5f2ae0fcc	False	False	False		XCME	FFIXSX	IPNT	2026	QSFM26
QSM	7	synthetic_no_ready	68	0B	exact	68	SYNTHETIC EQUITY	2,4	bf10f1b3e23ad8320182b8dc97354d72ac617d87796ea55c0d14e6f5f2ae0fcc	False	False	False		XCME	FFIXSX	IPNT	2026	QSMM6
QSOL	7	ready_non_test	74	D7	exact	74	SPOT QUOTED SOL FUTURES 	4,17,21	d21acb34cc1857d77a01ba9c499b2dbce43ad125dec0afd933e79467e288747a	False	False	False		XCME	FFIXSX	IPNT	2026	QSOLM6
QSPX	7	ready_non_test	68	D1	exact	68	SPOT QUOTED S&P 500 FUTURES	4,17,21	d21acb34cc1857d77a01ba9c499b2dbce43ad125dec0afd933e79467e288747a	False	False	False		XCME	FFIXSX	IPNT	2026	QSPXM6
QTF	7	synthetic_no_ready	74	02	exact	74	SYNTHETIC EOC ECB	2,4	bf10f1b3e23ad8320182b8dc97354d72ac617d87796ea55c0d14e6f5f2ae0fcc	False	False	False		XCME	FFIXSX	IPNT	2026	QTFM26
QTM	7	synthetic_no_ready	74	02	exact	74	SYNTHETIC EOC ECB	2,4	bf10f1b3e23ad8320182b8dc97354d72ac617d87796ea55c0d14e6f5f2ae0fcc	False	False	False		XCME	FFIXSX	IPNT	2026	QTMM6
QU	91	ready_non_test	80	CL	exact	80	CRUDE/HEAT/RBOB/NY ULSD	4,17,21	d21acb34cc1857d77a01ba9c499b2dbce43ad125dec0afd933e79467e288747a	False	False	False		XNYM	FCMXSX	GAL	2026,2027	QUF7,QUG7,QUH7,QUJ7
QW2	7	synthetic_no_ready	70	05	exact	70	SYNTHETIC CBOT/CME AGS	2,4	bf10f1b3e23ad8320182b8dc97354d72ac617d87796ea55c0d14e6f5f2ae0fcc	False	False	False		XCBT	FCAXSX	BU	2026	QW2N6
QW3	38	synthetic_no_ready	70	05	exact	70	SYNTHETIC CBOT/CME AGS	2,4	bf10f1b3e23ad8320182b8dc97354d72ac617d87796ea55c0d14e6f5f2ae0fcc	False	False	False		XCBT	FCAXSX	BU	2026,2027	QW3H7,QW3K6,QW3K7,QW3N6
QW6	7	synthetic_no_ready	70	05	exact	70	SYNTHETIC CBOT/CME AGS	2,4	bf10f1b3e23ad8320182b8dc97354d72ac617d87796ea55c0d14e6f5f2ae0fcc	False	False	False		XCBT	FCAXSX	BU	2026	QW6Z6
QX5	7	synthetic_no_ready	70	05	exact	70	SYNTHETIC CBOT/CME AGS	2,4	bf10f1b3e23ad8320182b8dc97354d72ac617d87796ea55c0d14e6f5f2ae0fcc	False	False	False		XCBT	FCAXSX	BU	2027	QX5H7
QXF	7	synthetic_no_ready	74	02	exact	74	SYNTHETIC EOC ECB	2,4	bf10f1b3e23ad8320182b8dc97354d72ac617d87796ea55c0d14e6f5f2ae0fcc	False	False	False		XCME	FFIXSX	IPNT	2026	QXFM26
QXM	7	synthetic_no_ready	74	02	exact	74	SYNTHETIC EOC ECB	2,4	bf10f1b3e23ad8320182b8dc97354d72ac617d87796ea55c0d14e6f5f2ae0fcc	False	False	False		XCME	FFIXSX	IPNT	2026	QXMM6
QXRP	7	ready_non_test	74	D9	exact	74	SPOT QUOTED XRP FUTURES 	4,17,21	d21acb34cc1857d77a01ba9c499b2dbce43ad125dec0afd933e79467e288747a	False	False	False		XCME	FFIXSX	IPNT	2026	QXRPM6
R1T	35	ready_non_test	68	R1	exact	68	BTIC MINI RUSSELL 1000 INDEX	4,17,21	cdfb6991d0a44427cfcfb9cdf2a11b9d54a2cb0241bb6153eb8a8cf0baed32dd	False	False	False		XCME	FFIXSX	IPNT	2026,2027	R1TH7,R1TM6,R1TM7,R1TU6
R2G	35	ready_non_test	68	RA	exact	68	MINI RUSSELL 2000 GROWTH	4,17,21	d21acb34cc1857d77a01ba9c499b2dbce43ad125dec0afd933e79467e288747a	False	False	False		XCME	FFIXSX	IPNT	2026,2027	R2GH7,R2GM6,R2GM7,R2GU6
R2V	35	ready_non_test	68	RC	exact	68	MINI RUSSELL 2000 VALUE	4,17,21	d21acb34cc1857d77a01ba9c499b2dbce43ad125dec0afd933e79467e288747a	False	False	False		XCME	FFIXSX	IPNT	2026,2027	R2VH7,R2VM6,R2VM7,R2VU6
R4B	588	ready_non_test	80	RI	exact	80	RIN BIOFUEL FUTURES	4,17,21	d21acb34cc1857d77a01ba9c499b2dbce43ad125dec0afd933e79467e288747a	False	False	False		XNYM	FCMXSX	RIN	2026	R4BJ601,R4BJ602,R4BJ606,R4BJ607
R53	315	ready_non_test	80	CP	exact	80	CPC-REFINED 2	4,17,21	d21acb34cc1857d77a01ba9c499b2dbce43ad125dec0afd933e79467e288747a	False	False	False		XNYM	FCMXSX	MTONS	2026,2027,2028,2029	R53F7,R53F8,R53F9,R53G7
R5B	448	ready_non_test	80	CP	exact	80	CPC-REFINED 2	4,17,21	d21acb34cc1857d77a01ba9c499b2dbce43ad125dec0afd933e79467e288747a	False	False	False		XNYM	FCMXSX	MTONS	2026	R5BJ601,R5BJ602,R5BJ607,R5BJ608
R5E	448	ready_non_test	80	CP	exact	80	CPC-REFINED 2	4,17,21	d21acb34cc1857d77a01ba9c499b2dbce43ad125dec0afd933e79467e288747a	False	False	False		XNYM	FCMXSX	MTONS	2026	R5EJ601,R5EJ602,R5EJ607,R5EJ608
R5F	315	ready_non_test	80	CP	exact	80	CPC-REFINED 2	4,17,21	d21acb34cc1857d77a01ba9c499b2dbce43ad125dec0afd933e79467e288747a	False	False	False		XNYM	FCMXSX	MTONS	2026,2027,2028,2029	R5FF7,R5FF8,R5FF9,R5FG7
R5M	315	ready_non_test	80	CP	exact	80	CPC-REFINED 2	4,17,21	d21acb34cc1857d77a01ba9c499b2dbce43ad125dec0afd933e79467e288747a	False	False	False		XNYM	FCMXSX	MTONS	2026,2027,2028,2029	R5MF7,R5MF8,R5MF9,R5MG7
R5O	315	ready_non_test	80	CP	exact	80	CPC-REFINED 2	4,17,21	d21acb34cc1857d77a01ba9c499b2dbce43ad125dec0afd933e79467e288747a	False	False	False		XNYM	FCMXSX	MTONS	2026,2027,2028,2029	R5OF7,R5OF8,R5OF9,R5OG7
R6B	588	ready_non_test	80	RI	exact	80	RIN BIOFUEL FUTURES	4,17,21	d21acb34cc1857d77a01ba9c499b2dbce43ad125dec0afd933e79467e288747a	False	False	False		XNYM	FCMXSX	RIN	2026	R6BJ601,R6BJ602,R6BJ606,R6BJ607
RBB	315	ready_non_test	80	PT	exact	80	CPC FUEL OIL (1)	4,17,21	d21acb34cc1857d77a01ba9c499b2dbce43ad125dec0afd933e79467e288747a	False	False	False		XNYM	FCMXSX	BBL	2026,2027,2028,2029	RBBF7,RBBF8,RBBF9,RBBG7
RBCP1	7	synthetic_no_ready	80	09	exact	80	SYNTHETIC CRUDE	2,4	bf10f1b3e23ad8320182b8dc97354d72ac617d87796ea55c0d14e6f5f2ae0fcc	True	True	False		XNYM	FCMXSX	IPNT	2099	RBCP1Z99
RBCPA	7	synthetic_no_ready	80	09	exact	80	SYNTHETIC CRUDE	2,4	bf10f1b3e23ad8320182b8dc97354d72ac617d87796ea55c0d14e6f5f2ae0fcc	True	True	False		XNYM	FCMXSX	IPNT	2099	RBCPAZ99
RBF	175	ready_non_test	80	CP	exact	80	CPC-REFINED 2	4,17,21	d21acb34cc1857d77a01ba9c499b2dbce43ad125dec0afd933e79467e288747a	False	False	False		XNYM	FCMXSX	MTONS	2026,2027,2028	RBFF7,RBFF8,RBFG7,RBFG8
RBL	28	ready_non_test	80	TM	exact	80	TAM LONDON FUTURES	4,17,21	c4baa816b11d072c0c4a418a7d6cfa3917d9c5a78c1a9098e78d8f6bd48707f8	False	False	False		XNYM	FCMXSX	GAL	2026	RBLK6,RBLM6,RBLN6,RBLQ6
RBM	448	ready_non_test	80	CP	exact	80	CPC-REFINED 2	4,17,21	d21acb34cc1857d77a01ba9c499b2dbce43ad125dec0afd933e79467e288747a	False	False	False		XNYM	FCMXSX	MTONS	2026	RBMJ601,RBMJ602,RBMJ607,RBMJ608
RBT	56	ready_non_test	80	CT	exact	80	CRUDE/HEAT/RBOB TAS (CLT,HOT,RBT)	2,4,17,21	11258089b46320cec85e39bf95e564ec4ce751d6c884f9c4304fe393499c1be0	False	False	False		XNYM	FCMXSX	GAL	2026	RBTK6,RBTM6,RBTN6,RBTQ6
RDA	42	ready_non_test	68	DR	exact	68	RUSSELL 2000 DIVIDEND INDEX	4,17,21	d21acb34cc1857d77a01ba9c499b2dbce43ad125dec0afd933e79467e288747a	False	False	False		XCME	FFIXSX	IPNT	2026,2027,2028,2029,2030,2031	RDAZ0,RDAZ1,RDAZ6,RDAZ7
RET	35	ready_non_test	68	H8	exact	68	BTIC S&P RETAIL SELECT INDEX FUTURE	4,17,21	cdfb6991d0a44427cfcfb9cdf2a11b9d54a2cb0241bb6153eb8a8cf0baed32dd	False	False	False		XCME	FFIXSX	IPNT	2026,2027	RETH7,RETM6,RETM7,RETU6
REX	28	ready_non_test	68	TO	exact	68	BTIC DOW REAL ESTATE FUTURES	4,17,21	cdfb6991d0a44427cfcfb9cdf2a11b9d54a2cb0241bb6153eb8a8cf0baed32dd	False	False	False		XCBT	FFIXSX	IPNT	2026,2027	REXH7,REXM6,REXU6,REXZ6
RF	42	ready_non_test	88	FF	exact	88	EUR/CHF CROSS RATE FUTURES	4,17,21	d21acb34cc1857d77a01ba9c499b2dbce43ad125dec0afd933e79467e288747a	False	False	False		XCME	FFCXSX	EUR	2026,2027	RFH7,RFM6,RFM7,RFU6
RF1V2	7	synthetic_no_ready	88	01	exact	88	SYNTHETIC GBP/AUD/JPY SPOT FX	2,4	bf10f1b3e23ad8320182b8dc97354d72ac617d87796ea55c0d14e6f5f2ae0fcc	True	False	True		XCME	FFCXSX	IPNT	2099	RF1V2Z99
RF1V3	7	synthetic_no_ready	88	01	exact	88	SYNTHETIC GBP/AUD/JPY SPOT FX	2,4	bf10f1b3e23ad8320182b8dc97354d72ac617d87796ea55c0d14e6f5f2ae0fcc	True	False	True		XCME	FFCXSX	IPNT	2099	RF1V3Z99
RF1V4	7	synthetic_no_ready	88	01	exact	88	SYNTHETIC GBP/AUD/JPY SPOT FX	2,4	bf10f1b3e23ad8320182b8dc97354d72ac617d87796ea55c0d14e6f5f2ae0fcc	True	False	True		XCME	FFCXSX	IPNT	2099	RF1V4Z99
RF2V3	7	synthetic_no_ready	88	01	exact	88	SYNTHETIC GBP/AUD/JPY SPOT FX	2,4	bf10f1b3e23ad8320182b8dc97354d72ac617d87796ea55c0d14e6f5f2ae0fcc	True	False	True		XCME	FFCXSX	IPNT	2099	RF2V3Z99
RF2V4	7	synthetic_no_ready	88	01	exact	88	SYNTHETIC GBP/AUD/JPY SPOT FX	2,4	bf10f1b3e23ad8320182b8dc97354d72ac617d87796ea55c0d14e6f5f2ae0fcc	True	False	True		XCME	FFCXSX	IPNT	2099	RF2V4Z99
RGF	315	ready_non_test	80	CP	exact	80	CPC-REFINED 2	4,17,21	d21acb34cc1857d77a01ba9c499b2dbce43ad125dec0afd933e79467e288747a	False	False	False		XNYM	FCMXSX	MTONS	2026,2027,2028,2029	RGFF7,RGFF8,RGFF9,RGFG7
RGI	147	ready_non_test	78	VX	exact	78	NYMEX ENVIRONMENTAL FUTURES	4,17,21	d21acb34cc1857d77a01ba9c499b2dbce43ad125dec0afd933e79467e288747a	False	False	False		XNYM	FCMXSX	TON	2026,2027,2028,2029	RGIF7,RGIG7,RGIH7,RGIJ6
RGT	35	ready_non_test	68	R2	exact	68	BTIC MINI RUSSELL 1000 GROWTH	4,17,21	cdfb6991d0a44427cfcfb9cdf2a11b9d54a2cb0241bb6153eb8a8cf0baed32dd	False	False	False		XCME	FFIXSX	IPNT	2026,2027	RGTH7,RGTM6,RGTM7,RGTU6
RKA	231	ready_non_test	80	RF	exact	80	CPC-REFIND	4,17,21	d21acb34cc1857d77a01ba9c499b2dbce43ad125dec0afd933e79467e288747a	False	False	False		XNYM	FCMXSX	BBL	2026,2027,2028	RKAF7,RKAF8,RKAG7,RKAG8
RKT	35	ready_non_test	68	H4	exact	68	BTIC S&P REGIONAL BANK SELECT INDEX FUTURE	4,17,21	cdfb6991d0a44427cfcfb9cdf2a11b9d54a2cb0241bb6153eb8a8cf0baed32dd	False	False	False		XCME	FFIXSX	IPNT	2026,2027	RKTH7,RKTM6,RKTM7,RKTU6
RLB	80	ready_non_test	74	XJ	exact	74	BTIC XRP FUTURES	4,17,18,21	76d40ec0092782f161fe4e033a835c82afa0f7226b017419e8b793564cc8b804	False	False	False		XCME	FFIXSX	IPNT	2026,2027	RLBH7,RLBJ6,RLBK6,RLBM6
RLT	77	ready_non_test	68	RT	exact	68	BTIC MINI RUSSELL 2000 INDEX	4,17,21	cdfb6991d0a44427cfcfb9cdf2a11b9d54a2cb0241bb6153eb8a8cf0baed32dd	False	False	False		XCME	FFIXSX	IPNT	2026,2027,2028,2029,2030	RLTH7,RLTM6,RLTM7,RLTM8
RLX	315	ready_non_test	80	PT	exact	80	CPC FUEL OIL (1)	4,17,21	d21acb34cc1857d77a01ba9c499b2dbce43ad125dec0afd933e79467e288747a	False	False	False		XNYM	FCMXSX	GAL	2026,2027,2028,2029	RLXF7,RLXF8,RLXF9,RLXG7
RMB	147	ready_non_test	88	F8	exact	88	RMB/USD CROSS RATE FUTURES	4,17,21	d21acb34cc1857d77a01ba9c499b2dbce43ad125dec0afd933e79467e288747a	False	False	False		XCME	FFCXSX	RMB	2026,2027,2028,2029	RMBF7,RMBG7,RMBH7,RMBH8
RME	105	ready_non_test	88	F9	exact	88	RMB/EUR CROSS RATE FUTURES	4,17,21	d21acb34cc1857d77a01ba9c499b2dbce43ad125dec0afd933e79467e288747a	False	False	False		XCME	FFCXSX	RMB	2026,2027	RMEF7,RMEG7,RMEH7,RMEJ7
RN3	259	ready_non_test	80	RI	exact	80	RIN BIOFUEL FUTURES	4,17,21	d21acb34cc1857d77a01ba9c499b2dbce43ad125dec0afd933e79467e288747a	False	False	False		XNYM	FCMXSX	RIN	2026,2027,2028,2029	RN3F7,RN3F8,RN3F9,RN3G7
RN4	259	ready_non_test	80	RI	exact	80	RIN BIOFUEL FUTURES	4,17,21	d21acb34cc1857d77a01ba9c499b2dbce43ad125dec0afd933e79467e288747a	False	False	False		XNYM	FCMXSX	RIN	2026,2027,2028,2029	RN4F7,RN4F8,RN4F9,RN4G7
RN6	259	ready_non_test	80	RI	exact	80	RIN BIOFUEL FUTURES	4,17,21	d21acb34cc1857d77a01ba9c499b2dbce43ad125dec0afd933e79467e288747a	False	False	False		XNYM	FCMXSX	RIN	2026,2027,2028,2029	RN6F7,RN6F8,RN6F9,RN6G7
RNB	80	ready_non_test	74	XH	exact	74	BTIC XRP FUTURES NY SETTLE	4,17,18,21	b5ee68de53f90e83228077b7e8799e4fb9c85a2725c7b28c697b92267b066227	False	False	False		XCME	FFIXSX	IPNT	2026,2027	RNBH7,RNBJ6,RNBK6,RNBM6
RP	63	ready_non_test	88	FB	exact	88	EUR/GBP CROSS RATE FUTURES	4,17,21	d21acb34cc1857d77a01ba9c499b2dbce43ad125dec0afd933e79467e288747a	False	False	False		XCME	FFCXSX	EUR	2026,2027	RPH7,RPK6,RPM6,RPM7
RP1V2	7	synthetic_no_ready	88	01	exact	88	SYNTHETIC GBP/AUD/JPY SPOT FX	2,4	bf10f1b3e23ad8320182b8dc97354d72ac617d87796ea55c0d14e6f5f2ae0fcc	True	False	True		XCME	FFCXSX	IPNT	2099	RP1V2Z99
RP1V3	7	synthetic_no_ready	88	01	exact	88	SYNTHETIC GBP/AUD/JPY SPOT FX	2,4	bf10f1b3e23ad8320182b8dc97354d72ac617d87796ea55c0d14e6f5f2ae0fcc	True	False	True		XCME	FFCXSX	IPNT	2099	RP1V3Z99
RP1V4	7	synthetic_no_ready	88	01	exact	88	SYNTHETIC GBP/AUD/JPY SPOT FX	2,4	bf10f1b3e23ad8320182b8dc97354d72ac617d87796ea55c0d14e6f5f2ae0fcc	True	False	True		XCME	FFCXSX	IPNT	2099	RP1V4Z99
RP2V3	7	synthetic_no_ready	88	01	exact	88	SYNTHETIC GBP/AUD/JPY SPOT FX	2,4	bf10f1b3e23ad8320182b8dc97354d72ac617d87796ea55c0d14e6f5f2ae0fcc	True	False	True		XCME	FFCXSX	IPNT	2099	RP2V3Z99
RP2V4	7	synthetic_no_ready	88	01	exact	88	SYNTHETIC GBP/AUD/JPY SPOT FX	2,4	bf10f1b3e23ad8320182b8dc97354d72ac617d87796ea55c0d14e6f5f2ae0fcc	True	False	True		XCME	FFCXSX	IPNT	2099	RP2V4Z99
RS1	35	ready_non_test	68	RL	exact	68	MINI RUSSELL 1000 INDEX	4,17,21	d21acb34cc1857d77a01ba9c499b2dbce43ad125dec0afd933e79467e288747a	False	False	False		XCME	FFIXSX	IPNT	2026,2027	RS1H7,RS1M6,RS1M7,RS1U6
RSG	35	ready_non_test	68	RG	exact	68	MINI RUSSELL 1000 GROWTH	4,17,21	d21acb34cc1857d77a01ba9c499b2dbce43ad125dec0afd933e79467e288747a	False	False	False		XCME	FFIXSX	IPNT	2026,2027	RSGH7,RSGM6,RSGM7,RSGU6
RSO	112	ready_non_test	70	RH	exact	70	DUTCH MILL RAPESEED OIL FUTURES	2,4,17,18,21,26	46e0628dad5ffa0eacddee698235dd76571392d552ef99bf3f71cd284465fcb8	False	False	False		XCBT	FCAXSX	MTONS	2026,2027	RSOF7,RSOG7,RSOH7,RSOJ6
RSV	35	ready_non_test	68	RV	exact	68	MINI RUSSELL 1000 VALUE	4,17,21	d21acb34cc1857d77a01ba9c499b2dbce43ad125dec0afd933e79467e288747a	False	False	False		XCME	FFIXSX	IPNT	2026,2027	RSVH7,RSVM6,RSVM7,RSVU6
RT	259	ready_non_test	80	WS	exact	80	CRUDE/RBOB FINANCIAL FUTURES (WS, RT)	4,17,21	d21acb34cc1857d77a01ba9c499b2dbce43ad125dec0afd933e79467e288747a	False	False	False		XNYM	FCMXSX	GAL	2026,2027,2028,2029	RTF7,RTF8,RTF9,RTG7
RTQ	77	ready_non_test	68	RE	exact	68	MINI RUSSELL TRADE AT CASH OPEN 	2,4,17,18,21	16021d6aa85e0527477bbbb280e440cbe7ae8025a6709008f58bc9dd3171491a	False	False	False		XCME	FFIXSX	IPNT	2026,2027,2028,2029,2030	RTQH7,RTQM6,RTQM7,RTQM8
RTX	7	ready_non_test	68	R9	exact	68	TMAC MINI RUSSELL 2000	2,4,17,21	cedb5ddcaf82f74668c228a5e06643a505bd9e549005111608cc51b455dc8e61	False	False	False		XCME	FFIXSX	IPNT	2026	RTXM6
RVR	259	ready_non_test	80	RF	exact	80	CPC-REFIND	4,17,21	d21acb34cc1857d77a01ba9c499b2dbce43ad125dec0afd933e79467e288747a	False	False	False		XNYM	FCMXSX	GAL	2026,2027,2028,2029	RVRF7,RVRF8,RVRF9,RVRG7
RVT	35	ready_non_test	68	R3	exact	68	BTIC MINI RUSSELL 1000 VALUE	4,17,21	cdfb6991d0a44427cfcfb9cdf2a11b9d54a2cb0241bb6153eb8a8cf0baed32dd	False	False	False		XCME	FFIXSX	IPNT	2026,2027	RVTH7,RVTM6,RVTM7,RVTU6
RX	28	ready_non_test	68	RX	exact	68	DOW REAL ESTATE FUTURES	4,17,21	d21acb34cc1857d77a01ba9c499b2dbce43ad125dec0afd933e79467e288747a	False	False	False		XCBT	FFIXSX	IPNT	2026,2027	RXH7,RXM6,RXU6,RXZ6
RY	42	ready_non_test	88	FJ	exact	88	EUR/JPY CROSS RATE FUTURES	4,17,21	d21acb34cc1857d77a01ba9c499b2dbce43ad125dec0afd933e79467e288747a	False	False	False		XCME	FFCXSX	EUR	2026,2027	RYH7,RYM6,RYM7,RYU6
RY1V2	7	synthetic_no_ready	88	01	exact	88	SYNTHETIC GBP/AUD/JPY SPOT FX	2,4	bf10f1b3e23ad8320182b8dc97354d72ac617d87796ea55c0d14e6f5f2ae0fcc	True	False	True		XCME	FFCXSX	IPNT	2099	RY1V2Z99
RY1V3	7	synthetic_no_ready	88	01	exact	88	SYNTHETIC GBP/AUD/JPY SPOT FX	2,4	bf10f1b3e23ad8320182b8dc97354d72ac617d87796ea55c0d14e6f5f2ae0fcc	True	False	True		XCME	FFCXSX	IPNT	2099	RY1V3Z99
RY1V4	7	synthetic_no_ready	88	01	exact	88	SYNTHETIC GBP/AUD/JPY SPOT FX	2,4	bf10f1b3e23ad8320182b8dc97354d72ac617d87796ea55c0d14e6f5f2ae0fcc	True	False	True		XCME	FFCXSX	IPNT	2099	RY1V4Z99
RY2V3	7	synthetic_no_ready	88	01	exact	88	SYNTHETIC GBP/AUD/JPY SPOT FX	2,4	bf10f1b3e23ad8320182b8dc97354d72ac617d87796ea55c0d14e6f5f2ae0fcc	True	False	True		XCME	FFCXSX	IPNT	2099	RY2V3Z99
RY2V4	7	synthetic_no_ready	88	01	exact	88	SYNTHETIC GBP/AUD/JPY SPOT FX	2,4	bf10f1b3e23ad8320182b8dc97354d72ac617d87796ea55c0d14e6f5f2ae0fcc	True	False	True		XCME	FFCXSX	IPNT	2099	RY2V4Z99
S1S	14	ready_non_test	84	S7	exact	84	7-YEAR DELIVERABLE INTEREST RATE SWAP	4,17,21	d21acb34cc1857d77a01ba9c499b2dbce43ad125dec0afd933e79467e288747a	False	False	False		XCBT	FFDXSX	USD	2026	S1SM6,S1SU6
S46	259	synthetic_no_ready	80	09	exact	80	SYNTHETIC CRUDE	2,4	bf10f1b3e23ad8320182b8dc97354d72ac617d87796ea55c0d14e6f5f2ae0fcc	False	False	False		XNYM	FCMXSX	RIN	2026,2027,2028,2029	S46F7,S46F8,S46F9,S46G7
S53	315	ready_non_test	80	CP	exact	80	CPC-REFINED 2	4,17,21	d21acb34cc1857d77a01ba9c499b2dbce43ad125dec0afd933e79467e288747a	False	False	False		XNYM	FCMXSX	MTONS	2026,2027,2028,2029	S53F7,S53F8,S53F9,S53G7
S5B	448	ready_non_test	80	CP	exact	80	CPC-REFINED 2	4,17,21	d21acb34cc1857d77a01ba9c499b2dbce43ad125dec0afd933e79467e288747a	False	False	False		XNYM	FCMXSX	MTONS	2026	S5BJ601,S5BJ602,S5BJ606,S5BJ607
S5F	315	ready_non_test	80	CP	exact	80	CPC-REFINED 2	4,17,21	d21acb34cc1857d77a01ba9c499b2dbce43ad125dec0afd933e79467e288747a	False	False	False		XNYM	FCMXSX	MTONS	2026,2027,2028,2029	S5FF7,S5FF8,S5FF9,S5FG7
S5M	315	ready_non_test	80	CP	exact	80	CPC-REFINED 2	4,17,21	d21acb34cc1857d77a01ba9c499b2dbce43ad125dec0afd933e79467e288747a	False	False	False		XNYM	FCMXSX	MTONS	2026,2027,2028,2029	S5MF7,S5MF8,S5MF9,S5MG7
S5O	315	ready_non_test	80	CP	exact	80	CPC-REFINED 2	4,17,21	d21acb34cc1857d77a01ba9c499b2dbce43ad125dec0afd933e79467e288747a	False	False	False		XNYM	FCMXSX	MTONS	2026,2027,2028,2029	S5OF7,S5OF8,S5OF9,S5OG7
S7C	10	synthetic_no_ready	70	05	exact	70	SYNTHETIC CBOT/CME AGS	2,4	bf10f1b3e23ad8320182b8dc97354d72ac617d87796ea55c0d14e6f5f2ae0fcc	False	False	False		XCBT	FCAXSX	BU	2026,2027	S7CK6,S7CK7
SAS	126	ready_non_test	70	AS	exact	70	 FOB SANTOS SOYBEANS S.A. (PLATTS) FUTURES	2,4,17,18,21,26	15991db0d479ff2e63f8957be4f5a9d3bc7f2c65802ecb06074060e5686c512b	False	False	False		XCBT	FCAXSX	MTONS	2026,2027	SASF7,SASG7,SASH7,SASJ7
SBM	448	ready_non_test	80	CP	exact	80	CPC-REFINED 2	4,17,21	d21acb34cc1857d77a01ba9c499b2dbce43ad125dec0afd933e79467e288747a	False	False	False		XNYM	FCMXSX	MTONS	2026	SBMJ601,SBMJ602,SBMJ606,SBMJ607
SBT	49	ready_non_test	70	TA	exact	70	TAS SOYBEAN/MEAL/OIL	2,4,17,21	6592464f0a5c9f4c0c225dc775eba2a7d761fd8e9468de13ad328db269cfe853	False	False	False		XCBT	FCAXSX	BU	2026,2027	SBTF7,SBTH7,SBTK6,SBTN6
SCB	360	ready_non_test	80	CC	exact	80	REFINED FUTURES 	4,17,21	d21acb34cc1857d77a01ba9c499b2dbce43ad125dec0afd933e79467e288747a	False	False	False		XNYM	FCMXSX	BBL	2026	SCBH626,SCBH627,SCBH630,SCBH631
SCT	304	ready_non_test	80	CC	exact	80	REFINED FUTURES 	4,17,21	d21acb34cc1857d77a01ba9c499b2dbce43ad125dec0afd933e79467e288747a	False	False	False		XNYM	FCMXSX	BBL	2026,2027,2028,2029	SCTF7,SCTF8,SCTF9,SCTG7
SD	483	ready_non_test	80	PT	exact	80	CPC FUEL OIL (1)	4,17,21	d21acb34cc1857d77a01ba9c499b2dbce43ad125dec0afd933e79467e288747a	False	False	False		XNYM	FCMXSX	MTONS	2026,2027,2028,2029,2030,2031	SDF0,SDF1,SDF7,SDF8
SDA	77	ready_non_test	68	SD	exact	68	S&P DIVIDEND INDEX	4,17,21	d21acb34cc1857d77a01ba9c499b2dbce43ad125dec0afd933e79467e288747a	False	False	False		XCME	FFIXSX	IPNT	2026,2027,2028,2029,2030,2031,2032,2033,2034,2035,2036	SDAZ0,SDAZ1,SDAZ32,SDAZ33
SDG	63	ready_non_test	70	HI	exact	70	REAL ESTATE FUTURES (HI)	4,17,21	44772dac78c8996d61f13a1e1a1f407b108e2cd891310bfb868c0cff5f35bed9	False	False	False		XCME	FCAXSX	IPNT	2026,2027,2028,2029,2030,2031	SDGG0,SDGG1,SDGG7,SDGG8
SDI	35	ready_non_test	68	SD	exact	68	S&P DIVIDEND INDEX	4,17,21	d21acb34cc1857d77a01ba9c499b2dbce43ad125dec0afd933e79467e288747a	False	False	False		XCME	FFIXSX	IPNT	2026,2027	SDIH7,SDIM6,SDIM7,SDIU6
SE	483	ready_non_test	80	PT	exact	80	CPC FUEL OIL (1)	4,17,21	d21acb34cc1857d77a01ba9c499b2dbce43ad125dec0afd933e79467e288747a	False	False	False		XNYM	FCMXSX	MTONS	2026,2027,2028,2029,2030,2031	SEF0,SEF1,SEF7,SEF8
SEK	42	ready_non_test	88	SE	exact	88	SWEDISH KRONA FUTURES	4,17,21	d21acb34cc1857d77a01ba9c499b2dbce43ad125dec0afd933e79467e288747a	False	False	False		XCME	FFCXSX	SEK	2026,2027	SEKH7,SEKM6,SEKM7,SEKU6
SEK1V2	7	synthetic_no_ready	88	01	exact	88	SYNTHETIC GBP/AUD/JPY SPOT FX	2,4	bf10f1b3e23ad8320182b8dc97354d72ac617d87796ea55c0d14e6f5f2ae0fcc	True	False	True		XCME	FFCXSX	IPNT	2099	SEK1V2Z99
SEK1V3	7	synthetic_no_ready	88	01	exact	88	SYNTHETIC GBP/AUD/JPY SPOT FX	2,4	bf10f1b3e23ad8320182b8dc97354d72ac617d87796ea55c0d14e6f5f2ae0fcc	True	False	True		XCME	FFCXSX	IPNT	2099	SEK1V3Z99
SEK1V4	7	synthetic_no_ready	88	01	exact	88	SYNTHETIC GBP/AUD/JPY SPOT FX	2,4	bf10f1b3e23ad8320182b8dc97354d72ac617d87796ea55c0d14e6f5f2ae0fcc	True	False	True		XCME	FFCXSX	IPNT	2099	SEK1V4Z99
SEK2V3	7	synthetic_no_ready	88	01	exact	88	SYNTHETIC GBP/AUD/JPY SPOT FX	2,4	bf10f1b3e23ad8320182b8dc97354d72ac617d87796ea55c0d14e6f5f2ae0fcc	True	False	True		XCME	FFCXSX	IPNT	2099	SEK2V3Z99
SEK2V4	7	synthetic_no_ready	88	01	exact	88	SYNTHETIC GBP/AUD/JPY SPOT FX	2,4	bf10f1b3e23ad8320182b8dc97354d72ac617d87796ea55c0d14e6f5f2ae0fcc	True	False	True		XCME	FFCXSX	IPNT	2099	SEK2V4Z99
SF1	343	ready_non_test	80	RF	exact	80	CPC-REFIND	4,17,21	d21acb34cc1857d77a01ba9c499b2dbce43ad125dec0afd933e79467e288747a	False	False	False		XNYM	FCMXSX	BBL	2026,2027,2028,2029,2030	SF1F0,SF1F7,SF1F8,SF1F9
SF3	343	ready_non_test	80	RF	exact	80	CPC-REFIND	4,17,21	d21acb34cc1857d77a01ba9c499b2dbce43ad125dec0afd933e79467e288747a	False	False	False		XNYM	FCMXSX	BBL	2026,2027,2028,2029,2030	SF3F0,SF3F7,SF3F8,SF3F9
SFB	553	ready_non_test	80	RF	exact	80	CPC-REFIND	4,17,21	d21acb34cc1857d77a01ba9c499b2dbce43ad125dec0afd933e79467e288747a	False	False	False		XNYM	FCMXSX	MTONS	2026	SFBJ601,SFBJ602,SFBJ607,SFBJ608
SFR	63	ready_non_test	70	HI	exact	70	REAL ESTATE FUTURES (HI)	4,17,21	44772dac78c8996d61f13a1e1a1f407b108e2cd891310bfb868c0cff5f35bed9	False	False	False		XCME	FCAXSX	IPNT	2026,2027,2028,2029,2030,2031	SFRG0,SFRG1,SFRG7,SFRG8
SG	14	ready_non_test	68	SG	exact	68	S&P GROWTH FUTURES	4,17,21	d21acb34cc1857d77a01ba9c499b2dbce43ad125dec0afd933e79467e288747a	False	False	False		XCME	FFIXSX	IPNT	2026	SGM6,SGU6
SGB	231	ready_non_test	80	PT	exact	80	CPC FUEL OIL (1)	4,17,21	d21acb34cc1857d77a01ba9c499b2dbce43ad125dec0afd933e79467e288747a	False	False	False		XNYM	FCMXSX	BBL	2026,2027,2028	SGBF7,SGBF8,SGBG7,SGBG8
SGC	63	ready_non_test	78	AG	exact	78	SHANGHAI GOLD FUTURES	4,17,21	d21acb34cc1857d77a01ba9c499b2dbce43ad125dec0afd933e79467e288747a	False	False	False		XCEC	FXXXSX	GRAMS	2026,2027	SGCG7,SGCJ6,SGCJ7,SGCK6
SGD	56	ready_non_test	88	6G	exact	88	SINGAPORE/US DOLLAR (SGD/USD) FUTURES	4,17,21	d21acb34cc1857d77a01ba9c499b2dbce43ad125dec0afd933e79467e288747a	False	False	False		XCME	FFCXSX	SGD	2026,2027	SGDH7,SGDK6,SGDM6,SGDN6
SGF	315	ready_non_test	80	CP	exact	80	CPC-REFINED 2	4,17,21	d21acb34cc1857d77a01ba9c499b2dbce43ad125dec0afd933e79467e288747a	False	False	False		XNYM	FCMXSX	BBL	2026,2027,2028,2029	SGFF7,SGFF8,SGFF9,SGFG7
SGO	567	ready_non_test	80	PT	exact	80	CPC FUEL OIL (1)	4,17,21	d21acb34cc1857d77a01ba9c499b2dbce43ad125dec0afd933e79467e288747a	False	False	False		XNYM	FCMXSX	BBL	2026	SGOJ601,SGOJ602,SGOJ607,SGOJ608
SGT	14	ready_non_test	68	PM	exact	68	BTIC S&P 500 GROWTH INDEX FUTURES	4,17,21	cdfb6991d0a44427cfcfb9cdf2a11b9d54a2cb0241bb6153eb8a8cf0baed32dd	False	False	False		XCME	FFIXSX	IPNT	2026	SGTM6,SGTU6
SGU	63	ready_non_test	78	AG	exact	78	SHANGHAI GOLD FUTURES	4,17,21	d21acb34cc1857d77a01ba9c499b2dbce43ad125dec0afd933e79467e288747a	False	False	False		XCEC	FXXXSX	TRYOZ	2026,2027	SGUG7,SGUJ6,SGUJ7,SGUK6
SHR	168	ready_non_test	78	ST	exact	78	FERROUS SCRAP/ALUMINA FUTURES	4,17,21	d21acb34cc1857d77a01ba9c499b2dbce43ad125dec0afd933e79467e288747a	False	False	False		XCEC	FXXXSX	GT	2026,2027,2028	SHRF7,SHRF8,SHRG7,SHRG8
SIC	70	ready_non_test	78	SI	exact	78	SILVER FUTURES	4,17,21	d21acb34cc1857d77a01ba9c499b2dbce43ad125dec0afd933e79467e288747a	False	False	False		XCEC	FXXXSX	TRYOZ	2026,2027,2028	SICH7,SICH8,SICK6,SICK7
SICP1	7	synthetic_no_ready	78	0D	exact	78	SYNTHETIC EOC METALS	2,4	bf10f1b3e23ad8320182b8dc97354d72ac617d87796ea55c0d14e6f5f2ae0fcc	True	True	False		XCEC	FXXXSX	IPNT	2099	SICP1Z99
SICPA	7	synthetic_no_ready	78	0D	exact	78	SYNTHETIC EOC METALS	2,4	bf10f1b3e23ad8320182b8dc97354d72ac617d87796ea55c0d14e6f5f2ae0fcc	True	True	False		XCEC	FXXXSX	IPNT	2099	SICPAZ99
SIR	119	ready_non_test	88	6P	exact	88	RUPEE FUTURES/E-MICRO (MIR)	4,17,21	d21acb34cc1857d77a01ba9c499b2dbce43ad125dec0afd933e79467e288747a	False	False	False		XCME	FFCXSX	INR	2026,2027,2028	SIRF7,SIRG7,SIRH7,SIRH8
SIT	42	ready_non_test	78	MT	exact	78	SILVER TAS (SIT)	2,4,17,21	6aea4cd5775d9b565a5763324be30f6e7ddd4a7c98965a7e801b07f460200956	False	False	False		XCEC	FXXXSX	TRYOZ	2026,2027	SITH7,SITK6,SITK7,SITN6
SJY	42	ready_non_test	88	FY	exact	88	CHF/JPY CROSS RATE FUTURES	4,17,21	d21acb34cc1857d77a01ba9c499b2dbce43ad125dec0afd933e79467e288747a	False	False	False		XCME	FFCXSX	CHF	2026,2027	SJYH7,SJYM6,SJYM7,SJYU6
SLB	80	ready_non_test	74	LL	exact	74	BTIC SOLANA FUTURES	4,17,18,21	76d40ec0092782f161fe4e033a835c82afa0f7226b017419e8b793564cc8b804	False	False	False		XCME	FFIXSX	IPNT	2026,2027	SLBH7,SLBJ6,SLBK6,SLBM6
SMC	35	ready_non_test	68	SC	exact	68	MINI S&P SMALLCAP FUTURES	4,17,21	d21acb34cc1857d77a01ba9c499b2dbce43ad125dec0afd933e79467e288747a	False	False	False		XCME	FFIXSX	IPNT	2026,2027	SMCH7,SMCM6,SMCM7,SMCU6
SME	49	synthetic_no_ready	68	0F	exact	68	SYNTHETIC S&P MONTH-END 	2,4	bf10f1b3e23ad8320182b8dc97354d72ac617d87796ea55c0d14e6f5f2ae0fcc	False	False	False		XCME	FFIXSX	IPNT	2026	SMEJ6,SMEK6,SMEM6,SMEN6
SMET	49	ready_non_test	68	SL	exact	68	BTIC S&P MONTH-END FUTURES	4,17,21	cdfb6991d0a44427cfcfb9cdf2a11b9d54a2cb0241bb6153eb8a8cf0baed32dd	False	False	False		XCME	FFIXSX	IPNT	2026	SMETJ6,SMETK6,SMETM6,SMETN6
SMT	35	ready_non_test	68	PS	exact	68	BTIC MINI S&P SMALL CAP 600 INDEX FUTURES	4,17,21	cdfb6991d0a44427cfcfb9cdf2a11b9d54a2cb0241bb6153eb8a8cf0baed32dd	False	False	False		XCME	FFIXSX	IPNT	2026,2027	SMTH7,SMTM6,SMTM7,SMTU6
SMU	259	ready_non_test	80	CP	exact	80	CPC-REFINED 2	4,17,21	d21acb34cc1857d77a01ba9c499b2dbce43ad125dec0afd933e79467e288747a	False	False	False		XNYM	FCMXSX	BRL	2026,2027,2028,2029	SMUF7,SMUF8,SMUF9,SMUG7
SNB	80	ready_non_test	74	LS	exact	74	BTIC SOLANA FUTURES NY SETTLE	4,17,18,21	b5ee68de53f90e83228077b7e8799e4fb9c85a2725c7b28c697b92267b066227	False	False	False		XCME	FFIXSX	IPNT	2026,2027	SNBH7,SNBJ6,SNBK6,SNBM6
SOL	80	ready_non_test	74	LA	exact	74	SOLANA FUTURES	4,17,18,21	663f83ffd1aa628cfdbfc2e47d7611b9ef0bb37b4771a2e31354e32b0c9f1c64	False	False	False		XCME	FFIXSX	IPNT	2026,2027	SOLH7,SOLJ6,SOLK6,SOLM6
SOLCP1	7	synthetic_no_ready	74	02	exact	74	SYNTHETIC EOC ECB	2,4	bf10f1b3e23ad8320182b8dc97354d72ac617d87796ea55c0d14e6f5f2ae0fcc	True	True	False		XCME	FFCXSX	IPNT	2099	SOLCP1Z99
SOLCPA	7	synthetic_no_ready	74	02	exact	74	SYNTHETIC EOC ECB	2,4	bf10f1b3e23ad8320182b8dc97354d72ac617d87796ea55c0d14e6f5f2ae0fcc	True	True	False		XCME	FFCXSX	IPNT	2099	SOLCPAZ99
SOT	35	ready_non_test	68	H9	exact	68	BTIC PHILLY STOCK EXCH SEMICONDUCT INDEX FUTURE	4,17,21	cdfb6991d0a44427cfcfb9cdf2a11b9d54a2cb0241bb6153eb8a8cf0baed32dd	False	False	False		XCME	FFIXSX	IPNT	2026,2027	SOTH7,SOTM6,SOTM7,SOTU6
SOX	35	ready_non_test	68	X9	exact	68	PHILLY STOCK EXCH SEMICONDUCT INDEX FUTURE	4,17,21	d21acb34cc1857d77a01ba9c499b2dbce43ad125dec0afd933e79467e288747a	False	False	False		XCME	FFIXSX	IPNT	2026,2027	SOXH7,SOXM6,SOXM7,SOXU6
SPM	231	ready_non_test	78	LI	exact	78	LITHIUM FUTURES	4,17,21	d21acb34cc1857d77a01ba9c499b2dbce43ad125dec0afd933e79467e288747a	False	False	False		XCEC	FXXXSX	MTONS	2026,2027,2028	SPMF7,SPMF8,SPMG7,SPMG8
SQ2	52	synthetic_no_ready	70	05	exact	70	SYNTHETIC CBOT/CME AGS	2,4	bf10f1b3e23ad8320182b8dc97354d72ac617d87796ea55c0d14e6f5f2ae0fcc	False	False	False		XCBT	FCAXSX	BU	2026,2027	SQ2F7,SQ2H7,SQ2K6,SQ2K7
SQ5	7	synthetic_no_ready	70	05	exact	70	SYNTHETIC CBOT/CME AGS	2,4	bf10f1b3e23ad8320182b8dc97354d72ac617d87796ea55c0d14e6f5f2ae0fcc	False	False	False		XCBT	FCAXSX	BU	2026	SQ5N6
SR1CP1	7	synthetic_no_ready	82	04	exact	82	SYNTHETIC INTEREST RATE	2,4	bf10f1b3e23ad8320182b8dc97354d72ac617d87796ea55c0d14e6f5f2ae0fcc	True	True	False		XCME	FFCXSX	IPNT	2099	SR1CP1Z99
SR1CPA	7	synthetic_no_ready	82	04	exact	82	SYNTHETIC INTEREST RATE	2,4	bf10f1b3e23ad8320182b8dc97354d72ac617d87796ea55c0d14e6f5f2ae0fcc	True	True	False		XCME	FFCXSX	IPNT	2099	SR1CPAZ99
SR3CP1	7	synthetic_no_ready	82	04	exact	82	SYNTHETIC INTEREST RATE	2,4	bf10f1b3e23ad8320182b8dc97354d72ac617d87796ea55c0d14e6f5f2ae0fcc	True	True	False		XCME	FFCXSX	IPNT	2099	SR3CP1Z99
SR3CPA	7	synthetic_no_ready	82	04	exact	82	SYNTHETIC INTEREST RATE	2,4	bf10f1b3e23ad8320182b8dc97354d72ac617d87796ea55c0d14e6f5f2ae0fcc	True	True	False		XCME	FFCXSX	IPNT	2099	SR3CPAZ99
SR5	315	ready_non_test	80	CP	exact	80	CPC-REFINED 2	4,17,21	d21acb34cc1857d77a01ba9c499b2dbce43ad125dec0afd933e79467e288747a	False	False	False		XNYM	FCMXSX	MTONS	2026,2027,2028,2029	SR5F7,SR5F8,SR5F9,SR5G7
SRB	448	ready_non_test	80	CP	exact	80	CPC-REFINED 2	4,17,21	d21acb34cc1857d77a01ba9c499b2dbce43ad125dec0afd933e79467e288747a	False	False	False		XNYM	FCMXSX	MTONS	2026	SRBJ601,SRBJ602,SRBJ607,SRBJ608
SSW	469	ready_non_test	80	CC	exact	80	REFINED FUTURES 	4,17,21	d21acb34cc1857d77a01ba9c499b2dbce43ad125dec0afd933e79467e288747a	False	False	False		XNYM	FCMXSX	BBL	2026,2027,2028,2029,2030,2031	SSWF0,SSWF1,SSWF7,SSWF8
STI	259	ready_non_test	80	RF	exact	80	CPC-REFIND	4,17,21	d21acb34cc1857d77a01ba9c499b2dbce43ad125dec0afd933e79467e288747a	False	False	False		XNYM	FCMXSX	BBL	2026,2027,2028,2029	STIF7,STIF8,STIF9,STIG7
STR	259	ready_non_test	80	PT	exact	80	CPC FUEL OIL (1)	4,17,21	d21acb34cc1857d77a01ba9c499b2dbce43ad125dec0afd933e79467e288747a	False	False	False		XNYM	FCMXSX	BRL	2026,2027,2028,2029	STRF7,STRF8,STRF9,STRG7
STS	259	ready_non_test	80	RF	exact	80	CPC-REFIND	4,17,21	d21acb34cc1857d77a01ba9c499b2dbce43ad125dec0afd933e79467e288747a	False	False	False		XNYM	FCMXSX	BRL	2026,2027,2028,2029	STSF7,STSF8,STSF9,STSG7
STY	588	ready_non_test	78	JR	exact	78	CPC-REFINED 3	4,17,21	d21acb34cc1857d77a01ba9c499b2dbce43ad125dec0afd933e79467e288747a	False	False	False		XNYM	FCMXSX	BRL	2026	STYJ601,STYJ602,STYJ606,STYJ607
SU	14	ready_non_test	68	SU	exact	68	S&P VALUE FUTURES	4,17,21	d21acb34cc1857d77a01ba9c499b2dbce43ad125dec0afd933e79467e288747a	False	False	False		XCME	FFIXSX	IPNT	2026	SUM6,SUU6
SUT	14	ready_non_test	68	PV	exact	68	BTIC S&P 500 VALUE INDEX FUTURES	4,17,21	cdfb6991d0a44427cfcfb9cdf2a11b9d54a2cb0241bb6153eb8a8cf0baed32dd	False	False	False		XCME	FFIXSX	IPNT	2026	SUTM6,SUTU6
SWT	35	ready_non_test	68	H7	exact	68	BTIC S&P OIL&GAS EXPLORE/PROD SELECT INDEX FUTURE	4,17,21	cdfb6991d0a44427cfcfb9cdf2a11b9d54a2cb0241bb6153eb8a8cf0baed32dd	False	False	False		XCME	FFIXSX	IPNT	2026,2027	SWTH7,SWTM6,SWTM7,SWTU6
SXB	35	ready_non_test	68	X3	exact	68	S&P REGIONAL BANK SELECT INDEX FUTURE	4,17,21	d21acb34cc1857d77a01ba9c499b2dbce43ad125dec0afd933e79467e288747a	False	False	False		XCME	FFIXSX	IPNT	2026,2027	SXBH7,SXBM6,SXBM7,SXBU6
SXI	35	ready_non_test	68	X4	exact	68	S&P INSURANCE SELECT INDEX FUTURE	4,17,21	d21acb34cc1857d77a01ba9c499b2dbce43ad125dec0afd933e79467e288747a	False	False	False		XCME	FFIXSX	IPNT	2026,2027	SXIH7,SXIM6,SXIM7,SXIU6
SXO	35	ready_non_test	68	X6	exact	68	S&P OIL&GAS EXPLORE/PROD SELECT INDEX FUTURE	4,17,21	d21acb34cc1857d77a01ba9c499b2dbce43ad125dec0afd933e79467e288747a	False	False	False		XCME	FFIXSX	IPNT	2026,2027	SXOH7,SXOM6,SXOM7,SXOU6
SXR	35	ready_non_test	68	X7	exact	68	S&P RETAIL SELECT INDEX FUTURE	4,17,21	d21acb34cc1857d77a01ba9c499b2dbce43ad125dec0afd933e79467e288747a	False	False	False		XCME	FFIXSX	IPNT	2026,2027	SXRH7,SXRM6,SXRM7,SXRU6
SXT	35	ready_non_test	68	X5	exact	68	S&P BIOTECH SELECT INDEX FUTURE	4,17,21	d21acb34cc1857d77a01ba9c499b2dbce43ad125dec0afd933e79467e288747a	False	False	False		XCME	FFIXSX	IPNT	2026,2027	SXTH7,SXTM6,SXTM7,SXTU6
SYP	49	ready_non_test	70	LU	exact	70	LUMBER FUTURES	4,17,21	a46184322c8d1bddd1a66e9f3adc582c1fd1ab4f41959fc8defb1a0cafbbcca3	False	False	False		XCME	FCAXSX	BDFT	2026,2027	SYPF7,SYPH7,SYPK6,SYPK7
T1B	574	ready_non_test	78	FT	exact	78	FREIGHT FUTURES	4,17,21	d21acb34cc1857d77a01ba9c499b2dbce43ad125dec0afd933e79467e288747a	False	False	False		XNYM	FCMXSX	MTONS	2026	T1BJ601,T1BJ602,T1BJ607,T1BJ608
T1S	14	ready_non_test	84	SJ	exact	84	2-YEAR DELIVERABLE INTEREST RATE SWAP	4,17,21	d21acb34cc1857d77a01ba9c499b2dbce43ad125dec0afd933e79467e288747a	False	False	False		XCBT	FFDXSX	USD	2026	T1SM6,T1SU6
T1Y	7	synthetic_no_ready	82	04	exact	82	SYNTHETIC INTEREST RATE	2,4	bf10f1b3e23ad8320182b8dc97354d72ac617d87796ea55c0d14e6f5f2ae0fcc	False	False	False		XCME	FFDXSX	USD	2050	T1YZ0
T2B	574	ready_non_test	78	FT	exact	78	FREIGHT FUTURES	4,17,21	d21acb34cc1857d77a01ba9c499b2dbce43ad125dec0afd933e79467e288747a	False	False	False		XNYM	FCMXSX	MTONS	2026	T2BJ601,T2BJ602,T2BJ607,T2BJ608
T2D	483	ready_non_test	78	FT	exact	78	FREIGHT FUTURES	4,17,21	d21acb34cc1857d77a01ba9c499b2dbce43ad125dec0afd933e79467e288747a	False	False	False		XNYM	FCMXSX	MTONS	2026,2027,2028,2029,2030,2031	T2DF0,T2DF1,T2DF7,T2DF8
T2M	489	ready_non_test	78	FT	exact	78	FREIGHT FUTURES	4,17,21	d21acb34cc1857d77a01ba9c499b2dbce43ad125dec0afd933e79467e288747a	False	False	False		XNYM	FCMXSX	MTONS	2026	T2MJ620,T2MJ621,T2MJ622,T2MJ623
T3B	588	ready_non_test	78	FT	exact	78	FREIGHT FUTURES	4,17,21	d21acb34cc1857d77a01ba9c499b2dbce43ad125dec0afd933e79467e288747a	False	False	False		XNYM	FCMXSX	MTONS	2026	T3BJ601,T3BJ602,T3BJ606,T3BJ607
T3L	476	ready_non_test	78	PW	exact	78	50 MW POWER- CMED	4,17,21	d21acb34cc1857d77a01ba9c499b2dbce43ad125dec0afd933e79467e288747a	False	False	False		XNYM	FCMXSX	MWH	2026,2027,2028,2029,2030,2031	T3LF0,T3LF1,T3LF7,T3LF8
T4B	574	ready_non_test	78	FT	exact	78	FREIGHT FUTURES	4,17,21	d21acb34cc1857d77a01ba9c499b2dbce43ad125dec0afd933e79467e288747a	False	False	False		XNYM	FCMXSX	MTONS	2026	T4BJ601,T4BJ602,T4BJ607,T4BJ608
T4D	489	ready_non_test	78	FT	exact	78	FREIGHT FUTURES	4,17,21	d21acb34cc1857d77a01ba9c499b2dbce43ad125dec0afd933e79467e288747a	False	False	False		XNYM	FCMXSX	MTONS	2026	T4DJ620,T4DJ621,T4DJ622,T4DJ623
T5B	574	ready_non_test	78	FT	exact	78	FREIGHT FUTURES	4,17,21	d21acb34cc1857d77a01ba9c499b2dbce43ad125dec0afd933e79467e288747a	False	False	False		XNYM	FCMXSX	MTONS	2026	T5BJ601,T5BJ602,T5BJ607,T5BJ608
T5C	231	ready_non_test	78	FT	exact	78	FREIGHT FUTURES	4,17,21	d21acb34cc1857d77a01ba9c499b2dbce43ad125dec0afd933e79467e288747a	False	False	False		XNYM	FCMXSX	MTONS	2026,2027,2028	T5CF7,T5CF8,T5CG7,T5CG8
T6B	574	ready_non_test	78	FT	exact	78	FREIGHT FUTURES	4,17,21	d21acb34cc1857d77a01ba9c499b2dbce43ad125dec0afd933e79467e288747a	False	False	False		XNYM	FCMXSX	MTONS	2026	T6BJ601,T6BJ602,T6BJ607,T6BJ608
T7C	483	ready_non_test	78	FT	exact	78	FREIGHT FUTURES	4,17,21	d21acb34cc1857d77a01ba9c499b2dbce43ad125dec0afd933e79467e288747a	False	False	False		XNYM	FCMXSX	MTONS	2026,2027,2028,2029,2030,2031	T7CF0,T7CF1,T7CF7,T7CF8
T7K	315	ready_non_test	80	PT	exact	80	CPC FUEL OIL (1)	4,17,21	d21acb34cc1857d77a01ba9c499b2dbce43ad125dec0afd933e79467e288747a	False	False	False		XNYM	FCMXSX	BBL	2026,2027,2028,2029	T7KF7,T7KF8,T7KF9,T7KG7
T8B	574	ready_non_test	78	FT	exact	78	FREIGHT FUTURES	4,17,21	d21acb34cc1857d77a01ba9c499b2dbce43ad125dec0afd933e79467e288747a	False	False	False		XNYM	FCMXSX	MTONS	2026	T8BJ601,T8BJ602,T8BJ607,T8BJ608
T8C	315	ready_non_test	78	FT	exact	78	FREIGHT FUTURES	4,17,21	d21acb34cc1857d77a01ba9c499b2dbce43ad125dec0afd933e79467e288747a	False	False	False		XNYM	FCMXSX	MTONS	2026,2027,2028,2029	T8CF7,T8CF8,T8CF9,T8CG7
TAS	14	ready_non_test	78	DG	exact	78	DUTCH NATURAL GAS TAS 	2,4,17,21	b03d3d1816fb3acb3deef2d159e2fdd09a1893bf9d5fec72b22a095b06c3e8fc	False	False	False		XNYM	FCMXSX	MWH	2026	TASK6,TASM6
TB2	574	ready_non_test	78	FT	exact	78	FREIGHT FUTURES	4,17,21	d21acb34cc1857d77a01ba9c499b2dbce43ad125dec0afd933e79467e288747a	False	False	False		XNYM	FCMXSX	MTONS	2026	TB2J601,TB2J602,TB2J607,TB2J608
TBF3	42	ready_non_test	82	BH	exact	82	US TREASURY BILL FUTURES	4,17,21	d21acb34cc1857d77a01ba9c499b2dbce43ad125dec0afd933e79467e288747a	False	False	False		XCME	FFDXSX	USD	2026,2027	TBF3H7,TBF3K6,TBF3M6,TBF3N6
TBK	304	ready_non_test	80	CC	exact	80	REFINED FUTURES 	4,17,21	d21acb34cc1857d77a01ba9c499b2dbce43ad125dec0afd933e79467e288747a	False	False	False		XNYM	FCMXSX	BBL	2026,2027,2028,2029	TBKF7,TBKF8,TBKF9,TBKG7
TBM	24	ready_non_test	74	CI	exact	74	BITCOIN TAS (TBT/TBM)	2,4,17,18,21	b83ff283ebd42a51d2cbafb8aab2c7f2258f71589e9247e34ac95a5446bda6c5	False	False	False		XCME	FFIXSX	IPNT	2026	TBMJ6,TBMK6,TBMM6,TBMN6
TBT	24	ready_non_test	74	CI	exact	74	BITCOIN TAS (TBT/TBM)	2,4,17,18,21	b83ff283ebd42a51d2cbafb8aab2c7f2258f71589e9247e34ac95a5446bda6c5	False	False	False		XCME	FFIXSX	IPNT	2026	TBTJ6,TBTK6,TBTM6,TBTN6
TC1	315	ready_non_test	78	FT	exact	78	FREIGHT FUTURES	4,17,21	d21acb34cc1857d77a01ba9c499b2dbce43ad125dec0afd933e79467e288747a	False	False	False		XNYM	FCMXSX	MTONS	2026,2027,2028,2029	TC1F7,TC1F8,TC1F9,TC1G7
TC6	175	ready_non_test	78	FT	exact	78	FREIGHT FUTURES	4,17,21	d21acb34cc1857d77a01ba9c499b2dbce43ad125dec0afd933e79467e288747a	False	False	False		XNYM	FCMXSX	MTONS	2026,2027,2028	TC6F7,TC6F8,TC6G7,TC6G8
TC7	483	ready_non_test	78	FT	exact	78	FREIGHT FUTURES	4,17,21	d21acb34cc1857d77a01ba9c499b2dbce43ad125dec0afd933e79467e288747a	False	False	False		XNYM	FCMXSX	MTONS	2026,2027,2028,2029,2030,2031	TC7F0,TC7F1,TC7F7,TC7F8
TCS	304	ready_non_test	80	CC	exact	80	REFINED FUTURES 	4,17,21	d21acb34cc1857d77a01ba9c499b2dbce43ad125dec0afd933e79467e288747a	False	False	False		XNYM	FCMXSX	BBL	2026,2027,2028,2029	TCSF7,TCSF8,TCSF9,TCSG7
TD3	231	ready_non_test	78	FT	exact	78	FREIGHT FUTURES	4,17,21	d21acb34cc1857d77a01ba9c499b2dbce43ad125dec0afd933e79467e288747a	False	False	False		XNYM	FCMXSX	MTONS	2026,2027,2028	TD3F7,TD3F8,TD3G7,TD3G8
TD8	231	ready_non_test	78	FT	exact	78	FREIGHT FUTURES	4,17,21	d21acb34cc1857d77a01ba9c499b2dbce43ad125dec0afd933e79467e288747a	False	False	False		XNYM	FCMXSX	MTONS	2026,2027,2028	TD8F7,TD8F8,TD8G7,TD8G8
TDM	483	ready_non_test	78	FT	exact	78	FREIGHT FUTURES	4,17,21	d21acb34cc1857d77a01ba9c499b2dbce43ad125dec0afd933e79467e288747a	False	False	False		XNYM	FCMXSX	MTONS	2026,2027,2028,2029,2030,2031	TDMF0,TDMF1,TDMF7,TDMF8
TEF	315	ready_non_test	78	ZZ	exact	78	CPC-POWER/PETROCHEM	4,17,21	d21acb34cc1857d77a01ba9c499b2dbce43ad125dec0afd933e79467e288747a	False	False	False		XNYM	FCMXSX	MTONS	2026,2027,2028,2029	TEFF7,TEFF8,TEFF9,TEFG7
TEM	24	ready_non_test	74	CM	exact	74	ETHER TAS (TET/TEM) 	2,4,17,18,21	b83ff283ebd42a51d2cbafb8aab2c7f2258f71589e9247e34ac95a5446bda6c5	False	False	False		XCME	FFIXSX	IPNT	2026	TEMJ6,TEMK6,TEMM6,TEMN6
TET	24	ready_non_test	74	CM	exact	74	ETHER TAS (TET/TEM) 	2,4,17,18,21	b83ff283ebd42a51d2cbafb8aab2c7f2258f71589e9247e34ac95a5446bda6c5	False	False	False		XCME	FFIXSX	IPNT	2026	TETJ6,TETK6,TETM6,TETN6
TF2	483	ready_non_test	78	FT	exact	78	FREIGHT FUTURES	4,17,21	d21acb34cc1857d77a01ba9c499b2dbce43ad125dec0afd933e79467e288747a	False	False	False		XNYM	FCMXSX	MTONS	2026,2027,2028,2029,2030,2031	TF2F0,TF2F1,TF2F7,TF2F8
TFB	574	ready_non_test	78	FT	exact	78	FREIGHT FUTURES	4,17,21	d21acb34cc1857d77a01ba9c499b2dbce43ad125dec0afd933e79467e288747a	False	False	False		XNYM	FCMXSX	MTONS	2026	TFBJ601,TFBJ602,TFBJ607,TFBJ608
TFU	476	ready_non_test	78	FD	exact	78	NAT GAS FIXED,SWING,INDEX- CMED	4,17,21	d21acb34cc1857d77a01ba9c499b2dbce43ad125dec0afd933e79467e288747a	False	False	False		XNYM	FCMXSX	MMBTU	2026,2027,2028,2029,2030,2031	TFUF0,TFUF1,TFUF7,TFUF8
TH	483	ready_non_test	78	FT	exact	78	FREIGHT FUTURES	4,17,21	d21acb34cc1857d77a01ba9c499b2dbce43ad125dec0afd933e79467e288747a	False	False	False		XNYM	FCMXSX	MTONS	2026,2027,2028,2029,2030,2031	THF0,THF1,THF7,THF8
THAI	63	ready_non_test	88	6H	exact	88	THAI BAHT/US DOLLAR (THB/USD) FUTURES	4,17,21	d21acb34cc1857d77a01ba9c499b2dbce43ad125dec0afd933e79467e288747a	False	False	False		XCME	FFCXSX	THB	2026,2027	THAIH7,THAIJ6,THAIK6,THAIM6
THB	588	ready_non_test	78	FT	exact	78	FREIGHT FUTURES	4,17,21	d21acb34cc1857d77a01ba9c499b2dbce43ad125dec0afd933e79467e288747a	False	False	False		XNYM	FCMXSX	MTONS	2026	THBJ601,THBJ602,THBJ606,THBJ607
THD	308	ready_non_test	78	HX	exact	78	PER DAY HENRY HUB SWAP FUTURES	4,17,21	d21acb34cc1857d77a01ba9c499b2dbce43ad125dec0afd933e79467e288747a	False	False	False		XNYM	FCMXSX	MMBTU	2026,2027,2028,2029	THDF7,THDF8,THDF9,THDG7
TI3	147	ready_non_test	82	MI	exact	82	MEXICAN F-TIIE FUTURES	4,17,21	d21acb34cc1857d77a01ba9c499b2dbce43ad125dec0afd933e79467e288747a	False	False	False		XCME	FFDXSX	MXN	2026,2027,2028,2029,2030,2031	TI3H0,TI3H1,TI3H6,TI3H7
TIE	182	ready_non_test	82	MI	exact	82	MEXICAN F-TIIE FUTURES	4,17,21	d21acb34cc1857d77a01ba9c499b2dbce43ad125dec0afd933e79467e288747a	False	False	False		XCME	FFDXSX	MXN	2026,2027,2028	TIEF7,TIEF8,TIEG7,TIEG8
TIL	315	ready_non_test	80	CC	exact	80	REFINED FUTURES 	4,17,21	d21acb34cc1857d77a01ba9c499b2dbce43ad125dec0afd933e79467e288747a	False	False	False		XNYM	FCMXSX	BBL	2026,2027,2028,2029	TILF7,TILF8,TILF9,TILG7
TIO	315	ready_non_test	78	IO	exact	78	IRON ORE CFR CHINA (TSI) FUTURES	4,17,21	d21acb34cc1857d77a01ba9c499b2dbce43ad125dec0afd933e79467e288747a	False	False	False		XCEC	FXXXSX	DT	2026,2027,2028,2029	TIOF7,TIOF8,TIOF9,TIOG7
TK	259	ready_non_test	78	FT	exact	78	FREIGHT FUTURES	4,17,21	d21acb34cc1857d77a01ba9c499b2dbce43ad125dec0afd933e79467e288747a	False	False	False		XNYM	FCMXSX	MTONS	2026,2027,2028,2029	TKF7,TKF8,TKF9,TKG7
TKB	574	ready_non_test	78	FT	exact	78	FREIGHT FUTURES	4,17,21	d21acb34cc1857d77a01ba9c499b2dbce43ad125dec0afd933e79467e288747a	False	False	False		XNYM	FCMXSX	MTONS	2026	TKBJ601,TKBJ602,TKBJ607,TKBJ608
TL	483	ready_non_test	78	FT	exact	78	FREIGHT FUTURES	4,17,21	d21acb34cc1857d77a01ba9c499b2dbce43ad125dec0afd933e79467e288747a	False	False	False		XNYM	FCMXSX	MTONS	2026,2027,2028,2029,2030,2031	TLF0,TLF1,TLF7,TLF8
TLB	574	ready_non_test	78	FT	exact	78	FREIGHT FUTURES	4,17,21	d21acb34cc1857d77a01ba9c499b2dbce43ad125dec0afd933e79467e288747a	False	False	False		XNYM	FCMXSX	MTONS	2026	TLBJ601,TLBJ602,TLBJ607,TLBJ608
TLD	489	ready_non_test	78	FT	exact	78	FREIGHT FUTURES	4,17,21	d21acb34cc1857d77a01ba9c499b2dbce43ad125dec0afd933e79467e288747a	False	False	False		XNYM	FCMXSX	MTONS	2026	TLDJ620,TLDJ621,TLDJ622,TLDJ623
TM	483	ready_non_test	78	FT	exact	78	FREIGHT FUTURES	4,17,21	d21acb34cc1857d77a01ba9c499b2dbce43ad125dec0afd933e79467e288747a	False	False	False		XNYM	FCMXSX	MTONS	2026,2027,2028,2029,2030,2031	TMF0,TMF1,TMF7,TMF8
TMB	574	ready_non_test	78	FT	exact	78	FREIGHT FUTURES	4,17,21	d21acb34cc1857d77a01ba9c499b2dbce43ad125dec0afd933e79467e288747a	False	False	False		XNYM	FCMXSX	MTONS	2026	TMBJ601,TMBJ602,TMBJ607,TMBJ608
TMD	489	ready_non_test	78	FT	exact	78	FREIGHT FUTURES	4,17,21	d21acb34cc1857d77a01ba9c499b2dbce43ad125dec0afd933e79467e288747a	False	False	False		XNYM	FCMXSX	MTONS	2026	TMDJ620,TMDJ621,TMDJ622,TMDJ623
TMS	24	ready_non_test	74	LT	exact	74	SOLANA TAS (TSL//TMS) 	2,4,17,18,21	b83ff283ebd42a51d2cbafb8aab2c7f2258f71589e9247e34ac95a5446bda6c5	False	False	False		XCME	FFIXSX	IPNT	2026	TMSJ6,TMSK6,TMSM6,TMSN6
TMX	24	ready_non_test	74	XQ	exact	74	XRP TAS (TXP//TMX) 	2,4,17,18,21	b83ff283ebd42a51d2cbafb8aab2c7f2258f71589e9247e34ac95a5446bda6c5	False	False	False		XCME	FFIXSX	IPNT	2026	TMXJ6,TMXK6,TMXM6,TMXN6
TNCP1	7	synthetic_no_ready	84	06	exact	84	SYNTHETIC TREASURY SWAPS	2,4	bf10f1b3e23ad8320182b8dc97354d72ac617d87796ea55c0d14e6f5f2ae0fcc	True	True	False		XCBT	FCAXSX	IPNT	2099	TNCP1Z99
TNCPA	7	synthetic_no_ready	84	06	exact	84	SYNTHETIC TREASURY SWAPS	2,4	bf10f1b3e23ad8320182b8dc97354d72ac617d87796ea55c0d14e6f5f2ae0fcc	True	True	False		XCBT	FCAXSX	IPNT	2099	TNCPAZ99
TNT	7	ready_non_test	84	VT	exact	84	TAS ON 10YR ULTRA NOTE FUTURES	2,4,17,21	9635c56fe1163fe61aa3ec0c64f7c8e9b654d1df76b298d7b726f73fa8ca4105	False	False	False		XCBT	FFDXSX	USD	2026	TNTM6
TOAD	161	synthetic_no_ready	88	01	exact	88	SYNTHETIC GBP/AUD/JPY SPOT FX	2,4	bf10f1b3e23ad8320182b8dc97354d72ac617d87796ea55c0d14e6f5f2ae0fcc	False	False	False		XCME	FFCXSX	AUD	2026,2027,2028,2029,2030,2031	TOADH0,TOADH1,TOADH7,TOADH8
TOBP	161	synthetic_no_ready	88	01	exact	88	SYNTHETIC GBP/AUD/JPY SPOT FX	2,4	bf10f1b3e23ad8320182b8dc97354d72ac617d87796ea55c0d14e6f5f2ae0fcc	False	False	False		XCME	FFCXSX	GBP	2026,2027,2028,2029,2030,2031	TOBPH0,TOBPH1,TOBPH7,TOBPH8
TOBR	427	synthetic_no_ready	88	01	exact	88	SYNTHETIC GBP/AUD/JPY SPOT FX	2,4	bf10f1b3e23ad8320182b8dc97354d72ac617d87796ea55c0d14e6f5f2ae0fcc	False	False	False		XCME	FFCXSX	BRL	2026,2027,2028,2029,2030,2031	TOBRF0,TOBRF1,TOBRF7,TOBRF8
TOC1	161	synthetic_no_ready	88	01	exact	88	SYNTHETIC GBP/AUD/JPY SPOT FX	2,4	bf10f1b3e23ad8320182b8dc97354d72ac617d87796ea55c0d14e6f5f2ae0fcc	False	False	False		XCME	FFCXSX	CAD	2026,2027,2028,2029,2030,2031	TOC1H0,TOC1H1,TOC1H7,TOC1H8
TOCN	42	synthetic_no_ready	88	01	exact	88	SYNTHETIC GBP/AUD/JPY SPOT FX	2,4	bf10f1b3e23ad8320182b8dc97354d72ac617d87796ea55c0d14e6f5f2ae0fcc	False	False	False		XCME	FFCXSX	USD	2026,2027	TOCNH7,TOCNM6,TOCNM7,TOCNU6
TOE1	140	synthetic_no_ready	88	01	exact	88	SYNTHETIC GBP/AUD/JPY SPOT FX	2,4	bf10f1b3e23ad8320182b8dc97354d72ac617d87796ea55c0d14e6f5f2ae0fcc	False	False	False		XCME	FFCXSX	CHF	2026,2027,2028,2029,2030,2031	TOE1H0,TOE1H1,TOE1H7,TOE1H8
TOEC	161	synthetic_no_ready	88	01	exact	88	SYNTHETIC GBP/AUD/JPY SPOT FX	2,4	bf10f1b3e23ad8320182b8dc97354d72ac617d87796ea55c0d14e6f5f2ae0fcc	False	False	False		XCME	FFCXSX	EUR	2026,2027,2028,2029,2030,2031	TOECH0,TOECH1,TOECH7,TOECH8
TOJ1	161	synthetic_no_ready	88	01	exact	88	SYNTHETIC GBP/AUD/JPY SPOT FX	2,4	bf10f1b3e23ad8320182b8dc97354d72ac617d87796ea55c0d14e6f5f2ae0fcc	False	False	False		XCME	FFCXSX	JPY	2026,2027,2028,2029,2030,2031	TOJ1H0,TOJ1H1,TOJ1H7,TOJ1H8
TOMP	105	synthetic_no_ready	88	01	exact	88	SYNTHETIC GBP/AUD/JPY SPOT FX	2,4	bf10f1b3e23ad8320182b8dc97354d72ac617d87796ea55c0d14e6f5f2ae0fcc	False	False	False		XCME	FFCXSX	MXN	2026,2027	TOMPF7,TOMPG7,TOMPH7,TOMPJ7
TONE	42	synthetic_no_ready	88	01	exact	88	SYNTHETIC GBP/AUD/JPY SPOT FX	2,4	bf10f1b3e23ad8320182b8dc97354d72ac617d87796ea55c0d14e6f5f2ae0fcc	False	False	False		XCME	FFCXSX	NZD	2026,2027	TONEH7,TONEM6,TONEM7,TONEU6
TORA	119	synthetic_no_ready	88	01	exact	88	SYNTHETIC GBP/AUD/JPY SPOT FX	2,4	bf10f1b3e23ad8320182b8dc97354d72ac617d87796ea55c0d14e6f5f2ae0fcc	False	False	False		XCME	FFCXSX	ZAR	2026,2027,2028	TORAF7,TORAG7,TORAH7,TORAH8
TORF	42	synthetic_no_ready	88	01	exact	88	SYNTHETIC GBP/AUD/JPY SPOT FX	2,4	bf10f1b3e23ad8320182b8dc97354d72ac617d87796ea55c0d14e6f5f2ae0fcc	False	False	False		XCME	FFCXSX	EUR	2026,2027	TORFH7,TORFM6,TORFM7,TORFU6
TORP	63	synthetic_no_ready	88	01	exact	88	SYNTHETIC GBP/AUD/JPY SPOT FX	2,4	bf10f1b3e23ad8320182b8dc97354d72ac617d87796ea55c0d14e6f5f2ae0fcc	False	False	False		XCME	FFCXSX	EUR	2026,2027	TORPH7,TORPK6,TORPM6,TORPM7
TORY	42	synthetic_no_ready	88	01	exact	88	SYNTHETIC GBP/AUD/JPY SPOT FX	2,4	bf10f1b3e23ad8320182b8dc97354d72ac617d87796ea55c0d14e6f5f2ae0fcc	False	False	False		XCME	FFCXSX	EUR	2026,2027	TORYH7,TORYM6,TORYM7,TORYU6
TOSE	42	synthetic_no_ready	88	01	exact	88	SYNTHETIC GBP/AUD/JPY SPOT FX	2,4	bf10f1b3e23ad8320182b8dc97354d72ac617d87796ea55c0d14e6f5f2ae0fcc	False	False	False		XCME	FFCXSX	SEK	2026,2027	TOSEH7,TOSEM6,TOSEM7,TOSEU6
TOSI	119	synthetic_no_ready	88	01	exact	88	SYNTHETIC GBP/AUD/JPY SPOT FX	2,4	bf10f1b3e23ad8320182b8dc97354d72ac617d87796ea55c0d14e6f5f2ae0fcc	False	False	False		XCME	FFCXSX	INR	2026,2027,2028	TOSIF7,TOSIG7,TOSIH7,TOSIH8
TOUN	42	synthetic_no_ready	88	01	exact	88	SYNTHETIC GBP/AUD/JPY SPOT FX	2,4	bf10f1b3e23ad8320182b8dc97354d72ac617d87796ea55c0d14e6f5f2ae0fcc	False	False	False		XCME	FFCXSX	NOK	2026,2027	TOUNH7,TOUNM6,TOUNM7,TOUNU6
TPB	35	ready_non_test	68	BJ	exact	68	BTIC TOPIX	4,17,21	a53138d10f1fad235707687e2ccb916acefa42a37e77c4f73b5fb8b577829f9a	False	False	False		XCME	FFIXSX	IPNT	2026,2027	TPBH7,TPBM6,TPBM7,TPBU6
TPD	35	ready_non_test	68	TJ	exact	68	TOPIX FUTURES 	4,17,21	d21acb34cc1857d77a01ba9c499b2dbce43ad125dec0afd933e79467e288747a	False	False	False		XCME	FFIXSX	IPNT	2026,2027	TPDH7,TPDM6,TPDM7,TPDU6
TPT	35	ready_non_test	68	BJ	exact	68	BTIC TOPIX	4,17,21	a53138d10f1fad235707687e2ccb916acefa42a37e77c4f73b5fb8b577829f9a	False	False	False		XCME	FFIXSX	IPNT	2026,2027	TPTH7,TPTM6,TPTM7,TPTU6
TPY	35	ready_non_test	68	TJ	exact	68	TOPIX FUTURES 	4,17,21	d21acb34cc1857d77a01ba9c499b2dbce43ad125dec0afd933e79467e288747a	False	False	False		XCME	FFIXSX	IPNT	2026,2027	TPYH7,TPYM6,TPYM7,TPYU6
TR1	7	synthetic_no_ready	82	04	exact	82	SYNTHETIC INTEREST RATE	2,4	bf10f1b3e23ad8320182b8dc97354d72ac617d87796ea55c0d14e6f5f2ae0fcc	False	False	False		XCME	FFDXSX	USD	2050	TR1Z0
TR3	7	synthetic_no_ready	82	04	exact	82	SYNTHETIC INTEREST RATE	2,4	bf10f1b3e23ad8320182b8dc97354d72ac617d87796ea55c0d14e6f5f2ae0fcc	False	False	False		XCME	FFDXSX	USD	2050	TR3Z0
TR6	7	synthetic_no_ready	82	04	exact	82	SYNTHETIC INTEREST RATE	2,4	bf10f1b3e23ad8320182b8dc97354d72ac617d87796ea55c0d14e6f5f2ae0fcc	False	False	False		XCME	FFDXSX	USD	2050	TR6Z0
TRB	7	ready_non_test	68	TB	exact	68	BTIC SP TOTAL RETURN	4,17,21	cdfb6991d0a44427cfcfb9cdf2a11b9d54a2cb0241bb6153eb8a8cf0baed32dd	False	False	False		XCME	FFIXSX	IPNT	2026	TRBZ6
TRI	7	synthetic_no_ready	68	0B	exact	68	SYNTHETIC EQUITY	2,4	bf10f1b3e23ad8320182b8dc97354d72ac617d87796ea55c0d14e6f5f2ae0fcc	False	False	False		XCME	FFIXSX	IPNT	2026	TRIZ6
TRL	42	ready_non_test	88	6T	exact	88	TURKISH LIRA/US DOLLAR FUTURES	4,17,21	d21acb34cc1857d77a01ba9c499b2dbce43ad125dec0afd933e79467e288747a	False	False	False		XCME	FFCXSX	TRY	2026,2027	TRLH7,TRLM6,TRLM7,TRLU6
TSL	24	ready_non_test	74	LT	exact	74	SOLANA TAS (TSL//TMS) 	2,4,17,18,21	b83ff283ebd42a51d2cbafb8aab2c7f2258f71589e9247e34ac95a5446bda6c5	False	False	False		XCME	FFIXSX	IPNT	2026	TSLJ6,TSLK6,TSLM6,TSLN6
TT	73	ready_non_test	78	TT	exact	78	COTTON FUTURES	4,17,21	d21acb34cc1857d77a01ba9c499b2dbce43ad125dec0afd933e79467e288747a	False	False	False		XNYM	FCAXSX	LBS	2026,2027,2028	TTH7,TTH8,TTK6,TTK7
TTB	476	ready_non_test	78	FD	exact	78	NAT GAS FIXED,SWING,INDEX- CMED	4,17,21	d21acb34cc1857d77a01ba9c499b2dbce43ad125dec0afd933e79467e288747a	False	False	False		XNYM	FCMXSX	MMBTU	2026,2027,2028,2029,2030,2031	TTBF0,TTBF1,TTBF7,TTBF8
TTD	469	ready_non_test	78	FD	exact	78	NAT GAS FIXED,SWING,INDEX- CMED	4,17,21	d21acb34cc1857d77a01ba9c499b2dbce43ad125dec0afd933e79467e288747a	False	False	False		XNYM	FCMXSX	MWH	2026	TTDJ621,TTDJ622,TTDJ623,TTDJ624
TTE	308	ready_non_test	78	HX	exact	78	PER DAY HENRY HUB SWAP FUTURES	4,17,21	d21acb34cc1857d77a01ba9c499b2dbce43ad125dec0afd933e79467e288747a	False	False	False		XNYM	FCMXSX	MMBTU	2026,2027,2028,2029	TTEF7,TTEF8,TTEF9,TTEG7
TTF	896	ready_non_test	78	FD	exact	78	NAT GAS FIXED,SWING,INDEX- CMED	4,17,21	d21acb34cc1857d77a01ba9c499b2dbce43ad125dec0afd933e79467e288747a	False	False	False		XNYM	FCMXSX	MWH	2026,2027,2028,2029,2030,2031,2032,2033,2034,2035,2036	TTFF0,TTFF1,TTFF2,TTFF33
TTG	476	ready_non_test	78	FD	exact	78	NAT GAS FIXED,SWING,INDEX- CMED	4,17,21	d21acb34cc1857d77a01ba9c499b2dbce43ad125dec0afd933e79467e288747a	False	False	False		XNYM	FCMXSX	MWH	2026,2027,2028,2029,2030,2031	TTGF0,TTGF1,TTGF7,TTGF8
TTH	896	ready_non_test	78	FD	exact	78	NAT GAS FIXED,SWING,INDEX- CMED	4,17,21	d21acb34cc1857d77a01ba9c499b2dbce43ad125dec0afd933e79467e288747a	False	False	False		XNYM	FCMXSX	MWH	2026,2027,2028,2029,2030,2031,2032,2033,2034,2035,2036	TTHF0,TTHF1,TTHF2,TTHF3
TTI	476	ready_non_test	78	FD	exact	78	NAT GAS FIXED,SWING,INDEX- CMED	4,17,21	d21acb34cc1857d77a01ba9c499b2dbce43ad125dec0afd933e79467e288747a	False	False	False		XNYM	FCMXSX	MWH	2026,2027,2028,2029,2030,2031	TTIF0,TTIF1,TTIF7,TTIF8
TTP	892	ready_non_test	78	FD	exact	78	NAT GAS FIXED,SWING,INDEX- CMED	4,17,21	d21acb34cc1857d77a01ba9c499b2dbce43ad125dec0afd933e79467e288747a	False	False	False		XNYM	FCMXSX	MWH	2026,2027,2028,2029,2030,2031,2032,2033,2034,2035,2036	TTPF0,TTPF1,TTPF2,TTPF3
TTS	14	ready_non_test	78	DG	exact	78	DUTCH NATURAL GAS TAS 	2,4,17,21	b03d3d1816fb3acb3deef2d159e2fdd09a1893bf9d5fec72b22a095b06c3e8fc	False	False	False		XNYM	FCMXSX	MWH	2026	TTSK6,TTSM6
TW	259	ready_non_test	80	CP	exact	80	CPC-REFINED 2	4,17,21	d21acb34cc1857d77a01ba9c499b2dbce43ad125dec0afd933e79467e288747a	False	False	False		XNYM	FCMXSX	MTONS	2026,2027,2028,2029	TWF7,TWF8,TWF9,TWG7
TWE	21	ready_non_test	84	ZY	exact	84	20-YEAR TREASURY BONDS	4,17,21	d21acb34cc1857d77a01ba9c499b2dbce43ad125dec0afd933e79467e288747a	False	False	False		XCBT	FFDXSX	USD	2026	TWEM6,TWEU6,TWEZ6
TXP	24	ready_non_test	74	XQ	exact	74	XRP TAS (TXP//TMX) 	2,4,17,18,21	b83ff283ebd42a51d2cbafb8aab2c7f2258f71589e9247e34ac95a5446bda6c5	False	False	False		XCME	FFIXSX	IPNT	2026	TXPJ6,TXPK6,TXPM6,TXPN6
U7	588	ready_non_test	80	CP	exact	80	CPC-REFINED 2	4,17,21	d21acb34cc1857d77a01ba9c499b2dbce43ad125dec0afd933e79467e288747a	False	False	False		XNYM	FCMXSX	MTONS	2026	U7J601,U7J602,U7J607,U7J608
U8P	77	synthetic_no_ready	78	08	exact	78	SYNTHETIC NYMEX	2,4	bf10f1b3e23ad8320182b8dc97354d72ac617d87796ea55c0d14e6f5f2ae0fcc	False	False	False		XNYM	FCMXSX	MMBTU	2027,2028,2029,2030,2031,2032,2033,2034,2035,2036,2037	U8PF28,U8PF29,U8PF30,U8PF31
U8R	70	synthetic_no_ready	78	08	exact	78	SYNTHETIC NYMEX	2,4	bf10f1b3e23ad8320182b8dc97354d72ac617d87796ea55c0d14e6f5f2ae0fcc	False	False	False		XNYM	FCMXSX	MMBTU	2027,2028,2029,2030,2031,2032,2033,2034,2035,2036	U8RJ28,U8RJ29,U8RJ30,U8RJ31
U9	588	ready_non_test	80	CP	exact	80	CPC-REFINED 2	4,17,21	d21acb34cc1857d77a01ba9c499b2dbce43ad125dec0afd933e79467e288747a	False	False	False		XNYM	FCMXSX	MTONS	2026	U9J601,U9J602,U9J607,U9J608
UA	483	ready_non_test	80	PT	exact	80	CPC FUEL OIL (1)	4,17,21	d21acb34cc1857d77a01ba9c499b2dbce43ad125dec0afd933e79467e288747a	False	False	False		XNYM	FCMXSX	MTONS	2026,2027,2028,2029,2030,2031	UAF0,UAF1,UAF7,UAF8
UBCP1	7	synthetic_no_ready	84	06	exact	84	SYNTHETIC TREASURY SWAPS	2,4	bf10f1b3e23ad8320182b8dc97354d72ac617d87796ea55c0d14e6f5f2ae0fcc	True	True	False		XCBT	FCAXSX	IPNT	2099	UBCP1Z99
UBCPA	7	synthetic_no_ready	84	06	exact	84	SYNTHETIC TREASURY SWAPS	2,4	bf10f1b3e23ad8320182b8dc97354d72ac617d87796ea55c0d14e6f5f2ae0fcc	True	True	False		XCBT	FCAXSX	IPNT	2099	UBCPAZ99
UBT	7	ready_non_test	84	XT	exact	84	TAS ON 30YR ULTRA BOND FUTURES	2,4,17,21	9635c56fe1163fe61aa3ec0c64f7c8e9b654d1df76b298d7b726f73fa8ca4105	False	False	False		XCBT	FFDXSX	USD	2026	UBTM6
UCD	315	ready_non_test	78	JR	exact	78	CPC-REFINED 3	4,17,21	d21acb34cc1857d77a01ba9c499b2dbce43ad125dec0afd933e79467e288747a	False	False	False		XNYM	FCMXSX	MTONS	2026,2027,2028,2029	UCDF7,UCDF8,UCDF9,UCDG7
UCG	315	ready_non_test	78	JR	exact	78	CPC-REFINED 3	4,17,21	d21acb34cc1857d77a01ba9c499b2dbce43ad125dec0afd933e79467e288747a	False	False	False		XNYM	FCMXSX	MTONS	2026,2027,2028,2029	UCGF7,UCGF8,UCGF9,UCGG7
UCM	231	ready_non_test	80	CP	exact	80	CPC-REFINED 2	4,17,21	d21acb34cc1857d77a01ba9c499b2dbce43ad125dec0afd933e79467e288747a	False	False	False		XNYM	FCMXSX	MTONS	2026,2027,2028	UCMF7,UCMF8,UCMG7,UCMG8
UCO	91	ready_non_test	80	CP	exact	80	CPC-REFINED 2	4,17,21	d21acb34cc1857d77a01ba9c499b2dbce43ad125dec0afd933e79467e288747a	False	False	False		XNYM	FCMXSX	MTONS	2026,2027	UCOF7,UCOG7,UCOH7,UCOJ6
UCR	133	ready_non_test	78	JR	exact	78	CPC-REFINED 3	4,17,21	d21acb34cc1857d77a01ba9c499b2dbce43ad125dec0afd933e79467e288747a	False	False	False		XNYM	FCMXSX	MTONS	2026,2027	UCRF7,UCRG7,UCRH7,UCRJ6
UCS	133	ready_non_test	78	JR	exact	78	CPC-REFINED 3	4,17,21	d21acb34cc1857d77a01ba9c499b2dbce43ad125dec0afd933e79467e288747a	False	False	False		XNYM	FCMXSX	MTONS	2026,2027	UCSF7,UCSG7,UCSH7,UCSJ6
UFB	91	ready_non_test	70	UF	exact	70	CBOT UREA FOB FUTURES	4,17,21	d21acb34cc1857d77a01ba9c499b2dbce43ad125dec0afd933e79467e288747a	False	False	False		XCBT	FCAXSX	MTONS	2026,2027	UFBF7,UFBG7,UFBH7,UFBJ6
UFE	91	ready_non_test	70	UF	exact	70	CBOT UREA FOB FUTURES	4,17,21	d21acb34cc1857d77a01ba9c499b2dbce43ad125dec0afd933e79467e288747a	False	False	False		XCBT	FCAXSX	MTONS	2026,2027	UFEF7,UFEG7,UFEH7,UFEJ6
UFV	91	ready_non_test	70	UF	exact	70	CBOT UREA FOB FUTURES	4,17,21	d21acb34cc1857d77a01ba9c499b2dbce43ad125dec0afd933e79467e288747a	False	False	False		XCBT	FCAXSX	TON	2026,2027	UFVF7,UFVG7,UFVH7,UFVJ6
UHC	301	ready_non_test	80	CC	exact	80	REFINED FUTURES 	4,17,21	d21acb34cc1857d77a01ba9c499b2dbce43ad125dec0afd933e79467e288747a	False	False	False		XNYM	FCMXSX	BBL	2026,2027,2028,2029	UHCF7,UHCF8,UHCF9,UHCG7
UHT	304	ready_non_test	80	CC	exact	80	REFINED FUTURES 	4,17,21	d21acb34cc1857d77a01ba9c499b2dbce43ad125dec0afd933e79467e288747a	False	False	False		XNYM	FCMXSX	BBL	2026,2027,2028,2029	UHTF7,UHTF8,UHTF9,UHTG7
UKG	476	ready_non_test	78	FD	exact	78	NAT GAS FIXED,SWING,INDEX- CMED	4,17,21	d21acb34cc1857d77a01ba9c499b2dbce43ad125dec0afd933e79467e288747a	False	False	False		XNYM	FCMXSX	THM	2026,2027,2028,2029,2030,2031	UKGF0,UKGF1,UKGF7,UKGF8
ULB	287	ready_non_test	80	RF	exact	80	CPC-REFIND	4,17,21	d21acb34cc1857d77a01ba9c499b2dbce43ad125dec0afd933e79467e288747a	False	False	False		XNYM	FCMXSX	GAL	2026	ULBJ601,ULBJ602,ULBJ606,ULBJ607
UME	91	ready_non_test	70	UF	exact	70	CBOT UREA FOB FUTURES	4,17,21	d21acb34cc1857d77a01ba9c499b2dbce43ad125dec0afd933e79467e288747a	False	False	False		XCBT	FCAXSX	MTONS	2026,2027	UMEF7,UMEG7,UMEH7,UMEJ6
UN	315	ready_non_test	80	PT	exact	80	CPC FUEL OIL (1)	4,17,21	d21acb34cc1857d77a01ba9c499b2dbce43ad125dec0afd933e79467e288747a	False	False	False		XNYM	FCMXSX	MTONS	2026,2027,2028,2029	UNF7,UNF8,UNF9,UNG7
UNO	91	ready_non_test	70	UF	exact	70	CBOT UREA FOB FUTURES	4,17,21	d21acb34cc1857d77a01ba9c499b2dbce43ad125dec0afd933e79467e288747a	False	False	False		XCBT	FCAXSX	TON	2026,2027	UNOF7,UNOG7,UNOH7,UNOJ6
UP5	315	ready_non_test	80	CP	exact	80	CPC-REFINED 2	4,17,21	d21acb34cc1857d77a01ba9c499b2dbce43ad125dec0afd933e79467e288747a	False	False	False		XNYM	FCMXSX	MTONS	2026,2027,2028,2029	UP5F7,UP5F8,UP5F9,UP5G7
UPB	387	ready_non_test	80	CP	exact	80	CPC-REFINED 2	4,17,21	d21acb34cc1857d77a01ba9c499b2dbce43ad125dec0afd933e79467e288747a	False	False	False		XNYM	FCMXSX	MTONS	2026	UPBJ601,UPBJ602,UPBJ603,UPBJ606
UPM	315	ready_non_test	80	CP	exact	80	CPC-REFINED 2	4,17,21	d21acb34cc1857d77a01ba9c499b2dbce43ad125dec0afd933e79467e288747a	False	False	False		XNYM	FCMXSX	MTONS	2026,2027,2028,2029	UPMF7,UPMF8,UPMF9,UPMG7
UR	259	ready_non_test	80	CP	exact	80	CPC-REFINED 2	4,17,21	d21acb34cc1857d77a01ba9c499b2dbce43ad125dec0afd933e79467e288747a	False	False	False		XNYM	FCMXSX	MTONS	2026,2027,2028,2029	URF7,URF8,URF9,URG7
USC	483	ready_non_test	78	FT	exact	78	FREIGHT FUTURES	4,17,21	d21acb34cc1857d77a01ba9c499b2dbce43ad125dec0afd933e79467e288747a	False	False	False		XNYM	FCMXSX	MTONS	2026,2027,2028,2029,2030,2031	USCF0,USCF1,USCF7,USCF8
USE	483	ready_non_test	78	FT	exact	78	FREIGHT FUTURES	4,17,21	d21acb34cc1857d77a01ba9c499b2dbce43ad125dec0afd933e79467e288747a	False	False	False		XNYM	FCMXSX	MTONS	2026,2027,2028,2029,2030,2031	USEF0,USEF1,USEF7,USEF8
UV	483	ready_non_test	80	PT	exact	80	CPC FUEL OIL (1)	4,17,21	d21acb34cc1857d77a01ba9c499b2dbce43ad125dec0afd933e79467e288747a	False	False	False		XNYM	FCMXSX	MTONS	2026,2027,2028,2029,2030,2031	UVF0,UVF1,UVF7,UVF8
UX	427	ready_non_test	78	UX	exact	78	URANIUM FUTURES	4,17,21	d21acb34cc1857d77a01ba9c499b2dbce43ad125dec0afd933e79467e288747a	False	False	False		XCEC	FXXXSX	LBS	2026,2027,2028,2029,2030,2031	UXF0,UXF1,UXF7,UXF8
V7	472	ready_non_test	80	CC	exact	80	REFINED FUTURES 	4,17,21	d21acb34cc1857d77a01ba9c499b2dbce43ad125dec0afd933e79467e288747a	False	False	False		XNYM	FCMXSX	BBL	2026,2027,2028,2029,2030,2031	V7F0,V7F1,V7F7,V7F8
VR	259	ready_non_test	80	PT	exact	80	CPC FUEL OIL (1)	4,17,21	d21acb34cc1857d77a01ba9c499b2dbce43ad125dec0afd933e79467e288747a	False	False	False		XNYM	FCMXSX	BBL	2026,2027,2028,2029	VRF7,VRF8,VRF9,VRG7
VV	259	ready_non_test	80	CP	exact	80	CPC-REFINED 2	4,17,21	d21acb34cc1857d77a01ba9c499b2dbce43ad125dec0afd933e79467e288747a	False	False	False		XNYM	FCMXSX	GAL	2026,2027,2028,2029	VVF7,VVF8,VVF9,VVG7
W0	588	ready_non_test	80	CP	exact	80	CPC-REFINED 2	4,17,21	d21acb34cc1857d77a01ba9c499b2dbce43ad125dec0afd933e79467e288747a	False	False	False		XNYM	FCMXSX	BBL	2026	W0J601,W0J602,W0J606,W0J607
WBR	315	ready_non_test	80	CC	exact	80	REFINED FUTURES 	4,17,21	d21acb34cc1857d77a01ba9c499b2dbce43ad125dec0afd933e79467e288747a	False	False	False		XNYM	FCMXSX	BBL	2026,2027,2028,2029	WBRF7,WBRF8,WBRF9,WBRG7
WBX	304	ready_non_test	80	CC	exact	80	REFINED FUTURES 	4,17,21	d21acb34cc1857d77a01ba9c499b2dbce43ad125dec0afd933e79467e288747a	False	False	False		XNYM	FCMXSX	BBL	2026,2027,2028,2029	WBXF7,WBXF8,WBXF9,WBXG7
WCW	469	ready_non_test	80	CC	exact	80	REFINED FUTURES 	4,17,21	d21acb34cc1857d77a01ba9c499b2dbce43ad125dec0afd933e79467e288747a	False	False	False		XNYM	FCMXSX	BBL	2026,2027,2028,2029,2030,2031	WCWF0,WCWF1,WCWF7,WCWF8
WDB	315	ready_non_test	80	CC	exact	80	REFINED FUTURES 	4,17,21	d21acb34cc1857d77a01ba9c499b2dbce43ad125dec0afd933e79467e288747a	False	False	False		XNYM	FCMXSX	BBL	2026,2027,2028,2029	WDBF7,WDBF8,WDBF9,WDBG7
WDC	63	ready_non_test	70	HI	exact	70	REAL ESTATE FUTURES (HI)	4,17,21	44772dac78c8996d61f13a1e1a1f407b108e2cd891310bfb868c0cff5f35bed9	False	False	False		XCME	FCAXSX	IPNT	2026,2027,2028,2029,2030,2031	WDCG0,WDCG1,WDCG7,WDCG8
WHB	304	ready_non_test	80	CC	exact	80	REFINED FUTURES 	4,17,21	d21acb34cc1857d77a01ba9c499b2dbce43ad125dec0afd933e79467e288747a	False	False	False		XNYM	FCMXSX	BBL	2026,2027,2028,2029	WHBF7,WHBF8,WHBF9,WHBG7
WHD	304	ready_non_test	80	CC	exact	80	REFINED FUTURES 	4,17,21	d21acb34cc1857d77a01ba9c499b2dbce43ad125dec0afd933e79467e288747a	False	False	False		XNYM	FCMXSX	BBL	2026,2027,2028,2029	WHDF7,WHDF8,WHDF9,WHDG7
WHT	304	ready_non_test	80	CC	exact	80	REFINED FUTURES 	4,17,21	d21acb34cc1857d77a01ba9c499b2dbce43ad125dec0afd933e79467e288747a	False	False	False		XNYM	FCMXSX	BBL	2026,2027,2028,2029	WHTF7,WHTF8,WHTF9,WHTG7
WMB	304	ready_non_test	80	CC	exact	80	REFINED FUTURES 	4,17,21	d21acb34cc1857d77a01ba9c499b2dbce43ad125dec0afd933e79467e288747a	False	False	False		XNYM	FCMXSX	BBL	2026,2027,2028,2029	WMBF7,WMBF8,WMBF9,WMBG7
WMD	304	ready_non_test	80	CC	exact	80	REFINED FUTURES 	4,17,21	d21acb34cc1857d77a01ba9c499b2dbce43ad125dec0afd933e79467e288747a	False	False	False		XNYM	FCMXSX	BBL	2026,2027,2028,2029	WMDF7,WMDF8,WMDF9,WMDG7
WMR	315	ready_non_test	80	CC	exact	80	REFINED FUTURES 	4,17,21	d21acb34cc1857d77a01ba9c499b2dbce43ad125dec0afd933e79467e288747a	False	False	False		XNYM	FCMXSX	BBL	2026,2027,2028,2029	WMRF7,WMRF8,WMRF9,WMRG7
WNB	360	ready_non_test	80	CC	exact	80	REFINED FUTURES 	4,17,21	d21acb34cc1857d77a01ba9c499b2dbce43ad125dec0afd933e79467e288747a	False	False	False		XNYM	FCMXSX	BBL	2026	WNBH626,WNBH627,WNBH630,WNBH631
WNT	472	ready_non_test	80	CC	exact	80	REFINED FUTURES 	4,17,21	d21acb34cc1857d77a01ba9c499b2dbce43ad125dec0afd933e79467e288747a	False	False	False		XNYM	FCMXSX	BBL	2026,2027,2028,2029,2030,2031	WNTF0,WNTF1,WNTF7,WNTF8
WQ6	7	synthetic_no_ready	70	05	exact	70	SYNTHETIC CBOT/CME AGS	2,4	bf10f1b3e23ad8320182b8dc97354d72ac617d87796ea55c0d14e6f5f2ae0fcc	False	False	False		XCBT	FCAXSX	BU	2026	WQ6N6
WS	514	ready_non_test	80	WS	exact	80	CRUDE/RBOB FINANCIAL FUTURES (WS, RT)	4,17,21	d21acb34cc1857d77a01ba9c499b2dbce43ad125dec0afd933e79467e288747a	False	False	False		XNYM	FCMXSX	BBL	2026,2027,2028,2029,2030,2031,2032,2033,2034	WSF0,WSF1,WSF7,WSF8
WTB	500	ready_non_test	80	CC	exact	80	REFINED FUTURES 	4,17,21	d21acb34cc1857d77a01ba9c499b2dbce43ad125dec0afd933e79467e288747a	False	False	False		XNYM	FCMXSX	BBL	2026	WTBH626,WTBH627,WTBH630,WTBH631
WTD	315	ready_non_test	80	CC	exact	80	REFINED FUTURES 	4,17,21	d21acb34cc1857d77a01ba9c499b2dbce43ad125dec0afd933e79467e288747a	False	False	False		XNYM	FCMXSX	BBL	2026,2027,2028,2029	WTDF7,WTDF8,WTDF9,WTDG7
WTI	472	ready_non_test	80	CC	exact	80	REFINED FUTURES 	4,17,21	d21acb34cc1857d77a01ba9c499b2dbce43ad125dec0afd933e79467e288747a	False	False	False		XNYM	FCMXSX	BBL	2026,2027,2028,2029,2030,2031	WTIF0,WTIF1,WTIF7,WTIF8
WTL	304	ready_non_test	80	CC	exact	80	REFINED FUTURES 	4,17,21	d21acb34cc1857d77a01ba9c499b2dbce43ad125dec0afd933e79467e288747a	False	False	False		XNYM	FCMXSX	BBL	2026,2027,2028,2029	WTLF7,WTLF8,WTLF9,WTLG7
WTT	640	ready_non_test	80	CC	exact	80	REFINED FUTURES 	4,17,21	d21acb34cc1857d77a01ba9c499b2dbce43ad125dec0afd933e79467e288747a	False	False	False		XNYM	FCMXSX	BBL	2026,2027,2028,2029,2030,2031,2032,2033	WTTF0,WTTF1,WTTF2,WTTF3
X0	259	ready_non_test	80	CP	exact	80	CPC-REFINED 2	4,17,21	d21acb34cc1857d77a01ba9c499b2dbce43ad125dec0afd933e79467e288747a	False	False	False		XNYM	FCMXSX	BBL	2026,2027,2028,2029	X0F7,X0F8,X0F9,X0G7
X6	588	ready_non_test	80	CP	exact	80	CPC-REFINED 2	4,17,21	d21acb34cc1857d77a01ba9c499b2dbce43ad125dec0afd933e79467e288747a	False	False	False		XNYM	FCMXSX	MTONS	2026	X6J601,X6J602,X6J607,X6J608
X7	588	ready_non_test	80	CP	exact	80	CPC-REFINED 2	4,17,21	d21acb34cc1857d77a01ba9c499b2dbce43ad125dec0afd933e79467e288747a	False	False	False		XNYM	FCMXSX	MTONS	2026	X7J601,X7J602,X7J607,X7J608
X9	588	ready_non_test	80	CP	exact	80	CPC-REFINED 2	4,17,21	d21acb34cc1857d77a01ba9c499b2dbce43ad125dec0afd933e79467e288747a	False	False	False		XNYM	FCMXSX	MTONS	2026	X9J601,X9J602,X9J607,X9J608
XAB	35	ready_non_test	68	XM	exact	68	MATERIAL SECTOR FUTURES (XAB)	4,17,21	d21acb34cc1857d77a01ba9c499b2dbce43ad125dec0afd933e79467e288747a	False	False	False		XCME	FFIXSX	IPNT	2026,2027	XABH7,XABM6,XABM7,XABU6
XAE	35	ready_non_test	68	XY	exact	68	ENERGY SECTOR FUTURES (XAE)	4,17,21	d21acb34cc1857d77a01ba9c499b2dbce43ad125dec0afd933e79467e288747a	False	False	False		XCME	FFIXSX	IPNT	2026,2027	XAEH7,XAEM6,XAEM7,XAEU6
XAF	35	ready_non_test	68	XF	exact	68	FINANCIAL SECTOR FUTURES (XAF)	4,17,21	d21acb34cc1857d77a01ba9c499b2dbce43ad125dec0afd933e79467e288747a	False	False	False		XCME	FFIXSX	IPNT	2026,2027	XAFH7,XAFM6,XAFM7,XAFU6
XAI	35	ready_non_test	68	XO	exact	68	INDUSTRIAL SECTOR FUTURES (XAI)	4,17,21	d21acb34cc1857d77a01ba9c499b2dbce43ad125dec0afd933e79467e288747a	False	False	False		XCME	FFIXSX	IPNT	2026,2027	XAIH7,XAIM6,XAIM7,XAIU6
XAK	35	ready_non_test	68	XG	exact	68	TECHNOLOGY SECTOR FUTURES (XAK)	4,17,21	d21acb34cc1857d77a01ba9c499b2dbce43ad125dec0afd933e79467e288747a	False	False	False		XCME	FFIXSX	IPNT	2026,2027	XAKH7,XAKM6,XAKM7,XAKU6
XAP	35	ready_non_test	68	XP	exact	68	CONSUMER STAPLES SECTOR  FUTURES (XAP)	4,17,21	d21acb34cc1857d77a01ba9c499b2dbce43ad125dec0afd933e79467e288747a	False	False	False		XCME	FFIXSX	IPNT	2026,2027	XAPH7,XAPM6,XAPM7,XAPU6
XAR	35	ready_non_test	68	XR	exact	68	REAL ESTATE SECTOR FUTURES (XAR)	4,17,21	d21acb34cc1857d77a01ba9c499b2dbce43ad125dec0afd933e79467e288747a	False	False	False		XCME	FFIXSX	IPNT	2026,2027	XARH7,XARM6,XARM7,XARU6
XAU	35	ready_non_test	68	XU	exact	68	UTILITIES SECTOR FUTURES (XAU)	4,17,21	d21acb34cc1857d77a01ba9c499b2dbce43ad125dec0afd933e79467e288747a	False	False	False		XCME	FFIXSX	IPNT	2026,2027	XAUH7,XAUM6,XAUM7,XAUU6
XAV	35	ready_non_test	68	XL	exact	68	HEALTH CARE SECTOR FUTURES (XAV)	4,17,21	d21acb34cc1857d77a01ba9c499b2dbce43ad125dec0afd933e79467e288747a	False	False	False		XCME	FFIXSX	IPNT	2026,2027	XAVH7,XAVM6,XAVM7,XAVU6
XAY	35	ready_non_test	68	XN	exact	68	CONSUMER DISCRETIONARY SECTOR FUTURES (XAY)	4,17,21	d21acb34cc1857d77a01ba9c499b2dbce43ad125dec0afd933e79467e288747a	False	False	False		XCME	FFIXSX	IPNT	2026,2027	XAYH7,XAYM6,XAYM7,XAYU6
XAZ	35	ready_non_test	68	XB	exact	68	COMMUNICATION SECTOR FUTURES (XAZ)	4,17,21	d21acb34cc1857d77a01ba9c499b2dbce43ad125dec0afd933e79467e288747a	False	False	False		XCME	FFIXSX	IPNT	2026,2027	XAZH7,XAZM6,XAZM7,XAZU6
XBT	35	ready_non_test	68	TU	exact	68	BTIC MATERIAL SECTOR FUTURES 	4,17,21	cdfb6991d0a44427cfcfb9cdf2a11b9d54a2cb0241bb6153eb8a8cf0baed32dd	False	False	False		XCME	FFIXSX	IPNT	2026,2027	XBTH7,XBTM6,XBTM7,XBTU6
XC	112	ready_non_test	70	XC	exact	70	MINI CORN FUTURES	2,4,17,18,21,26	46e0628dad5ffa0eacddee698235dd76571392d552ef99bf3f71cd284465fcb8	False	False	False		XCBT	FCAXSX	BU	2026,2027,2028,2029	XCH7,XCH8,XCK6,XCK7
XER	315	ready_non_test	80	CP	exact	80	CPC-REFINED 2	4,17,21	d21acb34cc1857d77a01ba9c499b2dbce43ad125dec0afd933e79467e288747a	False	False	False		XNYM	FCMXSX	BBL	2026,2027,2028,2029	XERF7,XERF8,XERF9,XERG7
XET	35	ready_non_test	68	TK	exact	68	BTIC ENERGY SECTOR FUTURES	4,17,21	cdfb6991d0a44427cfcfb9cdf2a11b9d54a2cb0241bb6153eb8a8cf0baed32dd	False	False	False		XCME	FFIXSX	IPNT	2026,2027	XETH7,XETM6,XETM7,XETU6
XEU	14	ready_non_test	82	ZE	exact	82	EUR/USD CROSS CURRENCY BASIS FUTURES	4,17,21	d21acb34cc1857d77a01ba9c499b2dbce43ad125dec0afd933e79467e288747a	False	False	False		XCME	FFDXSX	IPNT	2026	XEUM6,XEUU6
XEURBI	7	synthetic_no_ready	82	04	exact	82	SYNTHETIC INTEREST RATE	2,4	bf10f1b3e23ad8320182b8dc97354d72ac617d87796ea55c0d14e6f5f2ae0fcc	False	False	False		XCME	FFCXSX	EUR	2050	XEURBIZ0
XFT	35	ready_non_test	68	TF	exact	68	BTIC FINANCIAL SECTOR FUTURES	4,17,21	cdfb6991d0a44427cfcfb9cdf2a11b9d54a2cb0241bb6153eb8a8cf0baed32dd	False	False	False		XCME	FFIXSX	IPNT	2026,2027	XFTH7,XFTM6,XFTM7,XFTU6
XIT	35	ready_non_test	68	TN	exact	68	BTIC INDUSTRIAL SECTOR FUTURES	4,17,21	cdfb6991d0a44427cfcfb9cdf2a11b9d54a2cb0241bb6153eb8a8cf0baed32dd	False	False	False		XCME	FFIXSX	IPNT	2026,2027	XITH7,XITM6,XITM7,XITU6
XK	147	ready_non_test	70	XK	exact	70	MINI SOYBEANS FUTURES	2,4,17,18,21,26	46e0628dad5ffa0eacddee698235dd76571392d552ef99bf3f71cd284465fcb8	False	False	False		XCBT	FCAXSX	BU	2026,2027,2028,2029	XKF7,XKF8,XKH7,XKH8
XKT	35	ready_non_test	68	TV	exact	68	BTIC TECHNOLOGY SECTOR FUTURES 	4,17,21	cdfb6991d0a44427cfcfb9cdf2a11b9d54a2cb0241bb6153eb8a8cf0baed32dd	False	False	False		XCME	FFIXSX	IPNT	2026,2027	XKTH7,XKTM6,XKTM7,XKTU6
XLB	80	ready_non_test	74	XJ	exact	74	BTIC XRP FUTURES	4,17,18,21	76d40ec0092782f161fe4e033a835c82afa0f7226b017419e8b793564cc8b804	False	False	False		XCME	FFIXSX	IPNT	2026,2027	XLBH7,XLBJ6,XLBK6,XLBM6
XLM	80	ready_non_test	74	EM	exact	74	LUMENS FUTURES	4,17,18,21	663f83ffd1aa628cfdbfc2e47d7611b9ef0bb37b4771a2e31354e32b0c9f1c64	False	False	False		XCME	FFIXSX	IPNT	2026,2027	XLMH7,XLMJ6,XLMK6,XLMM6
XNB	80	ready_non_test	74	XH	exact	74	BTIC XRP FUTURES NY SETTLE	4,17,18,21	b5ee68de53f90e83228077b7e8799e4fb9c85a2725c7b28c697b92267b066227	False	False	False		XCME	FFIXSX	IPNT	2026,2027	XNBH7,XNBJ6,XNBK6,XNBM6
XPP	337	ready_non_test	78	PA	exact	78	CPC-POWER 2	4,17,21	d21acb34cc1857d77a01ba9c499b2dbce43ad125dec0afd933e79467e288747a	False	False	False		XNYM	FCMXSX	MWH	2026	XPPJ620,XPPJ621,XPPJ622,XPPJ623
XPT	35	ready_non_test	68	TY	exact	68	BTIC CONSUMER STAPLES SECTOR FUTURES	4,17,21	cdfb6991d0a44427cfcfb9cdf2a11b9d54a2cb0241bb6153eb8a8cf0baed32dd	False	False	False		XCME	FFIXSX	IPNT	2026,2027	XPTH7,XPTM6,XPTM7,XPTU6
XRP	80	ready_non_test	74	XD	exact	74	XRP FUTURES	4,17,18,21	663f83ffd1aa628cfdbfc2e47d7611b9ef0bb37b4771a2e31354e32b0c9f1c64	False	False	False		XCME	FFIXSX	IPNT	2026,2027	XRPH7,XRPJ6,XRPK6,XRPM6
XRPCP1	7	synthetic_no_ready	74	02	exact	74	SYNTHETIC EOC ECB	2,4	bf10f1b3e23ad8320182b8dc97354d72ac617d87796ea55c0d14e6f5f2ae0fcc	True	True	False		XCME	FFCXSX	IPNT	2099	XRPCP1Z99
XRPCPA	7	synthetic_no_ready	74	02	exact	74	SYNTHETIC EOC ECB	2,4	bf10f1b3e23ad8320182b8dc97354d72ac617d87796ea55c0d14e6f5f2ae0fcc	True	True	False		XCME	FFCXSX	IPNT	2099	XRPCPAZ99
XRT	35	ready_non_test	68	T2	exact	68	BTIC REAL ESTATE SECTOR FUTURES	4,17,21	cdfb6991d0a44427cfcfb9cdf2a11b9d54a2cb0241bb6153eb8a8cf0baed32dd	False	False	False		XCME	FFIXSX	IPNT	2026,2027	XRTH7,XRTM6,XRTM7,XRTU6
XTB	360	ready_non_test	80	CC	exact	80	REFINED FUTURES 	4,17,21	d21acb34cc1857d77a01ba9c499b2dbce43ad125dec0afd933e79467e288747a	False	False	False		XNYM	FCMXSX	BBL	2026	XTBH626,XTBH627,XTBH630,XTBH631
XTT	220	ready_non_test	80	CC	exact	80	REFINED FUTURES 	4,17,21	d21acb34cc1857d77a01ba9c499b2dbce43ad125dec0afd933e79467e288747a	False	False	False		XNYM	FCMXSX	BBL	2026,2027,2028	XTTF7,XTTF8,XTTG7,XTTG8
XUB	588	ready_non_test	78	FT	exact	78	FREIGHT FUTURES	4,17,21	d21acb34cc1857d77a01ba9c499b2dbce43ad125dec0afd933e79467e288747a	False	False	False		XNYM	FCMXSX	MTONS	2026	XUBJ601,XUBJ602,XUBJ606,XUBJ607
XUK	231	ready_non_test	78	FT	exact	78	FREIGHT FUTURES	4,17,21	d21acb34cc1857d77a01ba9c499b2dbce43ad125dec0afd933e79467e288747a	False	False	False		XNYM	FCMXSX	MTONS	2026,2027,2028	XUKF7,XUKF8,XUKG7,XUKG8
XUT	35	ready_non_test	68	TZ	exact	68	BTIC UTILITIES SECTOR FUTURES	4,17,21	cdfb6991d0a44427cfcfb9cdf2a11b9d54a2cb0241bb6153eb8a8cf0baed32dd	False	False	False		XCME	FFIXSX	IPNT	2026,2027	XUTH7,XUTM6,XUTM7,XUTU6
XVT	35	ready_non_test	68	TL	exact	68	BTIC HEALTH CARE SECTOR FUTURES	4,17,21	cdfb6991d0a44427cfcfb9cdf2a11b9d54a2cb0241bb6153eb8a8cf0baed32dd	False	False	False		XCME	FFIXSX	IPNT	2026,2027	XVTH7,XVTM6,XVTM7,XVTU6
XW	84	ready_non_test	70	XW	exact	70	MINI WHEAT FUTURES	2,4,17,18,21,26	46e0628dad5ffa0eacddee698235dd76571392d552ef99bf3f71cd284465fcb8	False	False	False		XCBT	FCAXSX	BU	2026,2027,2028	XWH7,XWH8,XWK6,XWK7
XY3	224	synthetic_no_ready	82	04	exact	82	SYNTHETIC INTEREST RATE	2,4	bf10f1b3e23ad8320182b8dc97354d72ac617d87796ea55c0d14e6f5f2ae0fcc	False	False	False		XCME	FFDXSX	USD	2026,2027,2028,2029,2030,2031,2032,2033	XY3H0,XY3H1,XY3H2,XY3H3
XYB	80	ready_non_test	74	4E	exact	74	BTIC LUMENS FUTURES NY SETTLE	4,17,18,21	b5ee68de53f90e83228077b7e8799e4fb9c85a2725c7b28c697b92267b066227	False	False	False		XCME	FFIXSX	IPNT	2026,2027	XYBH7,XYBJ6,XYBK6,XYBM6
XYR	119	synthetic_no_ready	82	04	exact	82	SYNTHETIC INTEREST RATE	2,4	bf10f1b3e23ad8320182b8dc97354d72ac617d87796ea55c0d14e6f5f2ae0fcc	False	False	False		XCME	FFDXSX	IPNT	2026,2027,2028,2029	XYRG6,XYRH6,XYRH7,XYRH8
XYT	35	ready_non_test	68	TC	exact	68	BTIC CONSUMER DISCRETIONARY SECTOR FUTURES	4,17,21	cdfb6991d0a44427cfcfb9cdf2a11b9d54a2cb0241bb6153eb8a8cf0baed32dd	False	False	False		XCME	FFIXSX	IPNT	2026,2027	XYTH7,XYTM6,XYTM7,XYTU6
XZT	35	ready_non_test	68	TX	exact	68	BTIC COMMUNICATION SECTOR FUTURES	4,17,21	cdfb6991d0a44427cfcfb9cdf2a11b9d54a2cb0241bb6153eb8a8cf0baed32dd	False	False	False		XCME	FFIXSX	IPNT	2026,2027	XZTH7,XZTM6,XZTM7,XZTU6
YHE	476	ready_non_test	78	PA	exact	78	CPC-POWER 2	4,17,21	d21acb34cc1857d77a01ba9c499b2dbce43ad125dec0afd933e79467e288747a	False	False	False		XNYM	FCMXSX	MWH	2026,2027,2028,2029,2030,2031	YHEF0,YHEF1,YHEF7,YHEF8
YHF	330	ready_non_test	78	PA	exact	78	CPC-POWER 2	4,17,21	d21acb34cc1857d77a01ba9c499b2dbce43ad125dec0afd933e79467e288747a	False	False	False		XNYM	FCMXSX	MWH	2026	YHFJ621,YHFJ622,YHFJ623,YHFJ624
YIA	42	ready_non_test	84	EB	exact	84	ERIS SOFR OIS SWAP 1/2/3/4/5-YR 	4,17,21	d21acb34cc1857d77a01ba9c499b2dbce43ad125dec0afd933e79467e288747a	False	False	False		XCBT	FFDXSX	IPNT	2025,2026	YIAH26,YIAM25,YIAM26,YIAU25
YIB	210	ready_non_test	84	EJ	exact	84	ERIS SOFR OIS SWAP 7/10/12-YR 	4,17,21	d21acb34cc1857d77a01ba9c499b2dbce43ad125dec0afd933e79467e288747a	False	False	False		XCBT	FFDXSX	IPNT	2019,2020,2021,2022,2023,2024,2025,2026	YIBH20,YIBH21,YIBH22,YIBH23
YIC	98	ready_non_test	84	EB	exact	84	ERIS SOFR OIS SWAP 1/2/3/4/5-YR 	4,17,21	d21acb34cc1857d77a01ba9c499b2dbce43ad125dec0afd933e79467e288747a	False	False	False		XCBT	FFDXSX	IPNT	2023,2024,2025,2026	YICH24,YICH25,YICH26,YICM23
YID	126	ready_non_test	84	EB	exact	84	ERIS SOFR OIS SWAP 1/2/3/4/5-YR 	4,17,21	d21acb34cc1857d77a01ba9c499b2dbce43ad125dec0afd933e79467e288747a	False	False	False		XCBT	FFDXSX	IPNT	2022,2023,2024,2025,2026	YIDH23,YIDH24,YIDH25,YIDH26
YIE	350	ready_non_test	84	EK	exact	84	ERIS SOFR OIS SWAP 15/20/30-YR 	4,17,21	d21acb34cc1857d77a01ba9c499b2dbce43ad125dec0afd933e79467e288747a	False	False	False		XCBT	FFDXSX	IPNT	2014,2015,2016,2017,2018,2019,2020,2021,2022,2023,2024,2025,2026	YIEH15,YIEH16,YIEH17,YIEH18
YII	168	ready_non_test	84	EJ	exact	84	ERIS SOFR OIS SWAP 7/10/12-YR 	4,17,21	d21acb34cc1857d77a01ba9c499b2dbce43ad125dec0afd933e79467e288747a	False	False	False		XCBT	FFDXSX	IPNT	2020,2021,2022,2023,2024,2025,2026	YIIH21,YIIH22,YIIH23,YIIH24
YIL	168	ready_non_test	84	EK	exact	84	ERIS SOFR OIS SWAP 15/20/30-YR 	4,17,21	d21acb34cc1857d77a01ba9c499b2dbce43ad125dec0afd933e79467e288747a	False	False	False		XCBT	FFDXSX	IPNT	2020,2021,2022,2023,2024,2025,2026	YILH21,YILH22,YILH23,YILH24
YIO	168	ready_non_test	84	EK	exact	84	ERIS SOFR OIS SWAP 15/20/30-YR 	4,17,21	d21acb34cc1857d77a01ba9c499b2dbce43ad125dec0afd933e79467e288747a	False	False	False		XCBT	FFDXSX	IPNT	2020,2021,2022,2023,2024,2025,2026	YIOH21,YIOH22,YIOH23,YIOH24
YIT	70	ready_non_test	84	EB	exact	84	ERIS SOFR OIS SWAP 1/2/3/4/5-YR 	4,17,21	d21acb34cc1857d77a01ba9c499b2dbce43ad125dec0afd933e79467e288747a	False	False	False		XCBT	FFDXSX	IPNT	2024,2025,2026	YITH25,YITH26,YITM24,YITM25
YIW	154	ready_non_test	84	EB	exact	84	ERIS SOFR OIS SWAP 1/2/3/4/5-YR 	4,17,21	d21acb34cc1857d77a01ba9c499b2dbce43ad125dec0afd933e79467e288747a	False	False	False		XCBT	FFDXSX	IPNT	2021,2022,2023,2024,2025,2026	YIWH22,YIWH23,YIWH24,YIWH25
YIY	294	ready_non_test	84	EJ	exact	84	ERIS SOFR OIS SWAP 7/10/12-YR 	4,17,21	d21acb34cc1857d77a01ba9c499b2dbce43ad125dec0afd933e79467e288747a	False	False	False		XCBT	FFDXSX	IPNT	2016,2017,2018,2019,2020,2021,2022,2023,2024,2025,2026	YIYH17,YIYH18,YIYH19,YIYH20
YLB	80	ready_non_test	74	4E	exact	74	BTIC LUMENS FUTURES NY SETTLE	4,17,18,21	b5ee68de53f90e83228077b7e8799e4fb9c85a2725c7b28c697b92267b066227	False	False	False		XCME	FFIXSX	IPNT	2026,2027	YLBH7,YLBJ6,YLBK6,YLBM6
YMT	28	ready_non_test	68	DB	exact	68	BTIC MINI DOW	4,17,21	cdfb6991d0a44427cfcfb9cdf2a11b9d54a2cb0241bb6153eb8a8cf0baed32dd	False	False	False		XCBT	FFIXSX	IPNT	2026,2027	YMTH7,YMTM6,YMTU6,YMTZ6
YMX	7	ready_non_test	68	Y9	exact	68	TMAC MINI DOW JONES	2,4,17,21	cedb5ddcaf82f74668c228a5e06643a505bd9e549005111608cc51b455dc8e61	False	False	False		XCBT	FFIXSX	IPNT	2026	YMXM6
YNO	588	ready_non_test	80	PT	exact	80	CPC FUEL OIL (1)	4,17,21	d21acb34cc1857d77a01ba9c499b2dbce43ad125dec0afd933e79467e288747a	False	False	False		XNYM	FCMXSX	BBL	2026	YNOJ601,YNOJ602,YNOJ606,YNOJ607
YO	63	ready_non_test	78	YO	exact	78	SUGAR #11 FUTURES	4,17,21	d21acb34cc1857d77a01ba9c499b2dbce43ad125dec0afd933e79467e288747a	False	False	False		XNYM	FCAXSX	LBS	2026,2027,2028	YOH7,YOH8,YOK6,YOK7
YRP	469	ready_non_test	78	PA	exact	78	CPC-POWER 2	4,17,21	d21acb34cc1857d77a01ba9c499b2dbce43ad125dec0afd933e79467e288747a	False	False	False		XNYM	FCMXSX	MWH	2026	YRPJ621,YRPJ622,YRPJ623,YRPJ624
YRW	330	ready_non_test	78	PA	exact	78	CPC-POWER 2	4,17,21	d21acb34cc1857d77a01ba9c499b2dbce43ad125dec0afd933e79467e288747a	False	False	False		XNYM	FCMXSX	MWH	2026	YRWJ621,YRWJ622,YRWJ623,YRWJ624
YUE	476	ready_non_test	78	PA	exact	78	CPC-POWER 2	4,17,21	d21acb34cc1857d77a01ba9c499b2dbce43ad125dec0afd933e79467e288747a	False	False	False		XNYM	FCMXSX	MWH	2026,2027,2028,2029,2030,2031	YUEF0,YUEF1,YUEF7,YUEF8
YVB	360	ready_non_test	80	CC	exact	80	REFINED FUTURES 	4,17,21	d21acb34cc1857d77a01ba9c499b2dbce43ad125dec0afd933e79467e288747a	False	False	False		XNYM	FCMXSX	BBL	2026	YVBH626,YVBH627,YVBH630,YVBH631
YWE	476	ready_non_test	78	PA	exact	78	CPC-POWER 2	4,17,21	d21acb34cc1857d77a01ba9c499b2dbce43ad125dec0afd933e79467e288747a	False	False	False		XNYM	FCMXSX	MWH	2026,2027,2028,2029,2030,2031	YWEF0,YWEF1,YWEF7,YWEF8
YWF	469	ready_non_test	78	PA	exact	78	CPC-POWER 2	4,17,21	d21acb34cc1857d77a01ba9c499b2dbce43ad125dec0afd933e79467e288747a	False	False	False		XNYM	FCMXSX	MWH	2026	YWFJ621,YWFJ622,YWFJ623,YWFJ624
YWK	476	ready_non_test	78	PA	exact	78	CPC-POWER 2	4,17,21	d21acb34cc1857d77a01ba9c499b2dbce43ad125dec0afd933e79467e288747a	False	False	False		XNYM	FCMXSX	MWH	2026,2027,2028,2029,2030,2031	YWKF0,YWKF1,YWKF7,YWKF8
Z1B	588	ready_non_test	80	EE	exact	80	CPC-Ethanol	4,17,21	d21acb34cc1857d77a01ba9c499b2dbce43ad125dec0afd933e79467e288747a	False	False	False		XNYM	FCMXSX	CBM	2026	Z1BJ601,Z1BJ602,Z1BJ607,Z1BJ608
Z3N	21	ready_non_test	84	Z3	exact	84	3-YEAR TREASURY NOTES/SWAPS	4,17,21	d21acb34cc1857d77a01ba9c499b2dbce43ad125dec0afd933e79467e288747a	False	False	False		XCBT	FFDXSX	USD	2026	Z3NM6,Z3NU6,Z3NZ6
Z3W	7	synthetic_no_ready	70	05	exact	70	SYNTHETIC CBOT/CME AGS	2,4	bf10f1b3e23ad8320182b8dc97354d72ac617d87796ea55c0d14e6f5f2ae0fcc	False	False	False		XCBT	FCAXSX	BU	2027	Z3WH7
Z4	343	ready_non_test	80	CP	exact	80	CPC-REFINED 2	4,17,21	d21acb34cc1857d77a01ba9c499b2dbce43ad125dec0afd933e79467e288747a	False	False	False		XNYM	FCMXSX	MTONS	2026,2027,2028,2029,2030	Z4F0,Z4F7,Z4F8,Z4F9
Z6	343	ready_non_test	80	CP	exact	80	CPC-REFINED 2	4,17,21	d21acb34cc1857d77a01ba9c499b2dbce43ad125dec0afd933e79467e288747a	False	False	False		XNYM	FCMXSX	MTONS	2026,2027,2028,2029,2030	Z6F0,Z6F7,Z6F8,Z6F9
ZAL	469	ready_non_test	78	PW	exact	78	50 MW POWER- CMED	4,17,21	d21acb34cc1857d77a01ba9c499b2dbce43ad125dec0afd933e79467e288747a	False	False	False		XNYM	FCMXSX	MWH	2026	ZALJ621,ZALJ622,ZALJ623,ZALJ624
ZBCP1	7	synthetic_no_ready	84	06	exact	84	SYNTHETIC TREASURY SWAPS	2,4	bf10f1b3e23ad8320182b8dc97354d72ac617d87796ea55c0d14e6f5f2ae0fcc	True	True	False		XCBT	FCAXSX	IPNT	2099	ZBCP1Z99
ZBCPA	7	synthetic_no_ready	84	06	exact	84	SYNTHETIC TREASURY SWAPS	2,4	bf10f1b3e23ad8320182b8dc97354d72ac617d87796ea55c0d14e6f5f2ae0fcc	True	True	False		XCBT	FCAXSX	IPNT	2099	ZBCPAZ99
ZBT	7	ready_non_test	84	WT	exact	84	TAS ON 30YR BOND FUTURES	2,4,17,21	9635c56fe1163fe61aa3ec0c64f7c8e9b654d1df76b298d7b726f73fa8ca4105	False	False	False		XCBT	FFDXSX	USD	2026	ZBTM6
ZCCP1	7	synthetic_no_ready	70	05	exact	70	SYNTHETIC CBOT/CME AGS	2,4	bf10f1b3e23ad8320182b8dc97354d72ac617d87796ea55c0d14e6f5f2ae0fcc	True	True	False		XCBT	FCAXSX	IPNT	2099	ZCCP1Z99
ZCCPA	7	synthetic_no_ready	70	05	exact	70	SYNTHETIC CBOT/CME AGS	2,4	bf10f1b3e23ad8320182b8dc97354d72ac617d87796ea55c0d14e6f5f2ae0fcc	True	True	False		XCBT	FCAXSX	IPNT	2099	ZCCPAZ99
ZCT	42	ready_non_test	70	TP	exact	70	TAS CORN	2,4,17,21	6592464f0a5c9f4c0c225dc775eba2a7d761fd8e9468de13ad328db269cfe853	False	False	False		XCBT	FCAXSX	BU	2026,2027	ZCTH7,ZCTK6,ZCTK7,ZCTN6
ZFCP1	7	synthetic_no_ready	84	06	exact	84	SYNTHETIC TREASURY SWAPS	2,4	bf10f1b3e23ad8320182b8dc97354d72ac617d87796ea55c0d14e6f5f2ae0fcc	True	True	False		XCBT	FCAXSX	IPNT	2099	ZFCP1Z99
ZFCPA	7	synthetic_no_ready	84	06	exact	84	SYNTHETIC TREASURY SWAPS	2,4	bf10f1b3e23ad8320182b8dc97354d72ac617d87796ea55c0d14e6f5f2ae0fcc	True	True	False		XCBT	FCAXSX	IPNT	2099	ZFCPAZ99
ZFT	7	ready_non_test	84	QT	exact	84	TAS ON 5YR NOTE FUTURES	2,4,17,21	9635c56fe1163fe61aa3ec0c64f7c8e9b654d1df76b298d7b726f73fa8ca4105	False	False	False		XCBT	FFDXSX	USD	2026	ZFTM6
ZGL	469	ready_non_test	78	PW	exact	78	50 MW POWER- CMED	4,17,21	d21acb34cc1857d77a01ba9c499b2dbce43ad125dec0afd933e79467e288747a	False	False	False		XNYM	FCMXSX	MWH	2026	ZGLJ621,ZGLJ622,ZGLJ623,ZGLJ624
ZIY	301	synthetic_no_ready	80	09	exact	80	SYNTHETIC CRUDE	2,4	bf10f1b3e23ad8320182b8dc97354d72ac617d87796ea55c0d14e6f5f2ae0fcc	False	False	False		XNYM	FCMXSX	GAL	2026,2027,2028,2029	ZIYF7,ZIYF8,ZIYF9,ZIYG7
ZJL	469	ready_non_test	78	PW	exact	78	50 MW POWER- CMED	4,17,21	d21acb34cc1857d77a01ba9c499b2dbce43ad125dec0afd933e79467e288747a	False	False	False		XNYM	FCMXSX	MWH	2026	ZJLJ621,ZJLJ622,ZJLJ623,ZJLJ624
ZJY	91	synthetic_no_ready	78	08	exact	78	SYNTHETIC NYMEX	2,4	bf10f1b3e23ad8320182b8dc97354d72ac617d87796ea55c0d14e6f5f2ae0fcc	False	False	False		XNYM	FCMXSX	GAL	2026,2027	ZJYF7,ZJYG7,ZJYH7,ZJYJ7
ZK	91	synthetic_no_ready	78	08	exact	78	SYNTHETIC NYMEX	2,4	bf10f1b3e23ad8320182b8dc97354d72ac617d87796ea55c0d14e6f5f2ae0fcc	False	False	False		XNYM	FCMXSX	GAL	2026,2027	ZKF7,ZKG7,ZKH7,ZKJ7
ZKU	588	ready_non_test	80	CP	exact	80	CPC-REFINED 2	4,17,21	d21acb34cc1857d77a01ba9c499b2dbce43ad125dec0afd933e79467e288747a	False	False	False		XNYM	FCMXSX	BBL	2026	ZKUJ601,ZKUJ602,ZKUJ606,ZKUJ607
ZLCP1	7	synthetic_no_ready	70	05	exact	70	SYNTHETIC CBOT/CME AGS	2,4	bf10f1b3e23ad8320182b8dc97354d72ac617d87796ea55c0d14e6f5f2ae0fcc	True	True	False		XCBT	FCAXSX	IPNT	2099	ZLCP1Z99
ZLCPA	7	synthetic_no_ready	70	05	exact	70	SYNTHETIC CBOT/CME AGS	2,4	bf10f1b3e23ad8320182b8dc97354d72ac617d87796ea55c0d14e6f5f2ae0fcc	True	True	False		XCBT	FCAXSX	IPNT	2099	ZLCPAZ99
ZLT	49	ready_non_test	70	TA	exact	70	TAS SOYBEAN/MEAL/OIL	2,4,17,21	6592464f0a5c9f4c0c225dc775eba2a7d761fd8e9468de13ad328db269cfe853	False	False	False		XCBT	FCAXSX	LBS	2026,2027	ZLTF7,ZLTK6,ZLTN6,ZLTQ6
ZMCP1	7	synthetic_no_ready	70	05	exact	70	SYNTHETIC CBOT/CME AGS	2,4	bf10f1b3e23ad8320182b8dc97354d72ac617d87796ea55c0d14e6f5f2ae0fcc	True	True	False		XCBT	FCAXSX	IPNT	2099	ZMCP1Z99
ZMCPA	7	synthetic_no_ready	70	05	exact	70	SYNTHETIC CBOT/CME AGS	2,4	bf10f1b3e23ad8320182b8dc97354d72ac617d87796ea55c0d14e6f5f2ae0fcc	True	True	False		XCBT	FCAXSX	IPNT	2099	ZMCPAZ99
ZMT	49	ready_non_test	70	TA	exact	70	TAS SOYBEAN/MEAL/OIL	2,4,17,21	6592464f0a5c9f4c0c225dc775eba2a7d761fd8e9468de13ad328db269cfe853	False	False	False		XCBT	FCAXSX	TON	2026,2027	ZMTF7,ZMTH7,ZMTK6,ZMTN6
ZNC	91	ready_non_test	78	ZX	exact	78	ZINC FUTURES	4,17,21	d21acb34cc1857d77a01ba9c499b2dbce43ad125dec0afd933e79467e288747a	False	False	False		XCEC	FXXXSX	MTONS	2026,2027	ZNCF7,ZNCG7,ZNCH7,ZNCJ6
ZNCP1	7	synthetic_no_ready	84	06	exact	84	SYNTHETIC TREASURY SWAPS	2,4	bf10f1b3e23ad8320182b8dc97354d72ac617d87796ea55c0d14e6f5f2ae0fcc	True	True	False		XCBT	FCAXSX	IPNT	2099	ZNCP1Z99
ZNCPA	7	synthetic_no_ready	84	06	exact	84	SYNTHETIC TREASURY SWAPS	2,4	bf10f1b3e23ad8320182b8dc97354d72ac617d87796ea55c0d14e6f5f2ae0fcc	True	True	False		XCBT	FCAXSX	IPNT	2099	ZNCPAZ99
ZNS	7	ready_non_test	84	UT	exact	84	TAS ON 10YR NOTE FUTURES	2,4,17,21	9635c56fe1163fe61aa3ec0c64f7c8e9b654d1df76b298d7b726f73fa8ca4105	False	False	False		XCBT	FFDXSX	USD	2026	ZNSM6
ZQCP1	7	synthetic_no_ready	84	06	exact	84	SYNTHETIC TREASURY SWAPS	2,4	bf10f1b3e23ad8320182b8dc97354d72ac617d87796ea55c0d14e6f5f2ae0fcc	True	True	False		XCBT	FCAXSX	IPNT	2099	ZQCP1Z99
ZQCPA	7	synthetic_no_ready	84	06	exact	84	SYNTHETIC TREASURY SWAPS	2,4	bf10f1b3e23ad8320182b8dc97354d72ac617d87796ea55c0d14e6f5f2ae0fcc	True	True	False		XCBT	FCAXSX	IPNT	2099	ZQCPAZ99
ZSCP1	7	synthetic_no_ready	70	05	exact	70	SYNTHETIC CBOT/CME AGS	2,4	bf10f1b3e23ad8320182b8dc97354d72ac617d87796ea55c0d14e6f5f2ae0fcc	True	True	False		XCBT	FCAXSX	IPNT	2099	ZSCP1Z99
ZSCPA	7	synthetic_no_ready	70	05	exact	70	SYNTHETIC CBOT/CME AGS	2,4	bf10f1b3e23ad8320182b8dc97354d72ac617d87796ea55c0d14e6f5f2ae0fcc	True	True	False		XCBT	FCAXSX	IPNT	2099	ZSCPAZ99
ZTCP1	7	synthetic_no_ready	84	06	exact	84	SYNTHETIC TREASURY SWAPS	2,4	bf10f1b3e23ad8320182b8dc97354d72ac617d87796ea55c0d14e6f5f2ae0fcc	True	True	False		XCBT	FCAXSX	IPNT	2099	ZTCP1Z99
ZTCPA	7	synthetic_no_ready	84	06	exact	84	SYNTHETIC TREASURY SWAPS	2,4	bf10f1b3e23ad8320182b8dc97354d72ac617d87796ea55c0d14e6f5f2ae0fcc	True	True	False		XCBT	FCAXSX	IPNT	2099	ZTCPAZ99
ZTT	7	ready_non_test	84	AT	exact	84	TAS ON 2YR NOTE FUTURES	2,4,17,21	9635c56fe1163fe61aa3ec0c64f7c8e9b654d1df76b298d7b726f73fa8ca4105	False	False	False		XCBT	FFDXSX	USD	2026	ZTTM6
ZWC	7	synthetic_no_ready	70	05	exact	70	SYNTHETIC CBOT/CME AGS	2,4	bf10f1b3e23ad8320182b8dc97354d72ac617d87796ea55c0d14e6f5f2ae0fcc	False	False	False		XCBT	FCAXSX	BU	2026	ZWCZ6
ZWCP1	7	synthetic_no_ready	70	05	exact	70	SYNTHETIC CBOT/CME AGS	2,4	bf10f1b3e23ad8320182b8dc97354d72ac617d87796ea55c0d14e6f5f2ae0fcc	True	True	False		XCBT	FCAXSX	IPNT	2099	ZWCP1Z99
ZWCPA	7	synthetic_no_ready	70	05	exact	70	SYNTHETIC CBOT/CME AGS	2,4	bf10f1b3e23ad8320182b8dc97354d72ac617d87796ea55c0d14e6f5f2ae0fcc	True	True	False		XCBT	FCAXSX	IPNT	2099	ZWCPAZ99
ZWT	42	ready_non_test	70	TW	exact	70	TAS WHEAT (SRW/HRW)	2,4,17,21	6592464f0a5c9f4c0c225dc775eba2a7d761fd8e9468de13ad328db269cfe853	False	False	False		XCBT	FCAXSX	BU	2026,2027	ZWTH7,ZWTK6,ZWTK7,ZWTN6
ZXY	87	synthetic_no_ready	80	09	exact	80	SYNTHETIC CRUDE	2,4	bf10f1b3e23ad8320182b8dc97354d72ac617d87796ea55c0d14e6f5f2ae0fcc	False	False	False		XNYM	FCMXSX	BBL	2026,2027	ZXYF7,ZXYG7,ZXYH7,ZXYJ7
ZY6H	35	synthetic_no_ready	88	01	exact	88	SYNTHETIC GBP/AUD/JPY SPOT FX	2,4	bf10f1b3e23ad8320182b8dc97354d72ac617d87796ea55c0d14e6f5f2ae0fcc	False	False	False		XCME	FFCXSX	CNH	2026,2027	ZY6HH7,ZY6HM6,ZY6HM7,ZY6HU6
ZYAD	161	synthetic_no_ready	88	01	exact	88	SYNTHETIC GBP/AUD/JPY SPOT FX	2,4	bf10f1b3e23ad8320182b8dc97354d72ac617d87796ea55c0d14e6f5f2ae0fcc	False	False	False		XCME	FFCXSX	AUD	2026,2027,2028,2029,2030,2031	ZYADH0,ZYADH1,ZYADH7,ZYADH8
ZYBP	161	synthetic_no_ready	88	01	exact	88	SYNTHETIC GBP/AUD/JPY SPOT FX	2,4	bf10f1b3e23ad8320182b8dc97354d72ac617d87796ea55c0d14e6f5f2ae0fcc	False	False	False		XCME	FFCXSX	GBP	2026,2027,2028,2029,2030,2031	ZYBPH0,ZYBPH1,ZYBPH7,ZYBPH8
ZYBR	427	synthetic_no_ready	88	01	exact	88	SYNTHETIC GBP/AUD/JPY SPOT FX	2,4	bf10f1b3e23ad8320182b8dc97354d72ac617d87796ea55c0d14e6f5f2ae0fcc	False	False	False		XCME	FFCXSX	BRL	2026,2027,2028,2029,2030,2031	ZYBRF0,ZYBRF1,ZYBRF7,ZYBRF8
ZYC1	161	synthetic_no_ready	88	01	exact	88	SYNTHETIC GBP/AUD/JPY SPOT FX	2,4	bf10f1b3e23ad8320182b8dc97354d72ac617d87796ea55c0d14e6f5f2ae0fcc	False	False	False		XCME	FFCXSX	CAD	2026,2027,2028,2029,2030,2031	ZYC1H0,ZYC1H1,ZYC1H7,ZYC1H8
ZYE1	140	synthetic_no_ready	88	01	exact	88	SYNTHETIC GBP/AUD/JPY SPOT FX	2,4	bf10f1b3e23ad8320182b8dc97354d72ac617d87796ea55c0d14e6f5f2ae0fcc	False	False	False		XCME	FFCXSX	CHF	2026,2027,2028,2029,2030,2031	ZYE1H0,ZYE1H1,ZYE1H7,ZYE1H8
ZYEC	161	synthetic_no_ready	88	01	exact	88	SYNTHETIC GBP/AUD/JPY SPOT FX	2,4	bf10f1b3e23ad8320182b8dc97354d72ac617d87796ea55c0d14e6f5f2ae0fcc	False	False	False		XCME	FFCXSX	EUR	2026,2027,2028,2029,2030,2031	ZYECH0,ZYECH1,ZYECH7,ZYECH8
ZYJ1	161	synthetic_no_ready	88	01	exact	88	SYNTHETIC GBP/AUD/JPY SPOT FX	2,4	bf10f1b3e23ad8320182b8dc97354d72ac617d87796ea55c0d14e6f5f2ae0fcc	False	False	False		XCME	FFCXSX	JPY	2026,2027,2028,2029,2030,2031	ZYJ1H0,ZYJ1H1,ZYJ1H7,ZYJ1H8
ZYMP	105	synthetic_no_ready	88	01	exact	88	SYNTHETIC GBP/AUD/JPY SPOT FX	2,4	bf10f1b3e23ad8320182b8dc97354d72ac617d87796ea55c0d14e6f5f2ae0fcc	False	False	False		XCME	FFCXSX	MXN	2026,2027	ZYMPF7,ZYMPG7,ZYMPH7,ZYMPJ7
ZYNE	42	synthetic_no_ready	88	01	exact	88	SYNTHETIC GBP/AUD/JPY SPOT FX	2,4	bf10f1b3e23ad8320182b8dc97354d72ac617d87796ea55c0d14e6f5f2ae0fcc	False	False	False		XCME	FFCXSX	NZD	2026,2027	ZYNEH7,ZYNEM6,ZYNEM7,ZYNEU6
ZYRA	119	synthetic_no_ready	88	01	exact	88	SYNTHETIC GBP/AUD/JPY SPOT FX	2,4	bf10f1b3e23ad8320182b8dc97354d72ac617d87796ea55c0d14e6f5f2ae0fcc	False	False	False		XCME	FFCXSX	ZAR	2026,2027,2028	ZYRAF7,ZYRAG7,ZYRAH7,ZYRAH8
ZYRF	42	synthetic_no_ready	88	01	exact	88	SYNTHETIC GBP/AUD/JPY SPOT FX	2,4	bf10f1b3e23ad8320182b8dc97354d72ac617d87796ea55c0d14e6f5f2ae0fcc	False	False	False		XCME	FFCXSX	EUR	2026,2027	ZYRFH7,ZYRFM6,ZYRFM7,ZYRFU6
ZYRP	63	synthetic_no_ready	88	01	exact	88	SYNTHETIC GBP/AUD/JPY SPOT FX	2,4	bf10f1b3e23ad8320182b8dc97354d72ac617d87796ea55c0d14e6f5f2ae0fcc	False	False	False		XCME	FFCXSX	EUR	2026,2027	ZYRPH7,ZYRPK6,ZYRPM6,ZYRPM7
ZYRY	42	synthetic_no_ready	88	01	exact	88	SYNTHETIC GBP/AUD/JPY SPOT FX	2,4	bf10f1b3e23ad8320182b8dc97354d72ac617d87796ea55c0d14e6f5f2ae0fcc	False	False	False		XCME	FFCXSX	EUR	2026,2027	ZYRYH7,ZYRYM6,ZYRYM7,ZYRYU6
ZYSE	42	synthetic_no_ready	88	01	exact	88	SYNTHETIC GBP/AUD/JPY SPOT FX	2,4	bf10f1b3e23ad8320182b8dc97354d72ac617d87796ea55c0d14e6f5f2ae0fcc	False	False	False		XCME	FFCXSX	SEK	2026,2027	ZYSEH7,ZYSEM6,ZYSEM7,ZYSEU6
ZYSI	119	synthetic_no_ready	88	01	exact	88	SYNTHETIC GBP/AUD/JPY SPOT FX	2,4	bf10f1b3e23ad8320182b8dc97354d72ac617d87796ea55c0d14e6f5f2ae0fcc	False	False	False		XCME	FFCXSX	INR	2026,2027,2028	ZYSIF7,ZYSIG7,ZYSIH7,ZYSIH8
ZYUN	42	synthetic_no_ready	88	01	exact	88	SYNTHETIC GBP/AUD/JPY SPOT FX	2,4	bf10f1b3e23ad8320182b8dc97354d72ac617d87796ea55c0d14e6f5f2ae0fcc	False	False	False		XCME	FFCXSX	NOK	2026,2027	ZYUNH7,ZYUNM6,ZYUNM7,ZYUNU6
